customer_id,country,device,customer_type
CUST_00001,Germany,Mobile,New
CUST_00002,Ghana,Tablet,Returning
CUST_00003,Ghana,Tablet,New
CUST_00004,Germany,Mobile,Returning
CUST_00005,Germany,Tablet,Returning
CUST_00006,UK,Mobile,New
CUST_00007,Nigeria,Tablet,Returning
CUST_00008,Ghana,Tablet,New
CUST_00009,Nigeria,Desktop,Returning
CUST_00010,Nigeria,Tablet,New
CUST_00011,Germany,Desktop,Returning
CUST_00012,UK,Tablet,Returning
CUST_00013,Kenya,Mobile,New
CUST_00014,UK,Mobile,Returning
CUST_00015,UK,Tablet,New
CUST_00016,Nigeria,Tablet,Returning
CUST_00017,UK,Mobile,Returning
CUST_00018,Ghana,Tablet,New
CUST_00019,Nigeria,Desktop,Returning
CUST_00020,Ghana,Desktop,Returning
CUST_00021,Kenya,Desktop,New
CUST_00022,Nigeria,Desktop,Returning
CUST_00023,Kenya,Desktop,New
CUST_00024,Nigeria,Tablet,New
CUST_00025,Germany,Tablet,New
CUST_00026,UK,Desktop,Returning
CUST_00027,Germany,Tablet,Returning
CUST_00028,Kenya,Tablet,New
CUST_00029,UK,Desktop,Returning
CUST_00030,Nigeria,Tablet,New
CUST_00031,UK,Tablet,Returning
CUST_00032,Ghana,Tablet,New
CUST_00033,UK,Desktop,New
CUST_00034,Ghana,Tablet,Returning
CUST_00035,UK,Mobile,New
CUST_00036,Ghana,Mobile,New
CUST_00037,Kenya,Desktop,Returning
CUST_00038,Germany,Mobile,New
CUST_00039,Nigeria,Desktop,New
CUST_00040,UK,Mobile,Returning
CUST_00041,Germany,Mobile,New
CUST_00042,Nigeria,Mobile,New
CUST_00043,Nigeria,Desktop,New
CUST_00044,Ghana,Desktop,New
CUST_00045,Kenya,Tablet,New
CUST_00046,Kenya,Desktop,New
CUST_00047,Germany,Mobile,New
CUST_00048,Kenya,Mobile,New
CUST_00049,UK,Desktop,Returning
CUST_00050,Kenya,Desktop,New
CUST_00051,Germany,Desktop,New
CUST_00052,Kenya,Tablet,Returning
CUST_00053,UK,Mobile,New
CUST_00054,Ghana,Tablet,New
CUST_00055,Germany,Tablet,New
CUST_00056,Ghana,Mobile,New
CUST_00057,Ghana,Mobile,New
CUST_00058,Ghana,Desktop,New
CUST_00059,Nigeria,Desktop,Returning
CUST_00060,Nigeria,Tablet,Returning
CUST_00061,Ghana,Desktop,Returning
CUST_00062,Germany,Desktop,Returning
CUST_00063,UK,Mobile,Returning
CUST_00064,UK,Mobile,New
CUST_00065,Kenya,Desktop,New
CUST_00066,Germany,Mobile,New
CUST_00067,Nigeria,Desktop,New
CUST_00068,Ghana,Mobile,New
CUST_00069,Kenya,Mobile,Returning
CUST_00070,UK,Mobile,Returning
CUST_00071,Nigeria,Mobile,New
CUST_00072,Nigeria,Desktop,New
CUST_00073,Ghana,Tablet,New
CUST_00074,UK,Mobile,Returning
CUST_00075,Germany,Desktop,Returning
CUST_00076,Nigeria,Desktop,New
CUST_00077,Ghana,Mobile,Returning
CUST_00078,Germany,Tablet,New
CUST_00079,UK,Mobile,Returning
CUST_00080,Nigeria,Desktop,Returning
CUST_00081,Germany,Tablet,New
CUST_00082,Germany,Desktop,Returning
CUST_00083,Germany,Mobile,Returning
CUST_00084,Nigeria,Tablet,New
CUST_00085,Nigeria,Desktop,Returning
CUST_00086,Kenya,Desktop,New
CUST_00087,UK,Desktop,Returning
CUST_00088,Ghana,Mobile,New
CUST_00089,Germany,Tablet,New
CUST_00090,Kenya,Mobile,Returning
CUST_00091,Ghana,Mobile,Returning
CUST_00092,Kenya,Mobile,New
CUST_00093,Nigeria,Tablet,Returning
CUST_00094,Germany,Mobile,Returning
CUST_00095,Ghana,Mobile,Returning
CUST_00096,Ghana,Mobile,New
CUST_00097,Ghana,Mobile,New
CUST_00098,Ghana,Desktop,New
CUST_00099,Ghana,Mobile,Returning
CUST_00100,Kenya,Desktop,Returning
CUST_00101,Germany,Mobile,New
CUST_00102,Nigeria,Tablet,New
CUST_00103,Nigeria,Desktop,Returning
CUST_00104,Nigeria,Desktop,Returning
CUST_00105,Nigeria,Desktop,Returning
CUST_00106,Kenya,Desktop,Returning
CUST_00107,UK,Tablet,New
CUST_00108,Germany,Mobile,Returning
CUST_00109,Ghana,Desktop,Returning
CUST_00110,UK,Tablet,New
CUST_00111,Nigeria,Desktop,New
CUST_00112,UK,Mobile,Returning
CUST_00113,Germany,Desktop,New
CUST_00114,Ghana,Tablet,Returning
CUST_00115,Ghana,Mobile,Returning
CUST_00116,Germany,Tablet,New
CUST_00117,Germany,Mobile,New
CUST_00118,Nigeria,Mobile,Returning
CUST_00119,Ghana,Mobile,New
CUST_00120,UK,Desktop,Returning
CUST_00121,Kenya,Tablet,Returning
CUST_00122,Kenya,Tablet,Returning
CUST_00123,Germany,Tablet,New
CUST_00124,Nigeria,Mobile,Returning
CUST_00125,Kenya,Desktop,Returning
CUST_00126,Ghana,Mobile,Returning
CUST_00127,Germany,Tablet,New
CUST_00128,UK,Desktop,Returning
CUST_00129,Germany,Desktop,Returning
CUST_00130,UK,Desktop,Returning
CUST_00131,Germany,Tablet,New
CUST_00132,Germany,Desktop,Returning
CUST_00133,Germany,Desktop,Returning
CUST_00134,UK,Mobile,New
CUST_00135,UK,Mobile,New
CUST_00136,Germany,Desktop,Returning
CUST_00137,Kenya,Desktop,Returning
CUST_00138,Nigeria,Mobile,Returning
CUST_00139,Nigeria,Mobile,New
CUST_00140,Nigeria,Mobile,New
CUST_00141,UK,Tablet,Returning
CUST_00142,UK,Tablet,New
CUST_00143,Kenya,Mobile,Returning
CUST_00144,Nigeria,Desktop,Returning
CUST_00145,Nigeria,Mobile,New
CUST_00146,Germany,Tablet,Returning
CUST_00147,UK,Desktop,New
CUST_00148,Nigeria,Tablet,New
CUST_00149,Kenya,Desktop,Returning
CUST_00150,Kenya,Tablet,New
CUST_00151,Nigeria,Desktop,Returning
CUST_00152,UK,Desktop,New
CUST_00153,Kenya,Desktop,Returning
CUST_00154,Germany,Desktop,Returning
CUST_00155,Kenya,Tablet,Returning
CUST_00156,Ghana,Tablet,New
CUST_00157,Ghana,Desktop,Returning
CUST_00158,UK,Desktop,New
CUST_00159,Nigeria,Tablet,New
CUST_00160,UK,Desktop,New
CUST_00161,UK,Desktop,New
CUST_00162,UK,Desktop,New
CUST_00163,UK,Mobile,Returning
CUST_00164,Germany,Desktop,New
CUST_00165,Germany,Mobile,Returning
CUST_00166,Kenya,Desktop,Returning
CUST_00167,Ghana,Tablet,New
CUST_00168,UK,Mobile,Returning
CUST_00169,Kenya,Mobile,Returning
CUST_00170,Ghana,Desktop,New
CUST_00171,Nigeria,Desktop,Returning
CUST_00172,Germany,Mobile,New
CUST_00173,Ghana,Tablet,New
CUST_00174,Nigeria,Tablet,New
CUST_00175,Ghana,Desktop,Returning
CUST_00176,Germany,Tablet,Returning
CUST_00177,Germany,Tablet,Returning
CUST_00178,Kenya,Desktop,Returning
CUST_00179,UK,Tablet,New
CUST_00180,Ghana,Desktop,New
CUST_00181,Ghana,Mobile,Returning
CUST_00182,Nigeria,Desktop,New
CUST_00183,Germany,Mobile,Returning
CUST_00184,Ghana,Mobile,New
CUST_00185,Germany,Tablet,New
CUST_00186,Ghana,Tablet,New
CUST_00187,Kenya,Tablet,New
CUST_00188,UK,Desktop,New
CUST_00189,Ghana,Tablet,Returning
CUST_00190,Germany,Mobile,Returning
CUST_00191,Kenya,Tablet,New
CUST_00192,Ghana,Tablet,Returning
CUST_00193,Nigeria,Desktop,New
CUST_00194,UK,Desktop,New
CUST_00195,Ghana,Mobile,New
CUST_00196,Kenya,Desktop,New
CUST_00197,Nigeria,Tablet,Returning
CUST_00198,Kenya,Desktop,New
CUST_00199,Kenya,Mobile,Returning
CUST_00200,Nigeria,Tablet,New
CUST_00201,Kenya,Mobile,New
CUST_00202,Nigeria,Desktop,Returning
CUST_00203,Ghana,Desktop,New
CUST_00204,Nigeria,Mobile,New
CUST_00205,Nigeria,Tablet,Returning
CUST_00206,UK,Desktop,Returning
CUST_00207,Nigeria,Desktop,Returning
CUST_00208,Nigeria,Tablet,New
CUST_00209,Ghana,Desktop,New
CUST_00210,UK,Mobile,Returning
CUST_00211,Germany,Desktop,Returning
CUST_00212,Ghana,Desktop,New
CUST_00213,Ghana,Tablet,New
CUST_00214,Germany,Mobile,Returning
CUST_00215,Nigeria,Tablet,Returning
CUST_00216,Kenya,Desktop,Returning
CUST_00217,UK,Desktop,Returning
CUST_00218,Kenya,Tablet,New
CUST_00219,Germany,Tablet,New
CUST_00220,Ghana,Tablet,New
CUST_00221,Ghana,Mobile,New
CUST_00222,UK,Desktop,Returning
CUST_00223,Ghana,Tablet,New
CUST_00224,Ghana,Desktop,Returning
CUST_00225,UK,Mobile,New
CUST_00226,UK,Mobile,New
CUST_00227,Germany,Mobile,New
CUST_00228,Ghana,Mobile,Returning
CUST_00229,Ghana,Desktop,New
CUST_00230,Germany,Mobile,Returning
CUST_00231,Nigeria,Mobile,Returning
CUST_00232,Nigeria,Tablet,New
CUST_00233,Nigeria,Mobile,Returning
CUST_00234,Germany,Tablet,New
CUST_00235,Ghana,Mobile,Returning
CUST_00236,Germany,Mobile,New
CUST_00237,Germany,Tablet,Returning
CUST_00238,Nigeria,Mobile,Returning
CUST_00239,Kenya,Desktop,New
CUST_00240,Ghana,Desktop,New
CUST_00241,Nigeria,Mobile,New
CUST_00242,Kenya,Desktop,New
CUST_00243,Kenya,Tablet,Returning
CUST_00244,UK,Mobile,Returning
CUST_00245,Ghana,Mobile,Returning
CUST_00246,Kenya,Tablet,Returning
CUST_00247,Nigeria,Tablet,New
CUST_00248,UK,Tablet,Returning
CUST_00249,Ghana,Mobile,New
CUST_00250,Germany,Tablet,Returning
CUST_00251,Nigeria,Tablet,New
CUST_00252,Kenya,Desktop,New
CUST_00253,Kenya,Desktop,New
CUST_00254,Nigeria,Mobile,New
CUST_00255,Kenya,Desktop,New
CUST_00256,UK,Desktop,Returning
CUST_00257,Ghana,Tablet,New
CUST_00258,UK,Tablet,Returning
CUST_00259,Kenya,Desktop,Returning
CUST_00260,Germany,Desktop,New
CUST_00261,Ghana,Desktop,Returning
CUST_00262,Ghana,Mobile,Returning
CUST_00263,Nigeria,Mobile,Returning
CUST_00264,Nigeria,Mobile,New
CUST_00265,Germany,Desktop,New
CUST_00266,Ghana,Desktop,New
CUST_00267,Germany,Mobile,New
CUST_00268,Nigeria,Mobile,Returning
CUST_00269,Nigeria,Desktop,Returning
CUST_00270,Ghana,Tablet,Returning
CUST_00271,UK,Mobile,Returning
CUST_00272,Kenya,Desktop,Returning
CUST_00273,Nigeria,Desktop,Returning
CUST_00274,Nigeria,Tablet,New
CUST_00275,UK,Desktop,Returning
CUST_00276,UK,Desktop,Returning
CUST_00277,Germany,Mobile,Returning
CUST_00278,Germany,Mobile,New
CUST_00279,Kenya,Tablet,Returning
CUST_00280,Kenya,Tablet,Returning
CUST_00281,Ghana,Desktop,New
CUST_00282,Germany,Mobile,Returning
CUST_00283,Nigeria,Tablet,New
CUST_00284,Germany,Tablet,New
CUST_00285,Nigeria,Tablet,Returning
CUST_00286,UK,Desktop,Returning
CUST_00287,Germany,Mobile,New
CUST_00288,UK,Tablet,Returning
CUST_00289,Kenya,Mobile,Returning
CUST_00290,Kenya,Tablet,New
CUST_00291,Ghana,Tablet,New
CUST_00292,Germany,Mobile,Returning
CUST_00293,UK,Mobile,New
CUST_00294,Nigeria,Mobile,Returning
CUST_00295,Kenya,Desktop,Returning
CUST_00296,Kenya,Tablet,Returning
CUST_00297,Nigeria,Desktop,Returning
CUST_00298,UK,Mobile,New
CUST_00299,UK,Tablet,Returning
CUST_00300,Germany,Desktop,New
CUST_00301,Germany,Tablet,Returning
CUST_00302,Ghana,Desktop,Returning
CUST_00303,Kenya,Mobile,New
CUST_00304,Germany,Desktop,Returning
CUST_00305,UK,Tablet,New
CUST_00306,Nigeria,Tablet,New
CUST_00307,UK,Tablet,Returning
CUST_00308,Kenya,Tablet,Returning
CUST_00309,UK,Mobile,Returning
CUST_00310,Ghana,Desktop,Returning
CUST_00311,Kenya,Mobile,New
CUST_00312,Nigeria,Mobile,Returning
CUST_00313,Ghana,Mobile,Returning
CUST_00314,Kenya,Tablet,Returning
CUST_00315,Nigeria,Tablet,Returning
CUST_00316,Ghana,Tablet,Returning
CUST_00317,Ghana,Desktop,New
CUST_00318,Kenya,Tablet,Returning
CUST_00319,Germany,Desktop,New
CUST_00320,Ghana,Tablet,Returning
CUST_00321,Ghana,Tablet,Returning
CUST_00322,Nigeria,Mobile,Returning
CUST_00323,UK,Mobile,New
CUST_00324,Kenya,Mobile,Returning
CUST_00325,Kenya,Desktop,New
CUST_00326,Germany,Desktop,New
CUST_00327,Germany,Tablet,Returning
CUST_00328,Kenya,Desktop,New
CUST_00329,Germany,Tablet,Returning
CUST_00330,Nigeria,Desktop,Returning
CUST_00331,Kenya,Desktop,New
CUST_00332,Germany,Desktop,Returning
CUST_00333,Kenya,Mobile,Returning
CUST_00334,UK,Desktop,New
CUST_00335,Ghana,Mobile,New
CUST_00336,Kenya,Mobile,New
CUST_00337,Ghana,Desktop,New
CUST_00338,Germany,Tablet,New
CUST_00339,Ghana,Tablet,New
CUST_00340,Kenya,Tablet,Returning
CUST_00341,UK,Desktop,New
CUST_00342,Germany,Tablet,New
CUST_00343,Kenya,Mobile,Returning
CUST_00344,Germany,Tablet,Returning
CUST_00345,Nigeria,Desktop,New
CUST_00346,Ghana,Tablet,New
CUST_00347,Nigeria,Mobile,Returning
CUST_00348,Kenya,Desktop,New
CUST_00349,UK,Tablet,New
CUST_00350,Germany,Desktop,Returning
CUST_00351,Ghana,Desktop,New
CUST_00352,Germany,Desktop,Returning
CUST_00353,Kenya,Tablet,New
CUST_00354,Germany,Desktop,Returning
CUST_00355,Ghana,Tablet,Returning
CUST_00356,Kenya,Mobile,Returning
CUST_00357,Germany,Tablet,New
CUST_00358,UK,Mobile,Returning
CUST_00359,Kenya,Tablet,New
CUST_00360,Kenya,Desktop,Returning
CUST_00361,UK,Tablet,Returning
CUST_00362,Nigeria,Desktop,Returning
CUST_00363,Ghana,Mobile,New
CUST_00364,Nigeria,Tablet,New
CUST_00365,Germany,Desktop,Returning
CUST_00366,UK,Mobile,New
CUST_00367,Nigeria,Mobile,New
CUST_00368,Kenya,Tablet,New
CUST_00369,Germany,Mobile,Returning
CUST_00370,Germany,Desktop,New
CUST_00371,Nigeria,Mobile,Returning
CUST_00372,Nigeria,Mobile,Returning
CUST_00373,UK,Desktop,Returning
CUST_00374,Ghana,Mobile,New
CUST_00375,Nigeria,Mobile,Returning
CUST_00376,Nigeria,Mobile,New
CUST_00377,Kenya,Mobile,New
CUST_00378,Germany,Desktop,Returning
CUST_00379,Ghana,Mobile,Returning
CUST_00380,Kenya,Desktop,Returning
CUST_00381,UK,Mobile,New
CUST_00382,UK,Mobile,New
CUST_00383,Nigeria,Mobile,Returning
CUST_00384,Nigeria,Mobile,Returning
CUST_00385,UK,Desktop,New
CUST_00386,Nigeria,Desktop,New
CUST_00387,Ghana,Desktop,Returning
CUST_00388,Nigeria,Tablet,New
CUST_00389,Germany,Mobile,New
CUST_00390,Nigeria,Mobile,New
CUST_00391,Kenya,Desktop,New
CUST_00392,Ghana,Tablet,New
CUST_00393,Kenya,Mobile,New
CUST_00394,Kenya,Desktop,Returning
CUST_00395,Germany,Mobile,New
CUST_00396,Ghana,Mobile,Returning
CUST_00397,Ghana,Desktop,Returning
CUST_00398,Ghana,Desktop,New
CUST_00399,Ghana,Mobile,Returning
CUST_00400,Ghana,Mobile,Returning
CUST_00401,Germany,Desktop,Returning
CUST_00402,Nigeria,Mobile,New
CUST_00403,Kenya,Mobile,Returning
CUST_00404,Ghana,Desktop,New
CUST_00405,Nigeria,Mobile,Returning
CUST_00406,Nigeria,Mobile,Returning
CUST_00407,Kenya,Tablet,Returning
CUST_00408,Germany,Desktop,Returning
CUST_00409,UK,Tablet,New
CUST_00410,UK,Tablet,Returning
CUST_00411,Nigeria,Tablet,Returning
CUST_00412,Kenya,Mobile,New
CUST_00413,UK,Mobile,New
CUST_00414,Nigeria,Tablet,New
CUST_00415,Germany,Tablet,Returning
CUST_00416,UK,Tablet,New
CUST_00417,Nigeria,Mobile,New
CUST_00418,Nigeria,Tablet,New
CUST_00419,Ghana,Tablet,New
CUST_00420,Germany,Desktop,New
CUST_00421,Ghana,Desktop,New
CUST_00422,Kenya,Mobile,Returning
CUST_00423,Ghana,Desktop,New
CUST_00424,Ghana,Desktop,Returning
CUST_00425,UK,Desktop,New
CUST_00426,Nigeria,Mobile,New
CUST_00427,Germany,Desktop,New
CUST_00428,Ghana,Mobile,Returning
CUST_00429,Germany,Tablet,New
CUST_00430,Ghana,Desktop,New
CUST_00431,Kenya,Mobile,New
CUST_00432,Ghana,Desktop,New
CUST_00433,UK,Tablet,Returning
CUST_00434,Nigeria,Mobile,Returning
CUST_00435,Kenya,Mobile,Returning
CUST_00436,Ghana,Mobile,Returning
CUST_00437,Germany,Tablet,Returning
CUST_00438,Kenya,Tablet,New
CUST_00439,Kenya,Tablet,New
CUST_00440,Ghana,Mobile,New
CUST_00441,Kenya,Tablet,Returning
CUST_00442,Germany,Desktop,New
CUST_00443,Kenya,Tablet,Returning
CUST_00444,Germany,Mobile,New
CUST_00445,Ghana,Desktop,Returning
CUST_00446,Nigeria,Tablet,New
CUST_00447,Kenya,Desktop,New
CUST_00448,Nigeria,Desktop,New
CUST_00449,Germany,Mobile,New
CUST_00450,Kenya,Desktop,Returning
CUST_00451,UK,Desktop,New
CUST_00452,Nigeria,Mobile,New
CUST_00453,Kenya,Mobile,New
CUST_00454,Nigeria,Mobile,Returning
CUST_00455,Kenya,Desktop,New
CUST_00456,Ghana,Desktop,New
CUST_00457,Nigeria,Desktop,New
CUST_00458,UK,Mobile,New
CUST_00459,UK,Tablet,New
CUST_00460,Germany,Desktop,Returning
CUST_00461,Kenya,Tablet,Returning
CUST_00462,Nigeria,Mobile,Returning
CUST_00463,Germany,Desktop,New
CUST_00464,Nigeria,Tablet,Returning
CUST_00465,Kenya,Desktop,New
CUST_00466,UK,Desktop,New
CUST_00467,Ghana,Desktop,New
CUST_00468,UK,Tablet,New
CUST_00469,Germany,Mobile,Returning
CUST_00470,Ghana,Desktop,Returning
CUST_00471,Germany,Mobile,Returning
CUST_00472,Kenya,Mobile,New
CUST_00473,Ghana,Tablet,Returning
CUST_00474,Germany,Tablet,Returning
CUST_00475,Kenya,Mobile,New
CUST_00476,UK,Desktop,Returning
CUST_00477,Kenya,Tablet,New
CUST_00478,Nigeria,Desktop,Returning
CUST_00479,Kenya,Desktop,Returning
CUST_00480,Kenya,Desktop,Returning
CUST_00481,Nigeria,Mobile,New
CUST_00482,Germany,Desktop,Returning
CUST_00483,Germany,Mobile,Returning
CUST_00484,Kenya,Mobile,Returning
CUST_00485,Nigeria,Desktop,Returning
CUST_00486,Nigeria,Desktop,New
CUST_00487,UK,Desktop,New
CUST_00488,Germany,Desktop,Returning
CUST_00489,Ghana,Mobile,Returning
CUST_00490,Germany,Desktop,Returning
CUST_00491,Germany,Desktop,New
CUST_00492,UK,Mobile,Returning
CUST_00493,Ghana,Tablet,Returning
CUST_00494,UK,Tablet,New
CUST_00495,Ghana,Mobile,New
CUST_00496,Kenya,Tablet,New
CUST_00497,Ghana,Mobile,Returning
CUST_00498,UK,Desktop,New
CUST_00499,Germany,Desktop,New
CUST_00500,Ghana,Tablet,Returning
CUST_00501,Ghana,Desktop,New
CUST_00502,Nigeria,Tablet,Returning
CUST_00503,Germany,Tablet,Returning
CUST_00504,Kenya,Desktop,New
CUST_00505,UK,Desktop,Returning
CUST_00506,Kenya,Tablet,New
CUST_00507,Germany,Desktop,New
CUST_00508,Ghana,Mobile,New
CUST_00509,Ghana,Desktop,Returning
CUST_00510,Germany,Desktop,New
CUST_00511,Ghana,Mobile,Returning
CUST_00512,Ghana,Desktop,Returning
CUST_00513,Ghana,Desktop,Returning
CUST_00514,UK,Tablet,New
CUST_00515,UK,Desktop,Returning
CUST_00516,Nigeria,Desktop,Returning
CUST_00517,Kenya,Mobile,New
CUST_00518,Germany,Tablet,New
CUST_00519,Germany,Tablet,Returning
CUST_00520,Germany,Tablet,Returning
CUST_00521,Nigeria,Desktop,New
CUST_00522,UK,Tablet,Returning
CUST_00523,Nigeria,Mobile,Returning
CUST_00524,Germany,Tablet,Returning
CUST_00525,Kenya,Mobile,Returning
CUST_00526,Ghana,Tablet,New
CUST_00527,UK,Tablet,Returning
CUST_00528,UK,Mobile,New
CUST_00529,Nigeria,Tablet,Returning
CUST_00530,UK,Tablet,New
CUST_00531,Germany,Tablet,Returning
CUST_00532,Germany,Desktop,New
CUST_00533,Nigeria,Mobile,Returning
CUST_00534,Germany,Tablet,New
CUST_00535,Kenya,Mobile,Returning
CUST_00536,Nigeria,Mobile,Returning
CUST_00537,Kenya,Mobile,New
CUST_00538,Ghana,Tablet,New
CUST_00539,Kenya,Tablet,New
CUST_00540,Ghana,Mobile,New
CUST_00541,Ghana,Desktop,New
CUST_00542,Kenya,Mobile,Returning
CUST_00543,Nigeria,Desktop,New
CUST_00544,Germany,Mobile,New
CUST_00545,Germany,Mobile,Returning
CUST_00546,Ghana,Mobile,New
CUST_00547,Ghana,Tablet,New
CUST_00548,Nigeria,Desktop,New
CUST_00549,UK,Desktop,Returning
CUST_00550,Kenya,Mobile,New
CUST_00551,Ghana,Tablet,Returning
CUST_00552,Germany,Tablet,Returning
CUST_00553,Nigeria,Desktop,New
CUST_00554,Kenya,Tablet,Returning
CUST_00555,Nigeria,Desktop,New
CUST_00556,Kenya,Desktop,New
CUST_00557,Kenya,Desktop,New
CUST_00558,Ghana,Tablet,New
CUST_00559,Nigeria,Desktop,New
CUST_00560,Nigeria,Desktop,Returning
CUST_00561,Germany,Mobile,Returning
CUST_00562,Germany,Desktop,Returning
CUST_00563,Ghana,Desktop,Returning
CUST_00564,Ghana,Mobile,New
CUST_00565,UK,Mobile,New
CUST_00566,Germany,Tablet,Returning
CUST_00567,Kenya,Desktop,New
CUST_00568,Nigeria,Tablet,Returning
CUST_00569,Ghana,Tablet,Returning
CUST_00570,Nigeria,Mobile,Returning
CUST_00571,Nigeria,Tablet,Returning
CUST_00572,UK,Desktop,New
CUST_00573,Germany,Mobile,New
CUST_00574,Ghana,Desktop,Returning
CUST_00575,Nigeria,Desktop,Returning
CUST_00576,Ghana,Mobile,Returning
CUST_00577,Kenya,Desktop,Returning
CUST_00578,UK,Mobile,Returning
CUST_00579,Kenya,Desktop,New
CUST_00580,Ghana,Mobile,Returning
CUST_00581,Ghana,Tablet,Returning
CUST_00582,Germany,Desktop,New
CUST_00583,Nigeria,Mobile,New
CUST_00584,Nigeria,Desktop,New
CUST_00585,Kenya,Desktop,New
CUST_00586,UK,Desktop,New
CUST_00587,Nigeria,Mobile,New
CUST_00588,Germany,Tablet,New
CUST_00589,Kenya,Tablet,New
CUST_00590,Kenya,Tablet,New
CUST_00591,Germany,Mobile,Returning
CUST_00592,UK,Tablet,New
CUST_00593,Germany,Mobile,Returning
CUST_00594,UK,Desktop,Returning
CUST_00595,Germany,Desktop,Returning
CUST_00596,Germany,Tablet,Returning
CUST_00597,Ghana,Mobile,Returning
CUST_00598,Kenya,Desktop,Returning
CUST_00599,Germany,Mobile,Returning
CUST_00600,Germany,Mobile,Returning
CUST_00601,Nigeria,Desktop,New
CUST_00602,Kenya,Mobile,Returning
CUST_00603,Nigeria,Desktop,Returning
CUST_00604,Kenya,Desktop,Returning
CUST_00605,Nigeria,Desktop,Returning
CUST_00606,Germany,Mobile,New
CUST_00607,Germany,Desktop,Returning
CUST_00608,Ghana,Mobile,New
CUST_00609,Nigeria,Desktop,New
CUST_00610,UK,Desktop,Returning
CUST_00611,Ghana,Tablet,Returning
CUST_00612,Nigeria,Tablet,New
CUST_00613,Nigeria,Tablet,Returning
CUST_00614,Ghana,Mobile,Returning
CUST_00615,Germany,Mobile,New
CUST_00616,Nigeria,Desktop,New
CUST_00617,Germany,Desktop,Returning
CUST_00618,Ghana,Desktop,Returning
CUST_00619,Germany,Desktop,Returning
CUST_00620,Kenya,Mobile,New
CUST_00621,UK,Desktop,Returning
CUST_00622,Nigeria,Desktop,New
CUST_00623,UK,Tablet,New
CUST_00624,Germany,Desktop,Returning
CUST_00625,Nigeria,Desktop,New
CUST_00626,Germany,Desktop,Returning
CUST_00627,Kenya,Mobile,Returning
CUST_00628,Ghana,Tablet,New
CUST_00629,Nigeria,Desktop,Returning
CUST_00630,Kenya,Desktop,New
CUST_00631,Kenya,Tablet,New
CUST_00632,Nigeria,Desktop,Returning
CUST_00633,Germany,Mobile,Returning
CUST_00634,Kenya,Desktop,Returning
CUST_00635,UK,Mobile,Returning
CUST_00636,Kenya,Mobile,New
CUST_00637,Germany,Desktop,New
CUST_00638,Germany,Tablet,New
CUST_00639,UK,Mobile,Returning
CUST_00640,Kenya,Tablet,New
CUST_00641,Germany,Desktop,New
CUST_00642,Nigeria,Mobile,Returning
CUST_00643,Ghana,Desktop,Returning
CUST_00644,Ghana,Tablet,Returning
CUST_00645,Ghana,Desktop,New
CUST_00646,Kenya,Desktop,Returning
CUST_00647,UK,Mobile,New
CUST_00648,Germany,Desktop,New
CUST_00649,Nigeria,Desktop,New
CUST_00650,Nigeria,Desktop,New
CUST_00651,Kenya,Mobile,New
CUST_00652,Ghana,Tablet,Returning
CUST_00653,Kenya,Tablet,New
CUST_00654,UK,Desktop,Returning
CUST_00655,UK,Mobile,New
CUST_00656,Germany,Desktop,New
CUST_00657,Germany,Tablet,Returning
CUST_00658,UK,Mobile,New
CUST_00659,UK,Tablet,New
CUST_00660,UK,Tablet,Returning
CUST_00661,Kenya,Mobile,Returning
CUST_00662,UK,Mobile,New
CUST_00663,Nigeria,Desktop,New
CUST_00664,Ghana,Desktop,New
CUST_00665,UK,Tablet,Returning
CUST_00666,Ghana,Mobile,New
CUST_00667,Kenya,Mobile,Returning
CUST_00668,Ghana,Desktop,Returning
CUST_00669,Kenya,Tablet,New
CUST_00670,Nigeria,Tablet,Returning
CUST_00671,Kenya,Desktop,New
CUST_00672,Kenya,Mobile,New
CUST_00673,Germany,Desktop,Returning
CUST_00674,UK,Desktop,Returning
CUST_00675,UK,Desktop,Returning
CUST_00676,Nigeria,Desktop,Returning
CUST_00677,Nigeria,Mobile,Returning
CUST_00678,UK,Desktop,Returning
CUST_00679,Germany,Mobile,New
CUST_00680,UK,Desktop,New
CUST_00681,Germany,Tablet,New
CUST_00682,Nigeria,Mobile,Returning
CUST_00683,Ghana,Tablet,Returning
CUST_00684,Nigeria,Desktop,Returning
CUST_00685,Nigeria,Desktop,New
CUST_00686,Kenya,Desktop,New
CUST_00687,Kenya,Mobile,Returning
CUST_00688,Kenya,Tablet,Returning
CUST_00689,Kenya,Mobile,Returning
CUST_00690,Germany,Mobile,Returning
CUST_00691,UK,Desktop,New
CUST_00692,Ghana,Tablet,New
CUST_00693,Nigeria,Desktop,New
CUST_00694,Germany,Mobile,Returning
CUST_00695,Ghana,Desktop,New
CUST_00696,Germany,Tablet,Returning
CUST_00697,Germany,Desktop,Returning
CUST_00698,Nigeria,Tablet,Returning
CUST_00699,UK,Tablet,New
CUST_00700,Kenya,Desktop,New
CUST_00701,UK,Mobile,Returning
CUST_00702,Nigeria,Desktop,New
CUST_00703,Nigeria,Mobile,Returning
CUST_00704,Nigeria,Mobile,Returning
CUST_00705,Ghana,Desktop,Returning
CUST_00706,UK,Mobile,New
CUST_00707,UK,Mobile,New
CUST_00708,Germany,Desktop,Returning
CUST_00709,Germany,Desktop,New
CUST_00710,Germany,Desktop,New
CUST_00711,Nigeria,Mobile,New
CUST_00712,UK,Tablet,New
CUST_00713,Nigeria,Mobile,Returning
CUST_00714,Ghana,Tablet,New
CUST_00715,Germany,Desktop,Returning
CUST_00716,Nigeria,Tablet,Returning
CUST_00717,Nigeria,Desktop,New
CUST_00718,Ghana,Desktop,Returning
CUST_00719,Kenya,Tablet,Returning
CUST_00720,UK,Desktop,New
CUST_00721,Kenya,Tablet,Returning
CUST_00722,Germany,Desktop,Returning
CUST_00723,Nigeria,Mobile,New
CUST_00724,Ghana,Mobile,New
CUST_00725,Ghana,Desktop,New
CUST_00726,UK,Desktop,New
CUST_00727,Kenya,Tablet,New
CUST_00728,UK,Mobile,Returning
CUST_00729,Nigeria,Tablet,Returning
CUST_00730,UK,Desktop,New
CUST_00731,Ghana,Desktop,New
CUST_00732,Ghana,Tablet,Returning
CUST_00733,Germany,Desktop,New
CUST_00734,Germany,Mobile,New
CUST_00735,Nigeria,Tablet,Returning
CUST_00736,Kenya,Mobile,Returning
CUST_00737,UK,Mobile,Returning
CUST_00738,Nigeria,Mobile,New
CUST_00739,Germany,Tablet,Returning
CUST_00740,UK,Desktop,New
CUST_00741,Germany,Mobile,Returning
CUST_00742,UK,Mobile,New
CUST_00743,Kenya,Mobile,New
CUST_00744,Nigeria,Desktop,New
CUST_00745,UK,Desktop,Returning
CUST_00746,Ghana,Tablet,Returning
CUST_00747,Ghana,Desktop,Returning
CUST_00748,UK,Tablet,New
CUST_00749,UK,Tablet,Returning
CUST_00750,UK,Tablet,Returning
CUST_00751,Ghana,Tablet,New
CUST_00752,Ghana,Tablet,New
CUST_00753,UK,Mobile,Returning
CUST_00754,Germany,Desktop,Returning
CUST_00755,Germany,Mobile,Returning
CUST_00756,Kenya,Tablet,New
CUST_00757,Nigeria,Desktop,Returning
CUST_00758,Germany,Mobile,New
CUST_00759,Ghana,Mobile,New
CUST_00760,Germany,Tablet,Returning
CUST_00761,Kenya,Mobile,Returning
CUST_00762,Kenya,Mobile,New
CUST_00763,Nigeria,Mobile,New
CUST_00764,Germany,Mobile,Returning
CUST_00765,Ghana,Mobile,Returning
CUST_00766,Ghana,Tablet,Returning
CUST_00767,UK,Tablet,New
CUST_00768,Ghana,Mobile,New
CUST_00769,Nigeria,Tablet,Returning
CUST_00770,Nigeria,Tablet,New
CUST_00771,Ghana,Desktop,New
CUST_00772,Ghana,Mobile,Returning
CUST_00773,UK,Tablet,New
CUST_00774,Ghana,Tablet,Returning
CUST_00775,UK,Mobile,Returning
CUST_00776,UK,Desktop,New
CUST_00777,Ghana,Mobile,New
CUST_00778,Kenya,Desktop,Returning
CUST_00779,Kenya,Mobile,New
CUST_00780,UK,Mobile,Returning
CUST_00781,Ghana,Mobile,New
CUST_00782,Kenya,Mobile,New
CUST_00783,Ghana,Desktop,New
CUST_00784,Ghana,Desktop,Returning
CUST_00785,Ghana,Tablet,New
CUST_00786,Germany,Mobile,Returning
CUST_00787,Ghana,Desktop,Returning
CUST_00788,Germany,Desktop,Returning
CUST_00789,UK,Desktop,New
CUST_00790,Kenya,Mobile,Returning
CUST_00791,Kenya,Tablet,Returning
CUST_00792,Kenya,Desktop,New
CUST_00793,Kenya,Mobile,Returning
CUST_00794,Kenya,Desktop,Returning
CUST_00795,Kenya,Desktop,New
CUST_00796,Kenya,Tablet,Returning
CUST_00797,UK,Desktop,New
CUST_00798,Ghana,Desktop,Returning
CUST_00799,Nigeria,Mobile,Returning
CUST_00800,Germany,Mobile,New
CUST_00801,Nigeria,Tablet,Returning
CUST_00802,Nigeria,Mobile,Returning
CUST_00803,Ghana,Mobile,Returning
CUST_00804,Ghana,Tablet,New
CUST_00805,Ghana,Desktop,New
CUST_00806,Kenya,Tablet,New
CUST_00807,UK,Mobile,New
CUST_00808,Kenya,Tablet,New
CUST_00809,UK,Desktop,Returning
CUST_00810,UK,Tablet,New
CUST_00811,Nigeria,Mobile,New
CUST_00812,Nigeria,Mobile,New
CUST_00813,UK,Tablet,Returning
CUST_00814,UK,Desktop,Returning
CUST_00815,Kenya,Tablet,New
CUST_00816,Kenya,Desktop,Returning
CUST_00817,Nigeria,Desktop,Returning
CUST_00818,Ghana,Tablet,Returning
CUST_00819,UK,Desktop,Returning
CUST_00820,Kenya,Mobile,New
CUST_00821,Nigeria,Tablet,New
CUST_00822,Kenya,Desktop,Returning
CUST_00823,UK,Mobile,Returning
CUST_00824,UK,Tablet,Returning
CUST_00825,Germany,Mobile,Returning
CUST_00826,Ghana,Mobile,New
CUST_00827,Germany,Mobile,Returning
CUST_00828,Nigeria,Desktop,New
CUST_00829,Kenya,Tablet,Returning
CUST_00830,Nigeria,Tablet,New
CUST_00831,UK,Desktop,Returning
CUST_00832,Germany,Tablet,New
CUST_00833,Germany,Mobile,New
CUST_00834,Germany,Tablet,New
CUST_00835,Nigeria,Desktop,Returning
CUST_00836,UK,Mobile,New
CUST_00837,Kenya,Desktop,Returning
CUST_00838,Kenya,Mobile,New
CUST_00839,Nigeria,Mobile,New
CUST_00840,Germany,Tablet,Returning
CUST_00841,Ghana,Mobile,New
CUST_00842,Nigeria,Desktop,Returning
CUST_00843,Nigeria,Tablet,Returning
CUST_00844,UK,Desktop,Returning
CUST_00845,Kenya,Mobile,Returning
CUST_00846,Nigeria,Desktop,New
CUST_00847,Nigeria,Desktop,New
CUST_00848,Germany,Mobile,Returning
CUST_00849,Germany,Tablet,New
CUST_00850,Ghana,Desktop,New
CUST_00851,UK,Mobile,Returning
CUST_00852,Ghana,Tablet,New
CUST_00853,Germany,Tablet,Returning
CUST_00854,Kenya,Tablet,New
CUST_00855,Germany,Desktop,New
CUST_00856,UK,Desktop,Returning
CUST_00857,Germany,Desktop,New
CUST_00858,UK,Tablet,New
CUST_00859,UK,Desktop,Returning
CUST_00860,UK,Mobile,New
CUST_00861,UK,Desktop,Returning
CUST_00862,UK,Desktop,New
CUST_00863,Kenya,Tablet,Returning
CUST_00864,Ghana,Desktop,Returning
CUST_00865,Nigeria,Mobile,Returning
CUST_00866,Ghana,Tablet,Returning
CUST_00867,UK,Mobile,Returning
CUST_00868,Kenya,Tablet,New
CUST_00869,Germany,Tablet,New
CUST_00870,Kenya,Desktop,Returning
CUST_00871,UK,Mobile,New
CUST_00872,Kenya,Tablet,Returning
CUST_00873,Kenya,Desktop,New
CUST_00874,UK,Tablet,New
CUST_00875,Kenya,Tablet,Returning
CUST_00876,Nigeria,Tablet,Returning
CUST_00877,Nigeria,Tablet,New
CUST_00878,Kenya,Tablet,New
CUST_00879,Germany,Tablet,Returning
CUST_00880,UK,Desktop,New
CUST_00881,Nigeria,Tablet,New
CUST_00882,Germany,Mobile,Returning
CUST_00883,Kenya,Desktop,New
CUST_00884,Germany,Mobile,Returning
CUST_00885,Ghana,Tablet,Returning
CUST_00886,Nigeria,Mobile,Returning
CUST_00887,Kenya,Tablet,New
CUST_00888,UK,Tablet,New
CUST_00889,Kenya,Desktop,Returning
CUST_00890,UK,Desktop,Returning
CUST_00891,Kenya,Tablet,New
CUST_00892,Germany,Desktop,New
CUST_00893,Germany,Mobile,New
CUST_00894,Germany,Desktop,Returning
CUST_00895,Ghana,Desktop,Returning
CUST_00896,UK,Mobile,New
CUST_00897,Germany,Desktop,New
CUST_00898,Ghana,Tablet,New
CUST_00899,UK,Mobile,Returning
CUST_00900,Kenya,Tablet,Returning
CUST_00901,Ghana,Mobile,New
CUST_00902,Nigeria,Tablet,New
CUST_00903,Ghana,Tablet,Returning
CUST_00904,Ghana,Desktop,Returning
CUST_00905,UK,Tablet,New
CUST_00906,Kenya,Desktop,New
CUST_00907,Nigeria,Mobile,New
CUST_00908,Germany,Tablet,Returning
CUST_00909,Germany,Tablet,New
CUST_00910,Ghana,Mobile,Returning
CUST_00911,UK,Mobile,Returning
CUST_00912,UK,Tablet,New
CUST_00913,Germany,Mobile,New
CUST_00914,Nigeria,Desktop,Returning
CUST_00915,Kenya,Mobile,New
CUST_00916,Nigeria,Mobile,Returning
CUST_00917,Kenya,Tablet,New
CUST_00918,Germany,Desktop,New
CUST_00919,Kenya,Mobile,New
CUST_00920,UK,Desktop,New
CUST_00921,Ghana,Desktop,Returning
CUST_00922,Ghana,Desktop,Returning
CUST_00923,Germany,Tablet,Returning
CUST_00924,UK,Mobile,New
CUST_00925,Nigeria,Tablet,Returning
CUST_00926,UK,Mobile,Returning
CUST_00927,Ghana,Mobile,Returning
CUST_00928,Ghana,Tablet,New
CUST_00929,UK,Desktop,Returning
CUST_00930,UK,Desktop,New
CUST_00931,Ghana,Mobile,New
CUST_00932,Nigeria,Tablet,Returning
CUST_00933,Germany,Desktop,New
CUST_00934,Germany,Desktop,Returning
CUST_00935,UK,Mobile,Returning
CUST_00936,Germany,Mobile,Returning
CUST_00937,Ghana,Tablet,Returning
CUST_00938,Ghana,Mobile,Returning
CUST_00939,UK,Desktop,New
CUST_00940,UK,Desktop,Returning
CUST_00941,UK,Desktop,New
CUST_00942,Nigeria,Desktop,Returning
CUST_00943,Germany,Tablet,Returning
CUST_00944,UK,Tablet,Returning
CUST_00945,Kenya,Mobile,New
CUST_00946,Kenya,Mobile,New
CUST_00947,Ghana,Mobile,New
CUST_00948,Germany,Tablet,New
CUST_00949,UK,Desktop,Returning
CUST_00950,Kenya,Mobile,Returning
CUST_00951,Germany,Desktop,New
CUST_00952,Ghana,Mobile,New
CUST_00953,Nigeria,Mobile,New
CUST_00954,Germany,Mobile,Returning
CUST_00955,Germany,Mobile,New
CUST_00956,Nigeria,Mobile,New
CUST_00957,Germany,Desktop,Returning
CUST_00958,Ghana,Mobile,New
CUST_00959,Ghana,Desktop,Returning
CUST_00960,Nigeria,Tablet,Returning
CUST_00961,UK,Mobile,Returning
CUST_00962,Kenya,Desktop,Returning
CUST_00963,UK,Tablet,Returning
CUST_00964,Germany,Tablet,New
CUST_00965,Kenya,Tablet,New
CUST_00966,Nigeria,Desktop,Returning
CUST_00967,Nigeria,Mobile,Returning
CUST_00968,Kenya,Mobile,New
CUST_00969,Ghana,Desktop,New
CUST_00970,Kenya,Mobile,Returning
CUST_00971,Germany,Desktop,New
CUST_00972,Ghana,Mobile,New
CUST_00973,Nigeria,Tablet,Returning
CUST_00974,Kenya,Mobile,New
CUST_00975,UK,Desktop,New
CUST_00976,UK,Desktop,New
CUST_00977,Germany,Tablet,New
CUST_00978,UK,Desktop,Returning
CUST_00979,Kenya,Mobile,New
CUST_00980,Kenya,Mobile,Returning
CUST_00981,UK,Tablet,New
CUST_00982,Kenya,Desktop,Returning
CUST_00983,Germany,Tablet,Returning
CUST_00984,Ghana,Mobile,New
CUST_00985,Germany,Tablet,Returning
CUST_00986,Germany,Desktop,Returning
CUST_00987,Kenya,Tablet,Returning
CUST_00988,Ghana,Desktop,Returning
CUST_00989,Kenya,Desktop,Returning
CUST_00990,Nigeria,Mobile,New
CUST_00991,Kenya,Mobile,Returning
CUST_00992,Kenya,Mobile,Returning
CUST_00993,Kenya,Desktop,New
CUST_00994,Ghana,Tablet,New
CUST_00995,Kenya,Desktop,Returning
CUST_00996,Ghana,Mobile,New
CUST_00997,UK,Mobile,New
CUST_00998,Nigeria,Tablet,New
CUST_00999,Ghana,Mobile,New
CUST_01000,UK,Mobile,New
CUST_01001,Ghana,Mobile,New
CUST_01002,Ghana,Tablet,Returning
CUST_01003,Nigeria,Desktop,Returning
CUST_01004,Germany,Mobile,New
CUST_01005,Germany,Tablet,New
CUST_01006,Ghana,Mobile,Returning
CUST_01007,Kenya,Tablet,New
CUST_01008,UK,Mobile,Returning
CUST_01009,Kenya,Tablet,New
CUST_01010,Kenya,Mobile,Returning
CUST_01011,Ghana,Desktop,Returning
CUST_01012,Ghana,Mobile,New
CUST_01013,Ghana,Tablet,New
CUST_01014,Ghana,Mobile,New
CUST_01015,Germany,Desktop,New
CUST_01016,Ghana,Mobile,Returning
CUST_01017,Germany,Tablet,New
CUST_01018,Germany,Tablet,Returning
CUST_01019,Ghana,Desktop,New
CUST_01020,Nigeria,Tablet,Returning
CUST_01021,UK,Mobile,New
CUST_01022,Kenya,Mobile,New
CUST_01023,Germany,Mobile,Returning
CUST_01024,UK,Tablet,New
CUST_01025,Nigeria,Mobile,New
CUST_01026,Kenya,Mobile,New
CUST_01027,Kenya,Mobile,New
CUST_01028,Germany,Desktop,New
CUST_01029,Ghana,Tablet,Returning
CUST_01030,Nigeria,Tablet,New
CUST_01031,Germany,Tablet,Returning
CUST_01032,Nigeria,Desktop,New
CUST_01033,Ghana,Tablet,New
CUST_01034,Ghana,Desktop,Returning
CUST_01035,Germany,Desktop,Returning
CUST_01036,Ghana,Tablet,Returning
CUST_01037,UK,Mobile,Returning
CUST_01038,Kenya,Mobile,Returning
CUST_01039,Germany,Tablet,New
CUST_01040,Nigeria,Tablet,Returning
CUST_01041,UK,Desktop,Returning
CUST_01042,Germany,Tablet,New
CUST_01043,Ghana,Desktop,New
CUST_01044,Ghana,Tablet,Returning
CUST_01045,Ghana,Mobile,Returning
CUST_01046,Ghana,Mobile,Returning
CUST_01047,Nigeria,Tablet,New
CUST_01048,UK,Desktop,Returning
CUST_01049,Kenya,Mobile,New
CUST_01050,Nigeria,Desktop,New
CUST_01051,Nigeria,Tablet,New
CUST_01052,Kenya,Tablet,New
CUST_01053,Kenya,Mobile,Returning
CUST_01054,Ghana,Tablet,New
CUST_01055,Nigeria,Mobile,New
CUST_01056,Germany,Desktop,Returning
CUST_01057,Kenya,Mobile,New
CUST_01058,Kenya,Mobile,Returning
CUST_01059,UK,Desktop,New
CUST_01060,Germany,Mobile,Returning
CUST_01061,Germany,Mobile,New
CUST_01062,Kenya,Tablet,New
CUST_01063,Ghana,Desktop,Returning
CUST_01064,UK,Mobile,New
CUST_01065,Germany,Desktop,New
CUST_01066,Kenya,Desktop,Returning
CUST_01067,Germany,Mobile,New
CUST_01068,UK,Tablet,New
CUST_01069,UK,Desktop,Returning
CUST_01070,Nigeria,Mobile,Returning
CUST_01071,Kenya,Desktop,Returning
CUST_01072,UK,Tablet,Returning
CUST_01073,Nigeria,Tablet,Returning
CUST_01074,Nigeria,Tablet,New
CUST_01075,Germany,Mobile,Returning
CUST_01076,Germany,Mobile,New
CUST_01077,Nigeria,Tablet,Returning
CUST_01078,Germany,Mobile,New
CUST_01079,UK,Tablet,New
CUST_01080,Ghana,Mobile,Returning
CUST_01081,UK,Tablet,New
CUST_01082,Nigeria,Desktop,New
CUST_01083,Nigeria,Tablet,Returning
CUST_01084,UK,Tablet,Returning
CUST_01085,Germany,Mobile,Returning
CUST_01086,Germany,Mobile,Returning
CUST_01087,Nigeria,Mobile,New
CUST_01088,Kenya,Mobile,New
CUST_01089,Germany,Mobile,New
CUST_01090,UK,Mobile,New
CUST_01091,Germany,Desktop,New
CUST_01092,UK,Tablet,New
CUST_01093,Nigeria,Tablet,Returning
CUST_01094,Germany,Tablet,New
CUST_01095,UK,Desktop,New
CUST_01096,Nigeria,Tablet,New
CUST_01097,Kenya,Desktop,Returning
CUST_01098,UK,Desktop,Returning
CUST_01099,Kenya,Desktop,Returning
CUST_01100,Kenya,Tablet,Returning
CUST_01101,Ghana,Desktop,New
CUST_01102,Germany,Tablet,New
CUST_01103,UK,Tablet,New
CUST_01104,Kenya,Mobile,Returning
CUST_01105,Ghana,Mobile,New
CUST_01106,Nigeria,Desktop,New
CUST_01107,UK,Desktop,New
CUST_01108,Kenya,Tablet,Returning
CUST_01109,Germany,Desktop,Returning
CUST_01110,Ghana,Desktop,Returning
CUST_01111,Kenya,Tablet,New
CUST_01112,Germany,Desktop,New
CUST_01113,Kenya,Desktop,New
CUST_01114,UK,Tablet,New
CUST_01115,UK,Tablet,Returning
CUST_01116,UK,Mobile,New
CUST_01117,Ghana,Tablet,Returning
CUST_01118,UK,Mobile,New
CUST_01119,Germany,Desktop,Returning
CUST_01120,Kenya,Tablet,New
CUST_01121,Nigeria,Tablet,New
CUST_01122,Germany,Tablet,Returning
CUST_01123,Germany,Desktop,Returning
CUST_01124,UK,Mobile,New
CUST_01125,Ghana,Desktop,New
CUST_01126,Kenya,Desktop,New
CUST_01127,Ghana,Tablet,Returning
CUST_01128,Kenya,Mobile,New
CUST_01129,Kenya,Desktop,Returning
CUST_01130,Ghana,Tablet,New
CUST_01131,Germany,Desktop,New
CUST_01132,Kenya,Desktop,New
CUST_01133,Ghana,Tablet,New
CUST_01134,Kenya,Tablet,Returning
CUST_01135,Nigeria,Mobile,Returning
CUST_01136,Germany,Desktop,New
CUST_01137,UK,Tablet,New
CUST_01138,Kenya,Tablet,New
CUST_01139,Nigeria,Mobile,Returning
CUST_01140,UK,Mobile,New
CUST_01141,UK,Tablet,Returning
CUST_01142,Kenya,Mobile,Returning
CUST_01143,Ghana,Tablet,Returning
CUST_01144,Kenya,Desktop,Returning
CUST_01145,Nigeria,Mobile,New
CUST_01146,UK,Desktop,New
CUST_01147,Kenya,Desktop,Returning
CUST_01148,Ghana,Desktop,New
CUST_01149,Kenya,Tablet,New
CUST_01150,Germany,Desktop,New
CUST_01151,Ghana,Desktop,Returning
CUST_01152,Nigeria,Desktop,New
CUST_01153,UK,Tablet,New
CUST_01154,Kenya,Desktop,New
CUST_01155,Ghana,Desktop,New
CUST_01156,Germany,Mobile,New
CUST_01157,Ghana,Tablet,New
CUST_01158,Germany,Desktop,New
CUST_01159,Nigeria,Mobile,New
CUST_01160,UK,Tablet,New
CUST_01161,Nigeria,Tablet,New
CUST_01162,Kenya,Tablet,Returning
CUST_01163,Ghana,Tablet,New
CUST_01164,Germany,Tablet,Returning
CUST_01165,Germany,Tablet,New
CUST_01166,Ghana,Desktop,Returning
CUST_01167,Ghana,Desktop,Returning
CUST_01168,Kenya,Desktop,New
CUST_01169,Nigeria,Desktop,Returning
CUST_01170,Germany,Mobile,Returning
CUST_01171,Kenya,Desktop,Returning
CUST_01172,Nigeria,Tablet,New
CUST_01173,Kenya,Desktop,Returning
CUST_01174,Germany,Desktop,Returning
CUST_01175,Ghana,Tablet,New
CUST_01176,Ghana,Desktop,Returning
CUST_01177,Nigeria,Desktop,Returning
CUST_01178,UK,Desktop,Returning
CUST_01179,Nigeria,Mobile,New
CUST_01180,UK,Desktop,Returning
CUST_01181,Kenya,Tablet,New
CUST_01182,Kenya,Tablet,Returning
CUST_01183,Germany,Desktop,Returning
CUST_01184,UK,Desktop,Returning
CUST_01185,Germany,Desktop,Returning
CUST_01186,Ghana,Tablet,New
CUST_01187,UK,Tablet,Returning
CUST_01188,Nigeria,Mobile,New
CUST_01189,Ghana,Mobile,Returning
CUST_01190,Ghana,Mobile,New
CUST_01191,Nigeria,Tablet,Returning
CUST_01192,Ghana,Mobile,Returning
CUST_01193,UK,Desktop,New
CUST_01194,Germany,Desktop,New
CUST_01195,Ghana,Tablet,New
CUST_01196,UK,Mobile,New
CUST_01197,Kenya,Desktop,Returning
CUST_01198,UK,Tablet,New
CUST_01199,Germany,Mobile,New
CUST_01200,UK,Desktop,New
CUST_01201,Nigeria,Mobile,Returning
CUST_01202,Germany,Tablet,Returning
CUST_01203,Kenya,Mobile,Returning
CUST_01204,Nigeria,Tablet,Returning
CUST_01205,UK,Mobile,New
CUST_01206,Germany,Desktop,Returning
CUST_01207,Kenya,Tablet,New
CUST_01208,Nigeria,Tablet,Returning
CUST_01209,Kenya,Tablet,New
CUST_01210,UK,Mobile,New
CUST_01211,Kenya,Mobile,New
CUST_01212,Ghana,Desktop,New
CUST_01213,Nigeria,Tablet,New
CUST_01214,Kenya,Tablet,Returning
CUST_01215,UK,Mobile,New
CUST_01216,UK,Mobile,New
CUST_01217,Kenya,Desktop,New
CUST_01218,UK,Desktop,New
CUST_01219,Germany,Mobile,Returning
CUST_01220,Germany,Tablet,Returning
CUST_01221,Germany,Desktop,New
CUST_01222,Ghana,Mobile,New
CUST_01223,Kenya,Mobile,New
CUST_01224,Ghana,Tablet,New
CUST_01225,UK,Mobile,Returning
CUST_01226,Ghana,Mobile,Returning
CUST_01227,UK,Desktop,New
CUST_01228,UK,Mobile,New
CUST_01229,Nigeria,Mobile,New
CUST_01230,Germany,Desktop,New
CUST_01231,UK,Tablet,New
CUST_01232,Nigeria,Tablet,Returning
CUST_01233,Germany,Desktop,Returning
CUST_01234,UK,Desktop,New
CUST_01235,UK,Tablet,Returning
CUST_01236,Ghana,Tablet,Returning
CUST_01237,Ghana,Tablet,Returning
CUST_01238,Germany,Tablet,New
CUST_01239,UK,Tablet,Returning
CUST_01240,Kenya,Desktop,Returning
CUST_01241,Ghana,Mobile,New
CUST_01242,Germany,Tablet,Returning
CUST_01243,UK,Tablet,New
CUST_01244,UK,Mobile,Returning
CUST_01245,Kenya,Mobile,New
CUST_01246,Germany,Mobile,New
CUST_01247,UK,Mobile,Returning
CUST_01248,Ghana,Mobile,Returning
CUST_01249,Kenya,Mobile,New
CUST_01250,Germany,Desktop,New
CUST_01251,Kenya,Mobile,Returning
CUST_01252,Ghana,Mobile,Returning
CUST_01253,Germany,Desktop,Returning
CUST_01254,Kenya,Mobile,Returning
CUST_01255,Nigeria,Tablet,New
CUST_01256,Ghana,Tablet,New
CUST_01257,Ghana,Mobile,New
CUST_01258,Ghana,Desktop,Returning
CUST_01259,Nigeria,Tablet,Returning
CUST_01260,Nigeria,Desktop,New
CUST_01261,UK,Tablet,New
CUST_01262,Kenya,Mobile,New
CUST_01263,UK,Desktop,New
CUST_01264,Kenya,Desktop,New
CUST_01265,Nigeria,Desktop,New
CUST_01266,Nigeria,Tablet,Returning
CUST_01267,UK,Tablet,New
CUST_01268,Germany,Tablet,New
CUST_01269,UK,Mobile,New
CUST_01270,Kenya,Tablet,New
CUST_01271,UK,Mobile,New
CUST_01272,Ghana,Desktop,New
CUST_01273,Kenya,Desktop,New
CUST_01274,Kenya,Mobile,Returning
CUST_01275,Germany,Tablet,New
CUST_01276,Nigeria,Mobile,Returning
CUST_01277,Kenya,Desktop,Returning
CUST_01278,Nigeria,Desktop,Returning
CUST_01279,UK,Mobile,New
CUST_01280,Ghana,Tablet,New
CUST_01281,Germany,Tablet,New
CUST_01282,Nigeria,Mobile,New
CUST_01283,Kenya,Mobile,New
CUST_01284,Nigeria,Tablet,New
CUST_01285,Kenya,Desktop,New
CUST_01286,Nigeria,Mobile,New
CUST_01287,Kenya,Tablet,New
CUST_01288,UK,Tablet,New
CUST_01289,Kenya,Desktop,Returning
CUST_01290,Kenya,Desktop,New
CUST_01291,Ghana,Desktop,New
CUST_01292,Kenya,Desktop,New
CUST_01293,Ghana,Desktop,Returning
CUST_01294,Germany,Mobile,New
CUST_01295,Ghana,Tablet,New
CUST_01296,UK,Mobile,Returning
CUST_01297,Ghana,Mobile,New
CUST_01298,Germany,Mobile,Returning
CUST_01299,UK,Mobile,Returning
CUST_01300,Nigeria,Mobile,Returning
CUST_01301,Nigeria,Desktop,Returning
CUST_01302,Ghana,Desktop,New
CUST_01303,Ghana,Tablet,Returning
CUST_01304,Germany,Mobile,Returning
CUST_01305,Germany,Tablet,New
CUST_01306,Kenya,Desktop,New
CUST_01307,Germany,Desktop,New
CUST_01308,Kenya,Desktop,Returning
CUST_01309,UK,Mobile,New
CUST_01310,Ghana,Mobile,Returning
CUST_01311,UK,Desktop,Returning
CUST_01312,Germany,Tablet,New
CUST_01313,UK,Tablet,New
CUST_01314,UK,Desktop,New
CUST_01315,UK,Tablet,New
CUST_01316,Germany,Desktop,New
CUST_01317,UK,Tablet,New
CUST_01318,Kenya,Desktop,Returning
CUST_01319,Germany,Tablet,Returning
CUST_01320,UK,Mobile,New
CUST_01321,Germany,Desktop,Returning
CUST_01322,Nigeria,Desktop,Returning
CUST_01323,Kenya,Tablet,Returning
CUST_01324,UK,Desktop,Returning
CUST_01325,Nigeria,Desktop,Returning
CUST_01326,Nigeria,Desktop,Returning
CUST_01327,Germany,Mobile,New
CUST_01328,Nigeria,Mobile,New
CUST_01329,Kenya,Tablet,New
CUST_01330,Kenya,Mobile,Returning
CUST_01331,Ghana,Tablet,New
CUST_01332,Kenya,Mobile,New
CUST_01333,Nigeria,Tablet,New
CUST_01334,Kenya,Mobile,Returning
CUST_01335,Germany,Mobile,New
CUST_01336,Ghana,Tablet,Returning
CUST_01337,Nigeria,Desktop,New
CUST_01338,Ghana,Desktop,New
CUST_01339,Nigeria,Mobile,New
CUST_01340,Germany,Tablet,Returning
CUST_01341,Ghana,Desktop,Returning
CUST_01342,UK,Tablet,Returning
CUST_01343,Nigeria,Desktop,Returning
CUST_01344,UK,Tablet,Returning
CUST_01345,Ghana,Mobile,New
CUST_01346,UK,Tablet,New
CUST_01347,UK,Desktop,Returning
CUST_01348,Ghana,Mobile,Returning
CUST_01349,Germany,Tablet,New
CUST_01350,UK,Desktop,Returning
CUST_01351,UK,Mobile,New
CUST_01352,Germany,Tablet,Returning
CUST_01353,UK,Desktop,New
CUST_01354,UK,Tablet,Returning
CUST_01355,UK,Tablet,Returning
CUST_01356,Kenya,Mobile,New
CUST_01357,Germany,Mobile,New
CUST_01358,UK,Desktop,Returning
CUST_01359,Germany,Mobile,Returning
CUST_01360,Nigeria,Desktop,New
CUST_01361,Nigeria,Tablet,Returning
CUST_01362,UK,Tablet,New
CUST_01363,Germany,Desktop,New
CUST_01364,Germany,Tablet,Returning
CUST_01365,Germany,Mobile,New
CUST_01366,Kenya,Tablet,New
CUST_01367,Nigeria,Mobile,Returning
CUST_01368,Germany,Desktop,New
CUST_01369,Germany,Desktop,New
CUST_01370,Kenya,Tablet,New
CUST_01371,Kenya,Tablet,New
CUST_01372,Germany,Mobile,Returning
CUST_01373,Ghana,Mobile,New
CUST_01374,Germany,Tablet,Returning
CUST_01375,Germany,Tablet,New
CUST_01376,Kenya,Desktop,Returning
CUST_01377,Kenya,Desktop,New
CUST_01378,Germany,Desktop,Returning
CUST_01379,Germany,Tablet,New
CUST_01380,Germany,Tablet,New
CUST_01381,Kenya,Tablet,New
CUST_01382,Germany,Desktop,New
CUST_01383,Germany,Tablet,Returning
CUST_01384,UK,Mobile,Returning
CUST_01385,Ghana,Tablet,New
CUST_01386,Nigeria,Tablet,Returning
CUST_01387,Ghana,Tablet,New
CUST_01388,UK,Tablet,New
CUST_01389,Nigeria,Tablet,Returning
CUST_01390,Germany,Mobile,Returning
CUST_01391,UK,Mobile,Returning
CUST_01392,Germany,Tablet,New
CUST_01393,Kenya,Desktop,New
CUST_01394,UK,Tablet,Returning
CUST_01395,Kenya,Tablet,New
CUST_01396,UK,Tablet,Returning
CUST_01397,UK,Desktop,Returning
CUST_01398,Kenya,Desktop,Returning
CUST_01399,Nigeria,Desktop,Returning
CUST_01400,Ghana,Mobile,Returning
CUST_01401,Germany,Desktop,Returning
CUST_01402,UK,Mobile,New
CUST_01403,Germany,Mobile,New
CUST_01404,Kenya,Desktop,Returning
CUST_01405,Germany,Desktop,Returning
CUST_01406,Kenya,Desktop,Returning
CUST_01407,Germany,Mobile,New
CUST_01408,Ghana,Tablet,Returning
CUST_01409,Ghana,Desktop,Returning
CUST_01410,Ghana,Desktop,Returning
CUST_01411,Ghana,Desktop,New
CUST_01412,Ghana,Mobile,Returning
CUST_01413,Ghana,Mobile,New
CUST_01414,Kenya,Tablet,New
CUST_01415,UK,Desktop,Returning
CUST_01416,Germany,Mobile,New
CUST_01417,Ghana,Tablet,New
CUST_01418,Kenya,Desktop,New
CUST_01419,Kenya,Mobile,Returning
CUST_01420,Kenya,Desktop,New
CUST_01421,UK,Desktop,Returning
CUST_01422,Germany,Mobile,Returning
CUST_01423,UK,Mobile,Returning
CUST_01424,Nigeria,Mobile,New
CUST_01425,Kenya,Desktop,Returning
CUST_01426,Nigeria,Desktop,New
CUST_01427,Ghana,Tablet,New
CUST_01428,Ghana,Desktop,New
CUST_01429,UK,Mobile,New
CUST_01430,Germany,Desktop,Returning
CUST_01431,Nigeria,Tablet,Returning
CUST_01432,Germany,Tablet,New
CUST_01433,UK,Mobile,Returning
CUST_01434,Ghana,Mobile,Returning
CUST_01435,Germany,Tablet,Returning
CUST_01436,Germany,Tablet,New
CUST_01437,Ghana,Tablet,Returning
CUST_01438,Nigeria,Mobile,New
CUST_01439,Ghana,Tablet,Returning
CUST_01440,Germany,Tablet,New
CUST_01441,Nigeria,Mobile,New
CUST_01442,Nigeria,Desktop,New
CUST_01443,Ghana,Desktop,Returning
CUST_01444,Germany,Tablet,New
CUST_01445,UK,Desktop,Returning
CUST_01446,Germany,Desktop,New
CUST_01447,Kenya,Desktop,Returning
CUST_01448,UK,Desktop,New
CUST_01449,Nigeria,Tablet,Returning
CUST_01450,UK,Desktop,New
CUST_01451,Nigeria,Desktop,New
CUST_01452,Nigeria,Mobile,New
CUST_01453,UK,Tablet,Returning
CUST_01454,Nigeria,Mobile,New
CUST_01455,Nigeria,Mobile,New
CUST_01456,Kenya,Tablet,New
CUST_01457,Germany,Desktop,New
CUST_01458,Germany,Mobile,Returning
CUST_01459,Kenya,Tablet,New
CUST_01460,UK,Desktop,New
CUST_01461,Ghana,Tablet,Returning
CUST_01462,Ghana,Mobile,Returning
CUST_01463,Ghana,Desktop,Returning
CUST_01464,Kenya,Desktop,New
CUST_01465,Kenya,Tablet,Returning
CUST_01466,Nigeria,Desktop,Returning
CUST_01467,Ghana,Mobile,Returning
CUST_01468,UK,Mobile,New
CUST_01469,UK,Mobile,New
CUST_01470,Ghana,Tablet,New
CUST_01471,Ghana,Desktop,Returning
CUST_01472,Ghana,Desktop,New
CUST_01473,Kenya,Desktop,Returning
CUST_01474,Kenya,Mobile,Returning
CUST_01475,Kenya,Desktop,Returning
CUST_01476,Germany,Mobile,New
CUST_01477,UK,Desktop,Returning
CUST_01478,UK,Mobile,Returning
CUST_01479,Nigeria,Desktop,New
CUST_01480,Kenya,Tablet,Returning
CUST_01481,Germany,Tablet,Returning
CUST_01482,Germany,Mobile,Returning
CUST_01483,UK,Mobile,New
CUST_01484,Kenya,Desktop,Returning
CUST_01485,Nigeria,Desktop,New
CUST_01486,Kenya,Tablet,New
CUST_01487,Ghana,Desktop,Returning
CUST_01488,Kenya,Mobile,Returning
CUST_01489,Ghana,Mobile,Returning
CUST_01490,Ghana,Mobile,Returning
CUST_01491,Nigeria,Mobile,New
CUST_01492,UK,Mobile,New
CUST_01493,Kenya,Tablet,Returning
CUST_01494,Ghana,Tablet,New
CUST_01495,Kenya,Mobile,Returning
CUST_01496,UK,Desktop,Returning
CUST_01497,UK,Mobile,Returning
CUST_01498,Germany,Tablet,Returning
CUST_01499,UK,Mobile,New
CUST_01500,Nigeria,Tablet,New
CUST_01501,Ghana,Tablet,Returning
CUST_01502,Germany,Mobile,Returning
CUST_01503,Nigeria,Mobile,New
CUST_01504,Kenya,Desktop,New
CUST_01505,Ghana,Tablet,New
CUST_01506,UK,Desktop,Returning
CUST_01507,Ghana,Mobile,New
CUST_01508,Kenya,Tablet,Returning
CUST_01509,Germany,Desktop,Returning
CUST_01510,Germany,Desktop,New
CUST_01511,Germany,Desktop,Returning
CUST_01512,UK,Mobile,New
CUST_01513,Nigeria,Mobile,Returning
CUST_01514,Nigeria,Mobile,Returning
CUST_01515,Ghana,Tablet,Returning
CUST_01516,UK,Mobile,Returning
CUST_01517,Germany,Tablet,Returning
CUST_01518,Germany,Desktop,Returning
CUST_01519,Kenya,Desktop,New
CUST_01520,Kenya,Mobile,New
CUST_01521,Germany,Desktop,Returning
CUST_01522,Germany,Mobile,New
CUST_01523,UK,Tablet,Returning
CUST_01524,Nigeria,Desktop,New
CUST_01525,Kenya,Mobile,New
CUST_01526,Nigeria,Desktop,Returning
CUST_01527,UK,Desktop,New
CUST_01528,Germany,Mobile,Returning
CUST_01529,Nigeria,Desktop,New
CUST_01530,Germany,Desktop,Returning
CUST_01531,Germany,Desktop,New
CUST_01532,Ghana,Desktop,Returning
CUST_01533,Nigeria,Tablet,New
CUST_01534,Nigeria,Desktop,Returning
CUST_01535,Germany,Desktop,New
CUST_01536,UK,Mobile,Returning
CUST_01537,Ghana,Tablet,New
CUST_01538,Germany,Mobile,Returning
CUST_01539,Kenya,Mobile,New
CUST_01540,Kenya,Mobile,Returning
CUST_01541,Ghana,Tablet,Returning
CUST_01542,UK,Mobile,Returning
CUST_01543,Germany,Mobile,Returning
CUST_01544,Nigeria,Mobile,New
CUST_01545,Ghana,Desktop,New
CUST_01546,UK,Mobile,New
CUST_01547,Nigeria,Tablet,Returning
CUST_01548,Kenya,Tablet,Returning
CUST_01549,Kenya,Desktop,Returning
CUST_01550,Nigeria,Tablet,Returning
CUST_01551,Ghana,Tablet,Returning
CUST_01552,Kenya,Desktop,New
CUST_01553,Germany,Mobile,New
CUST_01554,Nigeria,Desktop,New
CUST_01555,Nigeria,Mobile,Returning
CUST_01556,Kenya,Mobile,Returning
CUST_01557,Ghana,Tablet,Returning
CUST_01558,Germany,Desktop,Returning
CUST_01559,Ghana,Tablet,Returning
CUST_01560,UK,Tablet,Returning
CUST_01561,UK,Mobile,Returning
CUST_01562,Kenya,Tablet,New
CUST_01563,Kenya,Desktop,New
CUST_01564,Kenya,Tablet,Returning
CUST_01565,UK,Tablet,Returning
CUST_01566,Ghana,Mobile,Returning
CUST_01567,Ghana,Desktop,New
CUST_01568,Kenya,Tablet,New
CUST_01569,Germany,Mobile,Returning
CUST_01570,Ghana,Tablet,New
CUST_01571,UK,Desktop,New
CUST_01572,Nigeria,Tablet,New
CUST_01573,Nigeria,Tablet,Returning
CUST_01574,Nigeria,Mobile,New
CUST_01575,Germany,Tablet,New
CUST_01576,Kenya,Mobile,Returning
CUST_01577,UK,Desktop,Returning
CUST_01578,Germany,Tablet,New
CUST_01579,UK,Desktop,Returning
CUST_01580,UK,Desktop,New
CUST_01581,Kenya,Tablet,New
CUST_01582,Nigeria,Mobile,Returning
CUST_01583,Kenya,Desktop,Returning
CUST_01584,Germany,Desktop,New
CUST_01585,Germany,Tablet,Returning
CUST_01586,Germany,Tablet,Returning
CUST_01587,Kenya,Tablet,New
CUST_01588,UK,Tablet,New
CUST_01589,UK,Tablet,New
CUST_01590,Ghana,Tablet,New
CUST_01591,Germany,Mobile,New
CUST_01592,UK,Desktop,New
CUST_01593,Ghana,Mobile,Returning
CUST_01594,UK,Mobile,Returning
CUST_01595,Germany,Tablet,New
CUST_01596,Nigeria,Desktop,Returning
CUST_01597,Germany,Mobile,Returning
CUST_01598,Kenya,Tablet,New
CUST_01599,UK,Tablet,Returning
CUST_01600,UK,Desktop,Returning
CUST_01601,Kenya,Mobile,New
CUST_01602,Kenya,Mobile,Returning
CUST_01603,Nigeria,Mobile,Returning
CUST_01604,UK,Tablet,New
CUST_01605,UK,Desktop,Returning
CUST_01606,Nigeria,Desktop,Returning
CUST_01607,Ghana,Mobile,Returning
CUST_01608,Nigeria,Tablet,New
CUST_01609,Germany,Mobile,New
CUST_01610,UK,Desktop,Returning
CUST_01611,Kenya,Tablet,Returning
CUST_01612,Germany,Mobile,New
CUST_01613,UK,Mobile,New
CUST_01614,Nigeria,Tablet,Returning
CUST_01615,Germany,Desktop,New
CUST_01616,UK,Tablet,Returning
CUST_01617,Ghana,Mobile,Returning
CUST_01618,Ghana,Mobile,New
CUST_01619,Kenya,Mobile,New
CUST_01620,UK,Mobile,Returning
CUST_01621,Ghana,Desktop,Returning
CUST_01622,Nigeria,Desktop,New
CUST_01623,UK,Mobile,Returning
CUST_01624,Nigeria,Desktop,New
CUST_01625,Nigeria,Desktop,New
CUST_01626,Ghana,Desktop,New
CUST_01627,UK,Mobile,New
CUST_01628,Germany,Tablet,New
CUST_01629,Ghana,Tablet,Returning
CUST_01630,Ghana,Tablet,New
CUST_01631,UK,Mobile,New
CUST_01632,UK,Desktop,New
CUST_01633,Nigeria,Desktop,New
CUST_01634,UK,Mobile,New
CUST_01635,Nigeria,Mobile,New
CUST_01636,Ghana,Tablet,New
CUST_01637,Kenya,Tablet,Returning
CUST_01638,Germany,Mobile,Returning
CUST_01639,Ghana,Tablet,Returning
CUST_01640,UK,Desktop,Returning
CUST_01641,Germany,Mobile,New
CUST_01642,Kenya,Mobile,Returning
CUST_01643,Kenya,Desktop,New
CUST_01644,Nigeria,Desktop,Returning
CUST_01645,Germany,Desktop,Returning
CUST_01646,Nigeria,Tablet,New
CUST_01647,Ghana,Mobile,New
CUST_01648,Germany,Tablet,Returning
CUST_01649,Ghana,Desktop,Returning
CUST_01650,Nigeria,Tablet,Returning
CUST_01651,Germany,Desktop,Returning
CUST_01652,Nigeria,Tablet,New
CUST_01653,Germany,Tablet,Returning
CUST_01654,Nigeria,Desktop,Returning
CUST_01655,Kenya,Tablet,Returning
CUST_01656,Nigeria,Mobile,Returning
CUST_01657,Kenya,Tablet,Returning
CUST_01658,Nigeria,Tablet,New
CUST_01659,Germany,Mobile,New
CUST_01660,Germany,Desktop,New
CUST_01661,Germany,Mobile,New
CUST_01662,UK,Tablet,New
CUST_01663,Ghana,Desktop,Returning
CUST_01664,Germany,Tablet,New
CUST_01665,Kenya,Tablet,New
CUST_01666,Germany,Mobile,Returning
CUST_01667,UK,Mobile,New
CUST_01668,Kenya,Desktop,New
CUST_01669,UK,Desktop,New
CUST_01670,Kenya,Desktop,New
CUST_01671,Nigeria,Tablet,Returning
CUST_01672,Ghana,Mobile,Returning
CUST_01673,Ghana,Mobile,New
CUST_01674,UK,Mobile,Returning
CUST_01675,Ghana,Desktop,New
CUST_01676,UK,Mobile,Returning
CUST_01677,UK,Mobile,Returning
CUST_01678,UK,Mobile,Returning
CUST_01679,Ghana,Desktop,Returning
CUST_01680,UK,Mobile,Returning
CUST_01681,Ghana,Desktop,Returning
CUST_01682,UK,Mobile,Returning
CUST_01683,Germany,Mobile,Returning
CUST_01684,UK,Mobile,Returning
CUST_01685,Kenya,Desktop,Returning
CUST_01686,UK,Desktop,Returning
CUST_01687,Nigeria,Mobile,New
CUST_01688,UK,Tablet,Returning
CUST_01689,Kenya,Desktop,New
CUST_01690,Kenya,Desktop,Returning
CUST_01691,Ghana,Mobile,New
CUST_01692,Germany,Tablet,New
CUST_01693,UK,Mobile,New
CUST_01694,Ghana,Desktop,Returning
CUST_01695,Germany,Desktop,Returning
CUST_01696,UK,Mobile,Returning
CUST_01697,Nigeria,Mobile,Returning
CUST_01698,UK,Tablet,New
CUST_01699,Kenya,Tablet,Returning
CUST_01700,Kenya,Desktop,Returning
CUST_01701,Nigeria,Tablet,Returning
CUST_01702,Ghana,Tablet,Returning
CUST_01703,Germany,Desktop,Returning
CUST_01704,UK,Desktop,Returning
CUST_01705,Kenya,Desktop,Returning
CUST_01706,Ghana,Desktop,Returning
CUST_01707,Nigeria,Mobile,New
CUST_01708,Kenya,Desktop,New
CUST_01709,Nigeria,Desktop,Returning
CUST_01710,UK,Desktop,Returning
CUST_01711,Germany,Tablet,Returning
CUST_01712,Kenya,Desktop,Returning
CUST_01713,Kenya,Mobile,New
CUST_01714,UK,Mobile,New
CUST_01715,Ghana,Desktop,Returning
CUST_01716,Germany,Mobile,New
CUST_01717,Kenya,Tablet,New
CUST_01718,Germany,Desktop,Returning
CUST_01719,Kenya,Mobile,Returning
CUST_01720,Germany,Mobile,Returning
CUST_01721,Nigeria,Desktop,New
CUST_01722,Kenya,Mobile,New
CUST_01723,Germany,Desktop,Returning
CUST_01724,Ghana,Mobile,Returning
CUST_01725,Nigeria,Tablet,New
CUST_01726,Nigeria,Mobile,New
CUST_01727,Ghana,Mobile,Returning
CUST_01728,Germany,Desktop,New
CUST_01729,UK,Mobile,Returning
CUST_01730,Ghana,Desktop,Returning
CUST_01731,Germany,Tablet,New
CUST_01732,Ghana,Desktop,New
CUST_01733,Ghana,Desktop,New
CUST_01734,Kenya,Mobile,Returning
CUST_01735,Germany,Tablet,Returning
CUST_01736,UK,Desktop,Returning
CUST_01737,Kenya,Mobile,Returning
CUST_01738,Ghana,Mobile,Returning
CUST_01739,Ghana,Desktop,Returning
CUST_01740,Ghana,Mobile,New
CUST_01741,Germany,Desktop,Returning
CUST_01742,Germany,Desktop,Returning
CUST_01743,Kenya,Desktop,Returning
CUST_01744,UK,Tablet,Returning
CUST_01745,Kenya,Desktop,New
CUST_01746,Nigeria,Mobile,Returning
CUST_01747,Ghana,Tablet,New
CUST_01748,Ghana,Mobile,New
CUST_01749,Ghana,Tablet,Returning
CUST_01750,Kenya,Tablet,Returning
CUST_01751,Kenya,Tablet,New
CUST_01752,Ghana,Tablet,New
CUST_01753,Kenya,Mobile,Returning
CUST_01754,Germany,Desktop,New
CUST_01755,Germany,Mobile,Returning
CUST_01756,Kenya,Desktop,Returning
CUST_01757,Ghana,Mobile,New
CUST_01758,Kenya,Tablet,Returning
CUST_01759,Kenya,Tablet,Returning
CUST_01760,Kenya,Desktop,Returning
CUST_01761,Nigeria,Desktop,New
CUST_01762,Germany,Mobile,New
CUST_01763,UK,Desktop,New
CUST_01764,UK,Mobile,Returning
CUST_01765,Nigeria,Desktop,New
CUST_01766,Kenya,Desktop,New
CUST_01767,Nigeria,Desktop,New
CUST_01768,Nigeria,Tablet,Returning
CUST_01769,Ghana,Tablet,Returning
CUST_01770,Germany,Mobile,New
CUST_01771,UK,Desktop,New
CUST_01772,Kenya,Mobile,New
CUST_01773,UK,Desktop,Returning
CUST_01774,UK,Tablet,New
CUST_01775,Germany,Tablet,Returning
CUST_01776,UK,Desktop,Returning
CUST_01777,UK,Desktop,Returning
CUST_01778,Nigeria,Tablet,New
CUST_01779,Germany,Tablet,New
CUST_01780,Ghana,Mobile,Returning
CUST_01781,Kenya,Tablet,Returning
CUST_01782,UK,Desktop,Returning
CUST_01783,Kenya,Mobile,Returning
CUST_01784,Ghana,Desktop,New
CUST_01785,Kenya,Mobile,New
CUST_01786,Ghana,Desktop,Returning
CUST_01787,Nigeria,Tablet,Returning
CUST_01788,UK,Desktop,Returning
CUST_01789,Ghana,Mobile,New
CUST_01790,Kenya,Desktop,Returning
CUST_01791,UK,Mobile,New
CUST_01792,Nigeria,Desktop,Returning
CUST_01793,UK,Tablet,New
CUST_01794,Ghana,Tablet,New
CUST_01795,Nigeria,Desktop,Returning
CUST_01796,Kenya,Desktop,New
CUST_01797,Nigeria,Desktop,New
CUST_01798,Nigeria,Mobile,New
CUST_01799,Germany,Desktop,New
CUST_01800,Nigeria,Desktop,Returning
CUST_01801,Nigeria,Mobile,Returning
CUST_01802,UK,Tablet,Returning
CUST_01803,Kenya,Desktop,Returning
CUST_01804,UK,Desktop,Returning
CUST_01805,UK,Tablet,New
CUST_01806,Ghana,Tablet,New
CUST_01807,UK,Mobile,New
CUST_01808,Germany,Desktop,New
CUST_01809,Germany,Desktop,Returning
CUST_01810,Ghana,Mobile,Returning
CUST_01811,Kenya,Tablet,New
CUST_01812,Kenya,Mobile,Returning
CUST_01813,UK,Tablet,New
CUST_01814,UK,Mobile,New
CUST_01815,UK,Tablet,Returning
CUST_01816,Kenya,Mobile,Returning
CUST_01817,Nigeria,Tablet,Returning
CUST_01818,Germany,Tablet,Returning
CUST_01819,Nigeria,Tablet,Returning
CUST_01820,Nigeria,Tablet,Returning
CUST_01821,Kenya,Tablet,Returning
CUST_01822,Nigeria,Desktop,New
CUST_01823,Ghana,Tablet,Returning
CUST_01824,UK,Desktop,New
CUST_01825,Ghana,Tablet,New
CUST_01826,Germany,Desktop,Returning
CUST_01827,UK,Desktop,New
CUST_01828,Nigeria,Mobile,Returning
CUST_01829,Germany,Tablet,New
CUST_01830,UK,Mobile,New
CUST_01831,Nigeria,Mobile,New
CUST_01832,Ghana,Tablet,Returning
CUST_01833,UK,Mobile,New
CUST_01834,Nigeria,Tablet,New
CUST_01835,Ghana,Mobile,New
CUST_01836,Germany,Tablet,Returning
CUST_01837,Germany,Tablet,New
CUST_01838,Germany,Tablet,Returning
CUST_01839,Germany,Desktop,New
CUST_01840,Kenya,Mobile,New
CUST_01841,UK,Desktop,New
CUST_01842,UK,Mobile,Returning
CUST_01843,Kenya,Mobile,New
CUST_01844,Nigeria,Mobile,New
CUST_01845,Nigeria,Desktop,New
CUST_01846,Germany,Mobile,New
CUST_01847,Ghana,Desktop,Returning
CUST_01848,Nigeria,Tablet,New
CUST_01849,Ghana,Mobile,New
CUST_01850,UK,Mobile,New
CUST_01851,Ghana,Tablet,New
CUST_01852,UK,Tablet,Returning
CUST_01853,Kenya,Mobile,New
CUST_01854,Kenya,Tablet,New
CUST_01855,Germany,Desktop,Returning
CUST_01856,Nigeria,Desktop,New
CUST_01857,Germany,Mobile,New
CUST_01858,UK,Desktop,New
CUST_01859,Germany,Desktop,Returning
CUST_01860,Ghana,Mobile,New
CUST_01861,UK,Tablet,Returning
CUST_01862,Kenya,Mobile,Returning
CUST_01863,Nigeria,Desktop,Returning
CUST_01864,UK,Mobile,Returning
CUST_01865,UK,Mobile,Returning
CUST_01866,Ghana,Desktop,Returning
CUST_01867,Nigeria,Desktop,Returning
CUST_01868,Kenya,Mobile,New
CUST_01869,UK,Desktop,New
CUST_01870,UK,Desktop,Returning
CUST_01871,Ghana,Desktop,Returning
CUST_01872,Germany,Desktop,Returning
CUST_01873,Kenya,Desktop,Returning
CUST_01874,Nigeria,Desktop,Returning
CUST_01875,UK,Tablet,Returning
CUST_01876,UK,Mobile,New
CUST_01877,Kenya,Desktop,New
CUST_01878,Germany,Mobile,Returning
CUST_01879,UK,Tablet,Returning
CUST_01880,Kenya,Desktop,Returning
CUST_01881,Ghana,Mobile,New
CUST_01882,Germany,Desktop,Returning
CUST_01883,Nigeria,Desktop,New
CUST_01884,UK,Desktop,New
CUST_01885,Kenya,Desktop,New
CUST_01886,Ghana,Desktop,Returning
CUST_01887,Nigeria,Desktop,Returning
CUST_01888,Kenya,Desktop,New
CUST_01889,Kenya,Tablet,New
CUST_01890,Nigeria,Tablet,New
CUST_01891,Ghana,Desktop,New
CUST_01892,Ghana,Desktop,Returning
CUST_01893,Germany,Tablet,New
CUST_01894,UK,Tablet,Returning
CUST_01895,Nigeria,Tablet,New
CUST_01896,Nigeria,Desktop,Returning
CUST_01897,Nigeria,Mobile,New
CUST_01898,Ghana,Mobile,Returning
CUST_01899,UK,Mobile,Returning
CUST_01900,Germany,Mobile,Returning
CUST_01901,Kenya,Desktop,New
CUST_01902,Kenya,Mobile,Returning
CUST_01903,Nigeria,Tablet,New
CUST_01904,UK,Tablet,Returning
CUST_01905,Ghana,Mobile,Returning
CUST_01906,UK,Tablet,New
CUST_01907,UK,Desktop,Returning
CUST_01908,Ghana,Mobile,Returning
CUST_01909,Nigeria,Mobile,New
CUST_01910,UK,Desktop,Returning
CUST_01911,Kenya,Tablet,Returning
CUST_01912,Ghana,Desktop,Returning
CUST_01913,Germany,Desktop,Returning
CUST_01914,Nigeria,Tablet,New
CUST_01915,Ghana,Desktop,Returning
CUST_01916,Germany,Tablet,Returning
CUST_01917,Germany,Tablet,Returning
CUST_01918,UK,Desktop,Returning
CUST_01919,UK,Tablet,Returning
CUST_01920,UK,Desktop,Returning
CUST_01921,Ghana,Tablet,Returning
CUST_01922,Ghana,Mobile,Returning
CUST_01923,Nigeria,Tablet,New
CUST_01924,UK,Tablet,New
CUST_01925,Germany,Desktop,New
CUST_01926,Kenya,Tablet,New
CUST_01927,Nigeria,Mobile,Returning
CUST_01928,Ghana,Mobile,Returning
CUST_01929,Nigeria,Tablet,New
CUST_01930,Nigeria,Tablet,New
CUST_01931,Nigeria,Mobile,New
CUST_01932,Nigeria,Desktop,Returning
CUST_01933,Kenya,Mobile,Returning
CUST_01934,UK,Mobile,New
CUST_01935,Germany,Tablet,New
CUST_01936,Nigeria,Tablet,New
CUST_01937,Nigeria,Mobile,New
CUST_01938,Nigeria,Desktop,New
CUST_01939,UK,Mobile,Returning
CUST_01940,Ghana,Mobile,New
CUST_01941,Ghana,Desktop,Returning
CUST_01942,Kenya,Mobile,New
CUST_01943,Ghana,Mobile,New
CUST_01944,Nigeria,Tablet,Returning
CUST_01945,Nigeria,Desktop,New
CUST_01946,Nigeria,Tablet,Returning
CUST_01947,Kenya,Tablet,Returning
CUST_01948,Nigeria,Desktop,New
CUST_01949,Ghana,Desktop,New
CUST_01950,UK,Mobile,Returning
CUST_01951,UK,Tablet,Returning
CUST_01952,Germany,Desktop,New
CUST_01953,Ghana,Tablet,Returning
CUST_01954,Nigeria,Tablet,New
CUST_01955,UK,Desktop,Returning
CUST_01956,Ghana,Mobile,New
CUST_01957,UK,Tablet,Returning
CUST_01958,Nigeria,Desktop,Returning
CUST_01959,UK,Mobile,New
CUST_01960,Germany,Tablet,Returning
CUST_01961,Germany,Desktop,Returning
CUST_01962,UK,Tablet,Returning
CUST_01963,Ghana,Desktop,Returning
CUST_01964,Ghana,Desktop,Returning
CUST_01965,Ghana,Tablet,Returning
CUST_01966,UK,Tablet,Returning
CUST_01967,Ghana,Desktop,New
CUST_01968,Nigeria,Mobile,Returning
CUST_01969,Germany,Tablet,Returning
CUST_01970,Nigeria,Desktop,New
CUST_01971,Ghana,Desktop,Returning
CUST_01972,Nigeria,Mobile,Returning
CUST_01973,Ghana,Mobile,New
CUST_01974,UK,Mobile,Returning
CUST_01975,Nigeria,Tablet,Returning
CUST_01976,UK,Desktop,New
CUST_01977,UK,Desktop,New
CUST_01978,Kenya,Desktop,Returning
CUST_01979,Ghana,Mobile,Returning
CUST_01980,Germany,Desktop,New
CUST_01981,Ghana,Tablet,Returning
CUST_01982,Germany,Mobile,New
CUST_01983,Ghana,Mobile,New
CUST_01984,UK,Mobile,New
CUST_01985,Nigeria,Mobile,Returning
CUST_01986,Nigeria,Tablet,New
CUST_01987,Kenya,Desktop,New
CUST_01988,Germany,Tablet,New
CUST_01989,Germany,Desktop,Returning
CUST_01990,Germany,Tablet,Returning
CUST_01991,UK,Mobile,Returning
CUST_01992,Germany,Mobile,New
CUST_01993,Nigeria,Tablet,Returning
CUST_01994,UK,Tablet,Returning
CUST_01995,Ghana,Desktop,New
CUST_01996,Germany,Tablet,New
CUST_01997,Germany,Tablet,Returning
CUST_01998,Ghana,Desktop,Returning
CUST_01999,Germany,Desktop,New
CUST_02000,Ghana,Desktop,Returning
CUST_02001,UK,Tablet,New
CUST_02002,Nigeria,Desktop,New
CUST_02003,Ghana,Mobile,Returning
CUST_02004,Kenya,Mobile,Returning
CUST_02005,Ghana,Mobile,Returning
CUST_02006,Germany,Tablet,Returning
CUST_02007,UK,Mobile,New
CUST_02008,UK,Tablet,Returning
CUST_02009,Ghana,Tablet,Returning
CUST_02010,Nigeria,Mobile,Returning
CUST_02011,Kenya,Desktop,New
CUST_02012,UK,Tablet,Returning
CUST_02013,Germany,Mobile,Returning
CUST_02014,Germany,Tablet,New
CUST_02015,Nigeria,Desktop,New
CUST_02016,UK,Desktop,New
CUST_02017,Ghana,Mobile,New
CUST_02018,Germany,Tablet,New
CUST_02019,Nigeria,Tablet,Returning
CUST_02020,UK,Tablet,New
CUST_02021,UK,Tablet,New
CUST_02022,UK,Mobile,New
CUST_02023,UK,Desktop,New
CUST_02024,UK,Mobile,New
CUST_02025,Germany,Tablet,New
CUST_02026,Nigeria,Tablet,New
CUST_02027,UK,Desktop,New
CUST_02028,Kenya,Tablet,Returning
CUST_02029,Kenya,Mobile,Returning
CUST_02030,Nigeria,Mobile,Returning
CUST_02031,Ghana,Desktop,New
CUST_02032,Ghana,Mobile,New
CUST_02033,Ghana,Mobile,New
CUST_02034,Kenya,Mobile,Returning
CUST_02035,Ghana,Mobile,New
CUST_02036,Germany,Tablet,New
CUST_02037,UK,Mobile,New
CUST_02038,Kenya,Desktop,Returning
CUST_02039,Nigeria,Desktop,Returning
CUST_02040,Nigeria,Mobile,New
CUST_02041,UK,Desktop,Returning
CUST_02042,Kenya,Mobile,New
CUST_02043,Ghana,Desktop,New
CUST_02044,Ghana,Desktop,Returning
CUST_02045,Germany,Mobile,Returning
CUST_02046,Germany,Mobile,Returning
CUST_02047,Ghana,Tablet,Returning
CUST_02048,Nigeria,Mobile,New
CUST_02049,Nigeria,Mobile,New
CUST_02050,Germany,Tablet,Returning
CUST_02051,UK,Mobile,Returning
CUST_02052,Ghana,Mobile,New
CUST_02053,Germany,Tablet,New
CUST_02054,Germany,Mobile,New
CUST_02055,Ghana,Mobile,New
CUST_02056,Ghana,Tablet,Returning
CUST_02057,Nigeria,Tablet,Returning
CUST_02058,UK,Desktop,Returning
CUST_02059,UK,Mobile,New
CUST_02060,Ghana,Desktop,New
CUST_02061,Kenya,Desktop,Returning
CUST_02062,Germany,Tablet,Returning
CUST_02063,Germany,Mobile,Returning
CUST_02064,Ghana,Mobile,New
CUST_02065,Kenya,Tablet,Returning
CUST_02066,Nigeria,Desktop,New
CUST_02067,Ghana,Tablet,Returning
CUST_02068,Ghana,Mobile,Returning
CUST_02069,Germany,Tablet,Returning
CUST_02070,Ghana,Mobile,New
CUST_02071,Ghana,Desktop,New
CUST_02072,Ghana,Mobile,New
CUST_02073,Germany,Desktop,New
CUST_02074,Nigeria,Desktop,New
CUST_02075,Nigeria,Mobile,New
CUST_02076,Ghana,Mobile,Returning
CUST_02077,Germany,Desktop,New
CUST_02078,Nigeria,Tablet,Returning
CUST_02079,Nigeria,Mobile,New
CUST_02080,Nigeria,Desktop,Returning
CUST_02081,Germany,Desktop,Returning
CUST_02082,Germany,Tablet,New
CUST_02083,Ghana,Mobile,Returning
CUST_02084,UK,Desktop,New
CUST_02085,Nigeria,Tablet,New
CUST_02086,UK,Desktop,New
CUST_02087,Germany,Mobile,New
CUST_02088,Germany,Tablet,Returning
CUST_02089,Germany,Desktop,New
CUST_02090,UK,Tablet,Returning
CUST_02091,Germany,Mobile,Returning
CUST_02092,Ghana,Tablet,Returning
CUST_02093,Germany,Mobile,New
CUST_02094,Kenya,Desktop,Returning
CUST_02095,UK,Mobile,New
CUST_02096,Kenya,Desktop,Returning
CUST_02097,Germany,Desktop,New
CUST_02098,Ghana,Mobile,New
CUST_02099,Nigeria,Desktop,New
CUST_02100,Germany,Tablet,New
CUST_02101,Ghana,Desktop,Returning
CUST_02102,UK,Mobile,Returning
CUST_02103,Kenya,Tablet,New
CUST_02104,Kenya,Tablet,Returning
CUST_02105,Kenya,Desktop,New
CUST_02106,UK,Desktop,New
CUST_02107,Ghana,Mobile,Returning
CUST_02108,UK,Tablet,New
CUST_02109,Kenya,Mobile,New
CUST_02110,Germany,Desktop,New
CUST_02111,Nigeria,Tablet,New
CUST_02112,UK,Mobile,New
CUST_02113,UK,Mobile,Returning
CUST_02114,Ghana,Mobile,Returning
CUST_02115,Ghana,Mobile,Returning
CUST_02116,UK,Mobile,New
CUST_02117,Kenya,Tablet,New
CUST_02118,Nigeria,Mobile,New
CUST_02119,Ghana,Tablet,New
CUST_02120,Kenya,Mobile,New
CUST_02121,Germany,Desktop,New
CUST_02122,Ghana,Desktop,Returning
CUST_02123,Kenya,Mobile,New
CUST_02124,Kenya,Desktop,Returning
CUST_02125,Nigeria,Tablet,New
CUST_02126,Nigeria,Mobile,Returning
CUST_02127,Germany,Tablet,New
CUST_02128,Kenya,Mobile,Returning
CUST_02129,Kenya,Desktop,Returning
CUST_02130,Nigeria,Tablet,New
CUST_02131,Ghana,Desktop,New
CUST_02132,Ghana,Desktop,Returning
CUST_02133,UK,Mobile,New
CUST_02134,Nigeria,Tablet,New
CUST_02135,UK,Desktop,New
CUST_02136,Nigeria,Mobile,Returning
CUST_02137,Germany,Mobile,New
CUST_02138,Kenya,Mobile,Returning
CUST_02139,Germany,Desktop,Returning
CUST_02140,Nigeria,Mobile,New
CUST_02141,Kenya,Tablet,Returning
CUST_02142,Ghana,Tablet,New
CUST_02143,Ghana,Desktop,New
CUST_02144,UK,Tablet,Returning
CUST_02145,Nigeria,Mobile,Returning
CUST_02146,Nigeria,Desktop,Returning
CUST_02147,Ghana,Mobile,Returning
CUST_02148,Germany,Desktop,Returning
CUST_02149,Kenya,Desktop,New
CUST_02150,Germany,Mobile,Returning
CUST_02151,Germany,Tablet,New
CUST_02152,Ghana,Tablet,New
CUST_02153,Ghana,Desktop,Returning
CUST_02154,Ghana,Mobile,Returning
CUST_02155,UK,Mobile,Returning
CUST_02156,Germany,Desktop,Returning
CUST_02157,Nigeria,Tablet,Returning
CUST_02158,Kenya,Mobile,New
CUST_02159,UK,Tablet,New
CUST_02160,Nigeria,Tablet,New
CUST_02161,Germany,Desktop,Returning
CUST_02162,Ghana,Desktop,Returning
CUST_02163,Germany,Tablet,New
CUST_02164,Kenya,Mobile,Returning
CUST_02165,UK,Mobile,Returning
CUST_02166,UK,Desktop,Returning
CUST_02167,Kenya,Tablet,New
CUST_02168,Nigeria,Mobile,Returning
CUST_02169,Nigeria,Mobile,New
CUST_02170,UK,Desktop,Returning
CUST_02171,UK,Tablet,Returning
CUST_02172,Ghana,Mobile,New
CUST_02173,Nigeria,Desktop,Returning
CUST_02174,Kenya,Mobile,Returning
CUST_02175,Nigeria,Mobile,Returning
CUST_02176,Ghana,Mobile,New
CUST_02177,UK,Desktop,Returning
CUST_02178,UK,Tablet,Returning
CUST_02179,Ghana,Desktop,Returning
CUST_02180,Kenya,Tablet,Returning
CUST_02181,UK,Mobile,Returning
CUST_02182,Germany,Tablet,New
CUST_02183,UK,Mobile,New
CUST_02184,Germany,Mobile,Returning
CUST_02185,Ghana,Desktop,Returning
CUST_02186,Ghana,Mobile,New
CUST_02187,UK,Desktop,Returning
CUST_02188,Nigeria,Tablet,Returning
CUST_02189,Germany,Tablet,Returning
CUST_02190,Kenya,Mobile,Returning
CUST_02191,UK,Desktop,Returning
CUST_02192,Kenya,Mobile,Returning
CUST_02193,UK,Desktop,Returning
CUST_02194,Nigeria,Desktop,Returning
CUST_02195,Nigeria,Desktop,New
CUST_02196,Nigeria,Tablet,New
CUST_02197,Nigeria,Desktop,Returning
CUST_02198,Ghana,Tablet,Returning
CUST_02199,Ghana,Desktop,Returning
CUST_02200,Germany,Tablet,Returning
CUST_02201,Kenya,Tablet,New
CUST_02202,UK,Tablet,New
CUST_02203,UK,Mobile,New
CUST_02204,Ghana,Desktop,New
CUST_02205,UK,Mobile,Returning
CUST_02206,Ghana,Desktop,Returning
CUST_02207,Germany,Desktop,Returning
CUST_02208,Kenya,Mobile,New
CUST_02209,Germany,Tablet,Returning
CUST_02210,Nigeria,Desktop,Returning
CUST_02211,Nigeria,Tablet,New
CUST_02212,Nigeria,Mobile,New
CUST_02213,Germany,Tablet,New
CUST_02214,UK,Desktop,New
CUST_02215,Kenya,Desktop,New
CUST_02216,Nigeria,Desktop,Returning
CUST_02217,Nigeria,Mobile,Returning
CUST_02218,Nigeria,Desktop,New
CUST_02219,Kenya,Mobile,Returning
CUST_02220,Nigeria,Tablet,Returning
CUST_02221,Kenya,Desktop,Returning
CUST_02222,Nigeria,Desktop,Returning
CUST_02223,Germany,Desktop,New
CUST_02224,Germany,Tablet,Returning
CUST_02225,Kenya,Desktop,Returning
CUST_02226,Germany,Mobile,Returning
CUST_02227,Kenya,Tablet,New
CUST_02228,Germany,Tablet,Returning
CUST_02229,Germany,Tablet,New
CUST_02230,Kenya,Tablet,New
CUST_02231,UK,Tablet,New
CUST_02232,Germany,Mobile,New
CUST_02233,Nigeria,Tablet,Returning
CUST_02234,UK,Desktop,New
CUST_02235,Kenya,Tablet,New
CUST_02236,UK,Tablet,New
CUST_02237,Ghana,Tablet,New
CUST_02238,Ghana,Tablet,New
CUST_02239,Germany,Tablet,Returning
CUST_02240,Germany,Mobile,New
CUST_02241,Nigeria,Mobile,Returning
CUST_02242,UK,Tablet,Returning
CUST_02243,Ghana,Mobile,New
CUST_02244,Germany,Desktop,Returning
CUST_02245,UK,Tablet,Returning
CUST_02246,Germany,Desktop,Returning
CUST_02247,Germany,Desktop,New
CUST_02248,Ghana,Tablet,New
CUST_02249,Ghana,Desktop,New
CUST_02250,Germany,Desktop,New
CUST_02251,Kenya,Desktop,New
CUST_02252,Germany,Tablet,New
CUST_02253,Germany,Tablet,New
CUST_02254,Nigeria,Desktop,Returning
CUST_02255,Nigeria,Tablet,Returning
CUST_02256,Nigeria,Tablet,New
CUST_02257,Kenya,Desktop,Returning
CUST_02258,Kenya,Tablet,New
CUST_02259,Germany,Mobile,New
CUST_02260,Nigeria,Tablet,New
CUST_02261,Kenya,Mobile,Returning
CUST_02262,Ghana,Desktop,New
CUST_02263,Germany,Tablet,New
CUST_02264,UK,Desktop,New
CUST_02265,Germany,Desktop,New
CUST_02266,UK,Desktop,Returning
CUST_02267,Nigeria,Desktop,New
CUST_02268,UK,Desktop,Returning
CUST_02269,Nigeria,Tablet,Returning
CUST_02270,Ghana,Mobile,New
CUST_02271,UK,Tablet,New
CUST_02272,Germany,Tablet,Returning
CUST_02273,Nigeria,Tablet,Returning
CUST_02274,Germany,Tablet,Returning
CUST_02275,Kenya,Mobile,Returning
CUST_02276,Nigeria,Tablet,New
CUST_02277,UK,Desktop,Returning
CUST_02278,Nigeria,Tablet,Returning
CUST_02279,Germany,Tablet,Returning
CUST_02280,Ghana,Mobile,Returning
CUST_02281,Nigeria,Mobile,New
CUST_02282,UK,Desktop,New
CUST_02283,Kenya,Tablet,New
CUST_02284,Ghana,Tablet,Returning
CUST_02285,Kenya,Tablet,Returning
CUST_02286,Nigeria,Desktop,New
CUST_02287,Germany,Mobile,New
CUST_02288,Germany,Desktop,Returning
CUST_02289,UK,Tablet,New
CUST_02290,Germany,Mobile,Returning
CUST_02291,Ghana,Mobile,Returning
CUST_02292,Germany,Desktop,Returning
CUST_02293,UK,Mobile,Returning
CUST_02294,Nigeria,Mobile,Returning
CUST_02295,Nigeria,Tablet,Returning
CUST_02296,Germany,Tablet,New
CUST_02297,Kenya,Mobile,New
CUST_02298,Nigeria,Mobile,New
CUST_02299,Germany,Desktop,Returning
CUST_02300,UK,Desktop,New
CUST_02301,Germany,Mobile,Returning
CUST_02302,Nigeria,Tablet,Returning
CUST_02303,UK,Mobile,Returning
CUST_02304,Germany,Mobile,Returning
CUST_02305,Ghana,Tablet,New
CUST_02306,UK,Tablet,New
CUST_02307,Ghana,Desktop,New
CUST_02308,Kenya,Desktop,Returning
CUST_02309,UK,Desktop,New
CUST_02310,Ghana,Desktop,New
CUST_02311,Nigeria,Tablet,New
CUST_02312,Nigeria,Mobile,Returning
CUST_02313,Kenya,Desktop,New
CUST_02314,UK,Desktop,Returning
CUST_02315,UK,Tablet,New
CUST_02316,UK,Tablet,Returning
CUST_02317,Kenya,Mobile,New
CUST_02318,UK,Mobile,New
CUST_02319,Nigeria,Tablet,New
CUST_02320,Ghana,Desktop,Returning
CUST_02321,Nigeria,Desktop,New
CUST_02322,Nigeria,Desktop,New
CUST_02323,Ghana,Mobile,Returning
CUST_02324,Nigeria,Desktop,Returning
CUST_02325,Kenya,Desktop,Returning
CUST_02326,Ghana,Tablet,Returning
CUST_02327,Nigeria,Desktop,New
CUST_02328,Germany,Tablet,New
CUST_02329,Nigeria,Desktop,Returning
CUST_02330,Kenya,Mobile,New
CUST_02331,UK,Desktop,Returning
CUST_02332,Nigeria,Desktop,New
CUST_02333,UK,Tablet,Returning
CUST_02334,Germany,Tablet,New
CUST_02335,Nigeria,Tablet,Returning
CUST_02336,Ghana,Desktop,Returning
CUST_02337,UK,Desktop,New
CUST_02338,Germany,Mobile,New
CUST_02339,Ghana,Desktop,New
CUST_02340,Ghana,Mobile,Returning
CUST_02341,Ghana,Tablet,New
CUST_02342,Ghana,Tablet,Returning
CUST_02343,Nigeria,Tablet,New
CUST_02344,Nigeria,Mobile,New
CUST_02345,Nigeria,Desktop,Returning
CUST_02346,Germany,Tablet,Returning
CUST_02347,Germany,Desktop,New
CUST_02348,Germany,Desktop,Returning
CUST_02349,Kenya,Tablet,Returning
CUST_02350,Germany,Mobile,New
CUST_02351,Nigeria,Desktop,Returning
CUST_02352,Nigeria,Tablet,New
CUST_02353,Kenya,Desktop,New
CUST_02354,Kenya,Desktop,Returning
CUST_02355,Germany,Desktop,New
CUST_02356,UK,Desktop,Returning
CUST_02357,Kenya,Desktop,New
CUST_02358,Ghana,Mobile,Returning
CUST_02359,Nigeria,Mobile,Returning
CUST_02360,Ghana,Tablet,Returning
CUST_02361,Nigeria,Mobile,Returning
CUST_02362,Nigeria,Mobile,Returning
CUST_02363,Kenya,Mobile,New
CUST_02364,Kenya,Desktop,New
CUST_02365,Ghana,Desktop,Returning
CUST_02366,Nigeria,Tablet,New
CUST_02367,Ghana,Tablet,Returning
CUST_02368,UK,Tablet,Returning
CUST_02369,Ghana,Desktop,New
CUST_02370,Germany,Mobile,New
CUST_02371,Ghana,Mobile,Returning
CUST_02372,Germany,Desktop,Returning
CUST_02373,Germany,Tablet,Returning
CUST_02374,Germany,Tablet,Returning
CUST_02375,UK,Tablet,Returning
CUST_02376,Ghana,Desktop,Returning
CUST_02377,Ghana,Tablet,New
CUST_02378,UK,Tablet,Returning
CUST_02379,Nigeria,Desktop,Returning
CUST_02380,Kenya,Mobile,New
CUST_02381,Ghana,Desktop,Returning
CUST_02382,Kenya,Desktop,Returning
CUST_02383,UK,Desktop,New
CUST_02384,Nigeria,Desktop,Returning
CUST_02385,Nigeria,Mobile,New
CUST_02386,Nigeria,Tablet,Returning
CUST_02387,UK,Desktop,New
CUST_02388,Germany,Mobile,New
CUST_02389,Germany,Tablet,New
CUST_02390,Kenya,Tablet,Returning
CUST_02391,Germany,Tablet,Returning
CUST_02392,Germany,Desktop,New
CUST_02393,Nigeria,Desktop,New
CUST_02394,Nigeria,Tablet,Returning
CUST_02395,Kenya,Tablet,Returning
CUST_02396,Ghana,Tablet,Returning
CUST_02397,Kenya,Tablet,Returning
CUST_02398,Kenya,Tablet,Returning
CUST_02399,UK,Tablet,New
CUST_02400,UK,Mobile,Returning
CUST_02401,Kenya,Tablet,New
CUST_02402,Kenya,Desktop,Returning
CUST_02403,Kenya,Desktop,New
CUST_02404,Germany,Desktop,New
CUST_02405,UK,Tablet,Returning
CUST_02406,Kenya,Desktop,New
CUST_02407,Nigeria,Mobile,New
CUST_02408,Nigeria,Tablet,New
CUST_02409,Germany,Desktop,New
CUST_02410,Germany,Mobile,Returning
CUST_02411,Ghana,Mobile,New
CUST_02412,Ghana,Desktop,Returning
CUST_02413,Ghana,Mobile,New
CUST_02414,Germany,Desktop,Returning
CUST_02415,Germany,Mobile,Returning
CUST_02416,Germany,Tablet,Returning
CUST_02417,Nigeria,Tablet,New
CUST_02418,Germany,Tablet,Returning
CUST_02419,Nigeria,Tablet,Returning
CUST_02420,Ghana,Tablet,New
CUST_02421,Ghana,Desktop,Returning
CUST_02422,Ghana,Tablet,New
CUST_02423,Kenya,Tablet,New
CUST_02424,Kenya,Tablet,Returning
CUST_02425,UK,Tablet,New
CUST_02426,UK,Mobile,New
CUST_02427,UK,Tablet,New
CUST_02428,Kenya,Tablet,Returning
CUST_02429,Kenya,Desktop,New
CUST_02430,UK,Mobile,New
CUST_02431,UK,Desktop,New
CUST_02432,Germany,Tablet,Returning
CUST_02433,UK,Desktop,New
CUST_02434,Germany,Desktop,Returning
CUST_02435,Nigeria,Tablet,New
CUST_02436,Kenya,Mobile,Returning
CUST_02437,UK,Mobile,Returning
CUST_02438,Kenya,Desktop,Returning
CUST_02439,Kenya,Tablet,New
CUST_02440,Kenya,Desktop,New
CUST_02441,Nigeria,Desktop,New
CUST_02442,Ghana,Desktop,Returning
CUST_02443,UK,Tablet,New
CUST_02444,Ghana,Tablet,New
CUST_02445,Ghana,Mobile,Returning
CUST_02446,Ghana,Tablet,New
CUST_02447,Kenya,Desktop,New
CUST_02448,Germany,Desktop,Returning
CUST_02449,Kenya,Mobile,Returning
CUST_02450,Kenya,Tablet,New
CUST_02451,Ghana,Desktop,Returning
CUST_02452,Kenya,Mobile,New
CUST_02453,Ghana,Mobile,New
CUST_02454,Germany,Desktop,New
CUST_02455,UK,Desktop,New
CUST_02456,Ghana,Tablet,New
CUST_02457,Germany,Mobile,Returning
CUST_02458,UK,Desktop,Returning
CUST_02459,Nigeria,Mobile,New
CUST_02460,Ghana,Tablet,Returning
CUST_02461,Ghana,Desktop,Returning
CUST_02462,Nigeria,Tablet,New
CUST_02463,Nigeria,Mobile,Returning
CUST_02464,Ghana,Tablet,Returning
CUST_02465,Nigeria,Tablet,New
CUST_02466,Kenya,Mobile,New
CUST_02467,UK,Tablet,New
CUST_02468,UK,Mobile,New
CUST_02469,UK,Desktop,New
CUST_02470,Kenya,Mobile,New
CUST_02471,Nigeria,Mobile,New
CUST_02472,Germany,Desktop,Returning
CUST_02473,Nigeria,Mobile,New
CUST_02474,Ghana,Desktop,Returning
CUST_02475,UK,Desktop,Returning
CUST_02476,Nigeria,Mobile,New
CUST_02477,Germany,Tablet,Returning
CUST_02478,Ghana,Tablet,Returning
CUST_02479,Kenya,Desktop,Returning
CUST_02480,Kenya,Tablet,New
CUST_02481,Germany,Tablet,Returning
CUST_02482,Ghana,Mobile,Returning
CUST_02483,UK,Desktop,New
CUST_02484,Nigeria,Desktop,Returning
CUST_02485,Ghana,Mobile,Returning
CUST_02486,Kenya,Tablet,Returning
CUST_02487,Germany,Desktop,Returning
CUST_02488,Germany,Tablet,Returning
CUST_02489,Nigeria,Desktop,New
CUST_02490,Germany,Desktop,Returning
CUST_02491,Germany,Desktop,New
CUST_02492,Ghana,Desktop,Returning
CUST_02493,UK,Tablet,New
CUST_02494,Nigeria,Tablet,New
CUST_02495,Ghana,Tablet,New
CUST_02496,UK,Tablet,Returning
CUST_02497,Ghana,Mobile,Returning
CUST_02498,Ghana,Desktop,Returning
CUST_02499,Germany,Desktop,Returning
CUST_02500,UK,Desktop,Returning
CUST_02501,Nigeria,Mobile,New
CUST_02502,Nigeria,Tablet,New
CUST_02503,UK,Desktop,New
CUST_02504,Germany,Tablet,Returning
CUST_02505,Kenya,Tablet,Returning
CUST_02506,Ghana,Mobile,New
CUST_02507,Germany,Mobile,Returning
CUST_02508,UK,Tablet,Returning
CUST_02509,Ghana,Desktop,New
CUST_02510,Nigeria,Desktop,New
CUST_02511,Kenya,Mobile,Returning
CUST_02512,Nigeria,Mobile,Returning
CUST_02513,UK,Mobile,New
CUST_02514,Ghana,Mobile,Returning
CUST_02515,UK,Mobile,New
CUST_02516,Ghana,Mobile,New
CUST_02517,Germany,Mobile,New
CUST_02518,Kenya,Desktop,Returning
CUST_02519,Germany,Mobile,New
CUST_02520,Germany,Mobile,New
CUST_02521,UK,Desktop,Returning
CUST_02522,Kenya,Desktop,New
CUST_02523,Ghana,Tablet,Returning
CUST_02524,Ghana,Mobile,Returning
CUST_02525,Nigeria,Mobile,Returning
CUST_02526,Ghana,Mobile,New
CUST_02527,UK,Mobile,New
CUST_02528,Germany,Tablet,Returning
CUST_02529,Germany,Desktop,Returning
CUST_02530,Germany,Desktop,Returning
CUST_02531,Kenya,Mobile,New
CUST_02532,Ghana,Mobile,Returning
CUST_02533,UK,Mobile,Returning
CUST_02534,Kenya,Tablet,Returning
CUST_02535,Nigeria,Tablet,New
CUST_02536,UK,Desktop,Returning
CUST_02537,UK,Mobile,New
CUST_02538,UK,Mobile,New
CUST_02539,Germany,Mobile,Returning
CUST_02540,UK,Mobile,Returning
CUST_02541,Ghana,Tablet,Returning
CUST_02542,UK,Desktop,New
CUST_02543,Germany,Desktop,New
CUST_02544,UK,Tablet,New
CUST_02545,Nigeria,Mobile,Returning
CUST_02546,Nigeria,Desktop,New
CUST_02547,Germany,Desktop,Returning
CUST_02548,Ghana,Tablet,Returning
CUST_02549,Ghana,Mobile,Returning
CUST_02550,Kenya,Desktop,New
CUST_02551,Germany,Mobile,New
CUST_02552,UK,Desktop,New
CUST_02553,Germany,Tablet,Returning
CUST_02554,Kenya,Mobile,New
CUST_02555,Germany,Tablet,New
CUST_02556,Germany,Desktop,Returning
CUST_02557,Kenya,Tablet,Returning
CUST_02558,Ghana,Tablet,New
CUST_02559,UK,Tablet,Returning
CUST_02560,Kenya,Desktop,New
CUST_02561,Nigeria,Mobile,Returning
CUST_02562,Ghana,Tablet,Returning
CUST_02563,Nigeria,Mobile,New
CUST_02564,Ghana,Desktop,Returning
CUST_02565,UK,Mobile,Returning
CUST_02566,UK,Tablet,Returning
CUST_02567,Germany,Tablet,New
CUST_02568,Nigeria,Tablet,Returning
CUST_02569,Ghana,Tablet,Returning
CUST_02570,UK,Tablet,New
CUST_02571,Kenya,Tablet,New
CUST_02572,UK,Desktop,Returning
CUST_02573,Kenya,Desktop,Returning
CUST_02574,Ghana,Desktop,Returning
CUST_02575,UK,Mobile,New
CUST_02576,UK,Mobile,Returning
CUST_02577,Ghana,Desktop,New
CUST_02578,UK,Mobile,New
CUST_02579,Kenya,Mobile,Returning
CUST_02580,UK,Tablet,Returning
CUST_02581,Nigeria,Tablet,New
CUST_02582,Germany,Mobile,Returning
CUST_02583,Kenya,Mobile,Returning
CUST_02584,Nigeria,Desktop,New
CUST_02585,Ghana,Mobile,Returning
CUST_02586,Kenya,Tablet,New
CUST_02587,Germany,Mobile,Returning
CUST_02588,Germany,Desktop,New
CUST_02589,Ghana,Tablet,New
CUST_02590,Ghana,Tablet,Returning
CUST_02591,Kenya,Tablet,New
CUST_02592,UK,Tablet,New
CUST_02593,Ghana,Mobile,Returning
CUST_02594,UK,Desktop,Returning
CUST_02595,Nigeria,Mobile,Returning
CUST_02596,Germany,Mobile,New
CUST_02597,UK,Tablet,New
CUST_02598,Germany,Desktop,New
CUST_02599,UK,Tablet,Returning
CUST_02600,Nigeria,Mobile,New
CUST_02601,Ghana,Mobile,New
CUST_02602,Nigeria,Tablet,Returning
CUST_02603,Ghana,Mobile,New
CUST_02604,Ghana,Mobile,Returning
CUST_02605,Germany,Tablet,Returning
CUST_02606,Nigeria,Mobile,Returning
CUST_02607,UK,Desktop,New
CUST_02608,Nigeria,Tablet,New
CUST_02609,Germany,Desktop,New
CUST_02610,Ghana,Mobile,Returning
CUST_02611,Germany,Mobile,Returning
CUST_02612,Kenya,Tablet,Returning
CUST_02613,Kenya,Mobile,New
CUST_02614,UK,Tablet,New
CUST_02615,Germany,Tablet,New
CUST_02616,UK,Tablet,New
CUST_02617,UK,Tablet,New
CUST_02618,Kenya,Tablet,Returning
CUST_02619,UK,Desktop,New
CUST_02620,Kenya,Tablet,Returning
CUST_02621,Ghana,Desktop,Returning
CUST_02622,Germany,Mobile,New
CUST_02623,UK,Tablet,Returning
CUST_02624,Kenya,Mobile,New
CUST_02625,Nigeria,Tablet,New
CUST_02626,UK,Desktop,Returning
CUST_02627,Ghana,Desktop,New
CUST_02628,Ghana,Desktop,New
CUST_02629,Nigeria,Mobile,Returning
CUST_02630,Kenya,Tablet,Returning
CUST_02631,UK,Mobile,Returning
CUST_02632,Kenya,Desktop,Returning
CUST_02633,Ghana,Mobile,Returning
CUST_02634,Kenya,Desktop,Returning
CUST_02635,Ghana,Desktop,New
CUST_02636,Kenya,Desktop,New
CUST_02637,Nigeria,Tablet,New
CUST_02638,Germany,Tablet,Returning
CUST_02639,Nigeria,Desktop,New
CUST_02640,Nigeria,Mobile,Returning
CUST_02641,Germany,Mobile,New
CUST_02642,Germany,Tablet,Returning
CUST_02643,UK,Desktop,New
CUST_02644,UK,Mobile,Returning
CUST_02645,Nigeria,Desktop,Returning
CUST_02646,Nigeria,Mobile,Returning
CUST_02647,Ghana,Tablet,Returning
CUST_02648,Ghana,Desktop,New
CUST_02649,UK,Desktop,New
CUST_02650,UK,Mobile,Returning
CUST_02651,Ghana,Mobile,Returning
CUST_02652,Ghana,Mobile,Returning
CUST_02653,Kenya,Desktop,New
CUST_02654,Kenya,Tablet,Returning
CUST_02655,Ghana,Tablet,Returning
CUST_02656,Kenya,Mobile,New
CUST_02657,Germany,Tablet,Returning
CUST_02658,UK,Mobile,Returning
CUST_02659,UK,Tablet,New
CUST_02660,Ghana,Desktop,Returning
CUST_02661,Nigeria,Mobile,Returning
CUST_02662,Ghana,Tablet,New
CUST_02663,Kenya,Desktop,Returning
CUST_02664,Nigeria,Tablet,New
CUST_02665,Kenya,Desktop,Returning
CUST_02666,Germany,Desktop,Returning
CUST_02667,Kenya,Tablet,Returning
CUST_02668,Germany,Tablet,Returning
CUST_02669,Germany,Desktop,Returning
CUST_02670,Kenya,Desktop,New
CUST_02671,Kenya,Desktop,Returning
CUST_02672,Germany,Mobile,Returning
CUST_02673,Nigeria,Desktop,New
CUST_02674,Germany,Mobile,New
CUST_02675,UK,Desktop,Returning
CUST_02676,Germany,Mobile,New
CUST_02677,Nigeria,Desktop,Returning
CUST_02678,UK,Desktop,New
CUST_02679,Ghana,Desktop,New
CUST_02680,Ghana,Tablet,Returning
CUST_02681,Nigeria,Tablet,New
CUST_02682,Germany,Desktop,Returning
CUST_02683,Kenya,Mobile,New
CUST_02684,Nigeria,Mobile,New
CUST_02685,UK,Desktop,New
CUST_02686,UK,Tablet,Returning
CUST_02687,Ghana,Mobile,Returning
CUST_02688,UK,Tablet,New
CUST_02689,Nigeria,Mobile,Returning
CUST_02690,UK,Desktop,Returning
CUST_02691,Nigeria,Tablet,Returning
CUST_02692,Kenya,Mobile,New
CUST_02693,Ghana,Desktop,Returning
CUST_02694,UK,Desktop,New
CUST_02695,Nigeria,Desktop,New
CUST_02696,Germany,Tablet,New
CUST_02697,Ghana,Tablet,New
CUST_02698,Kenya,Desktop,New
CUST_02699,Nigeria,Tablet,Returning
CUST_02700,Kenya,Mobile,Returning
CUST_02701,Kenya,Desktop,New
CUST_02702,UK,Desktop,Returning
CUST_02703,UK,Tablet,Returning
CUST_02704,Nigeria,Desktop,Returning
CUST_02705,Germany,Mobile,Returning
CUST_02706,Nigeria,Tablet,Returning
CUST_02707,Germany,Tablet,Returning
CUST_02708,Kenya,Desktop,Returning
CUST_02709,Ghana,Desktop,New
CUST_02710,Nigeria,Desktop,New
CUST_02711,Nigeria,Tablet,New
CUST_02712,Germany,Desktop,Returning
CUST_02713,Kenya,Mobile,Returning
CUST_02714,Kenya,Desktop,New
CUST_02715,Germany,Desktop,Returning
CUST_02716,Kenya,Tablet,Returning
CUST_02717,UK,Desktop,New
CUST_02718,Ghana,Tablet,New
CUST_02719,Nigeria,Desktop,New
CUST_02720,Ghana,Mobile,Returning
CUST_02721,Nigeria,Mobile,Returning
CUST_02722,UK,Tablet,Returning
CUST_02723,Kenya,Tablet,New
CUST_02724,Germany,Desktop,New
CUST_02725,UK,Desktop,Returning
CUST_02726,Ghana,Mobile,New
CUST_02727,Germany,Desktop,New
CUST_02728,Kenya,Mobile,Returning
CUST_02729,UK,Tablet,New
CUST_02730,Germany,Desktop,New
CUST_02731,UK,Tablet,New
CUST_02732,UK,Desktop,Returning
CUST_02733,Kenya,Mobile,Returning
CUST_02734,Nigeria,Tablet,New
CUST_02735,Germany,Tablet,Returning
CUST_02736,Kenya,Desktop,Returning
CUST_02737,UK,Tablet,Returning
CUST_02738,Kenya,Mobile,New
CUST_02739,Nigeria,Tablet,Returning
CUST_02740,Germany,Tablet,New
CUST_02741,Nigeria,Desktop,New
CUST_02742,Ghana,Tablet,Returning
CUST_02743,Germany,Desktop,New
CUST_02744,Nigeria,Desktop,Returning
CUST_02745,UK,Tablet,Returning
CUST_02746,Germany,Mobile,New
CUST_02747,Germany,Desktop,New
CUST_02748,Kenya,Tablet,Returning
CUST_02749,UK,Desktop,Returning
CUST_02750,Ghana,Mobile,Returning
CUST_02751,Nigeria,Mobile,Returning
CUST_02752,Kenya,Desktop,New
CUST_02753,Nigeria,Mobile,New
CUST_02754,Ghana,Tablet,New
CUST_02755,Ghana,Tablet,Returning
CUST_02756,Germany,Desktop,New
CUST_02757,Ghana,Mobile,New
CUST_02758,Nigeria,Tablet,New
CUST_02759,UK,Tablet,New
CUST_02760,UK,Tablet,Returning
CUST_02761,Germany,Desktop,New
CUST_02762,Nigeria,Desktop,New
CUST_02763,Nigeria,Tablet,New
CUST_02764,Ghana,Tablet,New
CUST_02765,Nigeria,Mobile,Returning
CUST_02766,Kenya,Mobile,Returning
CUST_02767,Ghana,Mobile,New
CUST_02768,Kenya,Desktop,Returning
CUST_02769,Germany,Tablet,Returning
CUST_02770,UK,Desktop,Returning
CUST_02771,Germany,Tablet,Returning
CUST_02772,UK,Mobile,New
CUST_02773,Germany,Mobile,Returning
CUST_02774,Nigeria,Mobile,Returning
CUST_02775,Kenya,Mobile,New
CUST_02776,UK,Tablet,New
CUST_02777,Ghana,Mobile,New
CUST_02778,Kenya,Tablet,New
CUST_02779,Ghana,Tablet,Returning
CUST_02780,Kenya,Desktop,New
CUST_02781,Kenya,Mobile,Returning
CUST_02782,Germany,Mobile,Returning
CUST_02783,UK,Desktop,New
CUST_02784,UK,Tablet,New
CUST_02785,Kenya,Mobile,Returning
CUST_02786,Nigeria,Tablet,Returning
CUST_02787,Nigeria,Desktop,New
CUST_02788,Ghana,Tablet,New
CUST_02789,Ghana,Mobile,New
CUST_02790,Germany,Tablet,Returning
CUST_02791,Kenya,Tablet,Returning
CUST_02792,Ghana,Mobile,New
CUST_02793,Ghana,Mobile,Returning
CUST_02794,Kenya,Tablet,New
CUST_02795,Germany,Tablet,Returning
CUST_02796,Ghana,Desktop,Returning
CUST_02797,Germany,Mobile,New
CUST_02798,UK,Tablet,New
CUST_02799,Germany,Mobile,New
CUST_02800,Nigeria,Desktop,Returning
CUST_02801,Nigeria,Tablet,Returning
CUST_02802,Germany,Tablet,New
CUST_02803,Nigeria,Tablet,Returning
CUST_02804,UK,Mobile,New
CUST_02805,Kenya,Desktop,Returning
CUST_02806,Nigeria,Mobile,New
CUST_02807,Nigeria,Tablet,Returning
CUST_02808,Germany,Desktop,Returning
CUST_02809,UK,Tablet,Returning
CUST_02810,Kenya,Tablet,Returning
CUST_02811,Germany,Mobile,New
CUST_02812,Germany,Tablet,Returning
CUST_02813,UK,Desktop,New
CUST_02814,Kenya,Tablet,New
CUST_02815,UK,Tablet,New
CUST_02816,Kenya,Mobile,New
CUST_02817,UK,Desktop,Returning
CUST_02818,Germany,Mobile,New
CUST_02819,Germany,Tablet,Returning
CUST_02820,Ghana,Mobile,Returning
CUST_02821,Nigeria,Mobile,Returning
CUST_02822,UK,Mobile,Returning
CUST_02823,Ghana,Mobile,New
CUST_02824,Nigeria,Tablet,Returning
CUST_02825,UK,Tablet,New
CUST_02826,Kenya,Desktop,Returning
CUST_02827,Nigeria,Mobile,Returning
CUST_02828,Germany,Mobile,New
CUST_02829,Ghana,Desktop,Returning
CUST_02830,Nigeria,Mobile,Returning
CUST_02831,Nigeria,Desktop,Returning
CUST_02832,Germany,Tablet,Returning
CUST_02833,UK,Desktop,Returning
CUST_02834,Kenya,Mobile,New
CUST_02835,Germany,Desktop,Returning
CUST_02836,Kenya,Tablet,Returning
CUST_02837,UK,Mobile,New
CUST_02838,Nigeria,Tablet,Returning
CUST_02839,Kenya,Tablet,New
CUST_02840,Ghana,Desktop,Returning
CUST_02841,Ghana,Tablet,Returning
CUST_02842,Germany,Mobile,New
CUST_02843,UK,Tablet,Returning
CUST_02844,Germany,Tablet,Returning
CUST_02845,Germany,Desktop,New
CUST_02846,Germany,Tablet,New
CUST_02847,Ghana,Desktop,Returning
CUST_02848,Ghana,Desktop,New
CUST_02849,Germany,Mobile,Returning
CUST_02850,Ghana,Mobile,New
CUST_02851,UK,Mobile,Returning
CUST_02852,Germany,Mobile,New
CUST_02853,Ghana,Desktop,New
CUST_02854,Kenya,Tablet,New
CUST_02855,Germany,Mobile,New
CUST_02856,Germany,Mobile,New
CUST_02857,UK,Mobile,New
CUST_02858,Nigeria,Tablet,New
CUST_02859,Nigeria,Mobile,New
CUST_02860,UK,Tablet,New
CUST_02861,UK,Desktop,Returning
CUST_02862,UK,Desktop,New
CUST_02863,Nigeria,Desktop,Returning
CUST_02864,UK,Tablet,New
CUST_02865,Ghana,Mobile,Returning
CUST_02866,Germany,Mobile,Returning
CUST_02867,Germany,Mobile,New
CUST_02868,Kenya,Mobile,New
CUST_02869,Kenya,Mobile,Returning
CUST_02870,Germany,Tablet,Returning
CUST_02871,Ghana,Desktop,New
CUST_02872,Nigeria,Mobile,New
CUST_02873,Nigeria,Desktop,New
CUST_02874,Ghana,Tablet,Returning
CUST_02875,Nigeria,Tablet,New
CUST_02876,UK,Mobile,New
CUST_02877,Germany,Tablet,New
CUST_02878,Germany,Desktop,New
CUST_02879,Ghana,Mobile,New
CUST_02880,Nigeria,Mobile,Returning
CUST_02881,Kenya,Desktop,Returning
CUST_02882,Kenya,Mobile,New
CUST_02883,Nigeria,Mobile,New
CUST_02884,Kenya,Desktop,Returning
CUST_02885,Ghana,Mobile,New
CUST_02886,Ghana,Mobile,Returning
CUST_02887,Nigeria,Desktop,New
CUST_02888,Kenya,Tablet,Returning
CUST_02889,Ghana,Desktop,Returning
CUST_02890,Ghana,Mobile,New
CUST_02891,UK,Desktop,Returning
CUST_02892,UK,Mobile,New
CUST_02893,Ghana,Mobile,Returning
CUST_02894,Nigeria,Desktop,New
CUST_02895,Germany,Mobile,New
CUST_02896,Germany,Tablet,New
CUST_02897,Ghana,Mobile,Returning
CUST_02898,Ghana,Desktop,New
CUST_02899,Ghana,Tablet,New
CUST_02900,Nigeria,Tablet,New
CUST_02901,UK,Mobile,Returning
CUST_02902,Ghana,Desktop,New
CUST_02903,Ghana,Mobile,Returning
CUST_02904,Kenya,Mobile,Returning
CUST_02905,Nigeria,Desktop,Returning
CUST_02906,Ghana,Desktop,New
CUST_02907,Kenya,Mobile,New
CUST_02908,Germany,Tablet,Returning
CUST_02909,Ghana,Mobile,New
CUST_02910,Ghana,Tablet,New
CUST_02911,Kenya,Mobile,Returning
CUST_02912,Nigeria,Desktop,Returning
CUST_02913,Ghana,Tablet,New
CUST_02914,Germany,Desktop,Returning
CUST_02915,Ghana,Desktop,New
CUST_02916,Germany,Desktop,Returning
CUST_02917,UK,Desktop,New
CUST_02918,UK,Desktop,New
CUST_02919,Germany,Mobile,Returning
CUST_02920,Nigeria,Tablet,New
CUST_02921,Ghana,Mobile,New
CUST_02922,Ghana,Mobile,Returning
CUST_02923,UK,Mobile,New
CUST_02924,Germany,Desktop,New
CUST_02925,Ghana,Mobile,New
CUST_02926,Ghana,Tablet,Returning
CUST_02927,Nigeria,Mobile,Returning
CUST_02928,Kenya,Desktop,Returning
CUST_02929,UK,Tablet,Returning
CUST_02930,UK,Tablet,Returning
CUST_02931,Kenya,Tablet,New
CUST_02932,Ghana,Tablet,New
CUST_02933,Nigeria,Mobile,New
CUST_02934,Nigeria,Desktop,Returning
CUST_02935,UK,Tablet,New
CUST_02936,Nigeria,Tablet,Returning
CUST_02937,Kenya,Desktop,New
CUST_02938,Ghana,Mobile,Returning
CUST_02939,Kenya,Tablet,New
CUST_02940,Germany,Mobile,New
CUST_02941,UK,Mobile,Returning
CUST_02942,Nigeria,Mobile,New
CUST_02943,Germany,Mobile,New
CUST_02944,Nigeria,Tablet,Returning
CUST_02945,Ghana,Tablet,New
CUST_02946,Ghana,Mobile,New
CUST_02947,Ghana,Mobile,Returning
CUST_02948,Nigeria,Desktop,Returning
CUST_02949,Germany,Desktop,Returning
CUST_02950,Ghana,Desktop,Returning
CUST_02951,Germany,Tablet,Returning
CUST_02952,Nigeria,Desktop,New
CUST_02953,Germany,Tablet,Returning
CUST_02954,Nigeria,Tablet,Returning
CUST_02955,Nigeria,Tablet,New
CUST_02956,UK,Tablet,New
CUST_02957,Nigeria,Desktop,New
CUST_02958,Nigeria,Mobile,New
CUST_02959,Kenya,Mobile,New
CUST_02960,Ghana,Mobile,Returning
CUST_02961,UK,Desktop,New
CUST_02962,UK,Mobile,Returning
CUST_02963,UK,Desktop,New
CUST_02964,Kenya,Desktop,Returning
CUST_02965,Nigeria,Desktop,New
CUST_02966,Ghana,Mobile,Returning
CUST_02967,Germany,Mobile,Returning
CUST_02968,Nigeria,Mobile,Returning
CUST_02969,Kenya,Tablet,Returning
CUST_02970,Nigeria,Desktop,Returning
CUST_02971,Nigeria,Tablet,Returning
CUST_02972,Kenya,Desktop,Returning
CUST_02973,UK,Mobile,Returning
CUST_02974,UK,Desktop,Returning
CUST_02975,Ghana,Desktop,Returning
CUST_02976,Ghana,Tablet,New
CUST_02977,UK,Desktop,Returning
CUST_02978,Germany,Mobile,Returning
CUST_02979,Nigeria,Desktop,New
CUST_02980,Germany,Desktop,Returning
CUST_02981,Nigeria,Desktop,Returning
CUST_02982,UK,Tablet,New
CUST_02983,Ghana,Desktop,New
CUST_02984,Ghana,Desktop,Returning
CUST_02985,Germany,Tablet,New
CUST_02986,Ghana,Tablet,Returning
CUST_02987,UK,Tablet,Returning
CUST_02988,Germany,Tablet,Returning
CUST_02989,Nigeria,Mobile,New
CUST_02990,Ghana,Mobile,Returning
CUST_02991,Kenya,Desktop,Returning
CUST_02992,Ghana,Mobile,New
CUST_02993,Nigeria,Desktop,Returning
CUST_02994,Germany,Mobile,Returning
CUST_02995,Nigeria,Tablet,Returning
CUST_02996,Kenya,Tablet,Returning
CUST_02997,UK,Mobile,Returning
CUST_02998,Ghana,Mobile,Returning
CUST_02999,Germany,Desktop,New
CUST_03000,UK,Desktop,Returning
CUST_03001,Nigeria,Desktop,Returning
CUST_03002,Germany,Tablet,New
CUST_03003,UK,Tablet,Returning
CUST_03004,Germany,Tablet,Returning
CUST_03005,Kenya,Tablet,New
CUST_03006,Kenya,Desktop,New
CUST_03007,Ghana,Tablet,New
CUST_03008,Ghana,Tablet,New
CUST_03009,Kenya,Tablet,New
CUST_03010,Germany,Tablet,New
CUST_03011,Kenya,Mobile,New
CUST_03012,Ghana,Desktop,Returning
CUST_03013,Kenya,Desktop,Returning
CUST_03014,Kenya,Tablet,Returning
CUST_03015,Germany,Mobile,New
CUST_03016,UK,Desktop,Returning
CUST_03017,Ghana,Desktop,New
CUST_03018,Germany,Tablet,Returning
CUST_03019,Kenya,Tablet,Returning
CUST_03020,Kenya,Desktop,Returning
CUST_03021,UK,Desktop,Returning
CUST_03022,Ghana,Mobile,New
CUST_03023,Ghana,Desktop,New
CUST_03024,Nigeria,Desktop,Returning
CUST_03025,Ghana,Tablet,New
CUST_03026,UK,Desktop,New
CUST_03027,Nigeria,Tablet,Returning
CUST_03028,Nigeria,Desktop,New
CUST_03029,Kenya,Desktop,New
CUST_03030,Kenya,Desktop,New
CUST_03031,Ghana,Mobile,New
CUST_03032,Nigeria,Tablet,Returning
CUST_03033,Kenya,Mobile,Returning
CUST_03034,UK,Desktop,New
CUST_03035,Kenya,Mobile,Returning
CUST_03036,Kenya,Tablet,Returning
CUST_03037,Nigeria,Desktop,Returning
CUST_03038,Nigeria,Mobile,New
CUST_03039,Germany,Mobile,New
CUST_03040,UK,Tablet,Returning
CUST_03041,Nigeria,Mobile,Returning
CUST_03042,Ghana,Tablet,New
CUST_03043,UK,Desktop,Returning
CUST_03044,UK,Desktop,New
CUST_03045,Nigeria,Mobile,Returning
CUST_03046,UK,Desktop,New
CUST_03047,Nigeria,Desktop,New
CUST_03048,Kenya,Mobile,New
CUST_03049,Germany,Desktop,New
CUST_03050,Kenya,Mobile,Returning
CUST_03051,Nigeria,Tablet,New
CUST_03052,Nigeria,Tablet,Returning
CUST_03053,Kenya,Tablet,New
CUST_03054,Ghana,Mobile,New
CUST_03055,Ghana,Mobile,Returning
CUST_03056,Ghana,Desktop,Returning
CUST_03057,Nigeria,Desktop,Returning
CUST_03058,UK,Desktop,New
CUST_03059,Nigeria,Desktop,New
CUST_03060,UK,Desktop,Returning
CUST_03061,Kenya,Mobile,New
CUST_03062,Germany,Mobile,Returning
CUST_03063,UK,Tablet,New
CUST_03064,Ghana,Tablet,New
CUST_03065,Nigeria,Tablet,New
CUST_03066,Kenya,Tablet,Returning
CUST_03067,Ghana,Mobile,New
CUST_03068,Kenya,Mobile,Returning
CUST_03069,Germany,Mobile,Returning
CUST_03070,Nigeria,Desktop,New
CUST_03071,Nigeria,Desktop,Returning
CUST_03072,Germany,Tablet,Returning
CUST_03073,Nigeria,Desktop,New
CUST_03074,UK,Mobile,Returning
CUST_03075,Kenya,Tablet,Returning
CUST_03076,Ghana,Tablet,New
CUST_03077,Germany,Desktop,New
CUST_03078,UK,Tablet,New
CUST_03079,Ghana,Desktop,Returning
CUST_03080,Ghana,Desktop,Returning
CUST_03081,Germany,Tablet,New
CUST_03082,UK,Desktop,Returning
CUST_03083,Ghana,Desktop,New
CUST_03084,Ghana,Desktop,New
CUST_03085,UK,Desktop,New
CUST_03086,Nigeria,Tablet,Returning
CUST_03087,Ghana,Mobile,Returning
CUST_03088,Kenya,Mobile,New
CUST_03089,UK,Desktop,New
CUST_03090,Ghana,Desktop,Returning
CUST_03091,Germany,Desktop,New
CUST_03092,Kenya,Mobile,Returning
CUST_03093,Ghana,Desktop,New
CUST_03094,Kenya,Tablet,New
CUST_03095,Kenya,Tablet,Returning
CUST_03096,Nigeria,Tablet,Returning
CUST_03097,Kenya,Mobile,Returning
CUST_03098,Nigeria,Desktop,Returning
CUST_03099,UK,Desktop,Returning
CUST_03100,Nigeria,Desktop,New
CUST_03101,Germany,Mobile,New
CUST_03102,Ghana,Mobile,Returning
CUST_03103,UK,Mobile,Returning
CUST_03104,UK,Mobile,New
CUST_03105,Germany,Tablet,New
CUST_03106,Nigeria,Mobile,Returning
CUST_03107,Ghana,Mobile,Returning
CUST_03108,Nigeria,Mobile,New
CUST_03109,Kenya,Desktop,Returning
CUST_03110,Nigeria,Desktop,New
CUST_03111,UK,Desktop,New
CUST_03112,Ghana,Tablet,Returning
CUST_03113,Nigeria,Tablet,New
CUST_03114,Ghana,Mobile,New
CUST_03115,Ghana,Desktop,New
CUST_03116,Kenya,Tablet,Returning
CUST_03117,Kenya,Desktop,New
CUST_03118,UK,Tablet,Returning
CUST_03119,Germany,Tablet,New
CUST_03120,Ghana,Mobile,New
CUST_03121,Germany,Mobile,New
CUST_03122,UK,Tablet,New
CUST_03123,Ghana,Mobile,New
CUST_03124,Ghana,Tablet,Returning
CUST_03125,Germany,Tablet,Returning
CUST_03126,Nigeria,Desktop,New
CUST_03127,Kenya,Mobile,Returning
CUST_03128,Nigeria,Mobile,Returning
CUST_03129,Germany,Mobile,New
CUST_03130,Kenya,Desktop,Returning
CUST_03131,Nigeria,Desktop,Returning
CUST_03132,Kenya,Desktop,Returning
CUST_03133,Ghana,Mobile,Returning
CUST_03134,Nigeria,Mobile,New
CUST_03135,Kenya,Mobile,Returning
CUST_03136,Kenya,Desktop,New
CUST_03137,Kenya,Desktop,New
CUST_03138,Nigeria,Tablet,Returning
CUST_03139,UK,Desktop,New
CUST_03140,Nigeria,Tablet,Returning
CUST_03141,Germany,Mobile,New
CUST_03142,Nigeria,Desktop,Returning
CUST_03143,Kenya,Mobile,Returning
CUST_03144,Ghana,Mobile,New
CUST_03145,Nigeria,Mobile,Returning
CUST_03146,Nigeria,Mobile,Returning
CUST_03147,Kenya,Desktop,Returning
CUST_03148,Ghana,Mobile,Returning
CUST_03149,Ghana,Tablet,New
CUST_03150,Germany,Desktop,New
CUST_03151,Nigeria,Mobile,New
CUST_03152,Ghana,Desktop,Returning
CUST_03153,Ghana,Tablet,New
CUST_03154,UK,Mobile,Returning
CUST_03155,UK,Tablet,Returning
CUST_03156,Ghana,Mobile,Returning
CUST_03157,Germany,Tablet,New
CUST_03158,Ghana,Mobile,New
CUST_03159,Kenya,Desktop,New
CUST_03160,Nigeria,Mobile,New
CUST_03161,Germany,Desktop,Returning
CUST_03162,Kenya,Mobile,New
CUST_03163,Germany,Mobile,New
CUST_03164,Kenya,Tablet,New
CUST_03165,Nigeria,Tablet,New
CUST_03166,Nigeria,Tablet,Returning
CUST_03167,UK,Mobile,New
CUST_03168,Kenya,Mobile,New
CUST_03169,UK,Mobile,New
CUST_03170,Kenya,Desktop,Returning
CUST_03171,UK,Desktop,New
CUST_03172,Nigeria,Mobile,New
CUST_03173,Germany,Tablet,New
CUST_03174,UK,Tablet,Returning
CUST_03175,Kenya,Tablet,Returning
CUST_03176,Kenya,Mobile,New
CUST_03177,Nigeria,Tablet,New
CUST_03178,Kenya,Mobile,Returning
CUST_03179,Ghana,Desktop,Returning
CUST_03180,Germany,Tablet,Returning
CUST_03181,UK,Desktop,Returning
CUST_03182,Germany,Tablet,Returning
CUST_03183,Nigeria,Mobile,New
CUST_03184,UK,Mobile,New
CUST_03185,UK,Mobile,New
CUST_03186,Ghana,Mobile,New
CUST_03187,Nigeria,Tablet,Returning
CUST_03188,Kenya,Desktop,Returning
CUST_03189,Ghana,Mobile,Returning
CUST_03190,Ghana,Tablet,Returning
CUST_03191,Germany,Desktop,Returning
CUST_03192,Germany,Mobile,New
CUST_03193,Germany,Desktop,New
CUST_03194,Ghana,Mobile,New
CUST_03195,Kenya,Desktop,New
CUST_03196,UK,Desktop,New
CUST_03197,Germany,Mobile,Returning
CUST_03198,Kenya,Tablet,Returning
CUST_03199,Nigeria,Desktop,Returning
CUST_03200,Germany,Mobile,Returning
CUST_03201,UK,Desktop,Returning
CUST_03202,Nigeria,Desktop,New
CUST_03203,Nigeria,Tablet,New
CUST_03204,UK,Desktop,New
CUST_03205,Germany,Desktop,Returning
CUST_03206,Ghana,Mobile,Returning
CUST_03207,UK,Mobile,Returning
CUST_03208,UK,Tablet,Returning
CUST_03209,UK,Desktop,New
CUST_03210,Nigeria,Desktop,Returning
CUST_03211,Kenya,Desktop,New
CUST_03212,Ghana,Tablet,Returning
CUST_03213,Germany,Desktop,New
CUST_03214,Germany,Mobile,Returning
CUST_03215,Kenya,Tablet,Returning
CUST_03216,UK,Mobile,New
CUST_03217,Ghana,Mobile,New
CUST_03218,Germany,Tablet,Returning
CUST_03219,Germany,Mobile,New
CUST_03220,UK,Desktop,Returning
CUST_03221,Kenya,Tablet,Returning
CUST_03222,Ghana,Mobile,New
CUST_03223,Kenya,Desktop,Returning
CUST_03224,Kenya,Desktop,Returning
CUST_03225,Ghana,Mobile,New
CUST_03226,Ghana,Desktop,Returning
CUST_03227,Germany,Tablet,Returning
CUST_03228,Germany,Mobile,Returning
CUST_03229,Ghana,Desktop,Returning
CUST_03230,Nigeria,Desktop,New
CUST_03231,Germany,Mobile,New
CUST_03232,Nigeria,Mobile,New
CUST_03233,Ghana,Mobile,Returning
CUST_03234,Germany,Mobile,New
CUST_03235,Kenya,Tablet,New
CUST_03236,Ghana,Mobile,New
CUST_03237,UK,Tablet,Returning
CUST_03238,Nigeria,Tablet,New
CUST_03239,Ghana,Mobile,New
CUST_03240,Ghana,Tablet,Returning
CUST_03241,Germany,Mobile,Returning
CUST_03242,Germany,Mobile,Returning
CUST_03243,Germany,Desktop,Returning
CUST_03244,UK,Mobile,Returning
CUST_03245,Germany,Desktop,Returning
CUST_03246,Ghana,Tablet,New
CUST_03247,Germany,Desktop,New
CUST_03248,Kenya,Tablet,Returning
CUST_03249,Germany,Mobile,Returning
CUST_03250,UK,Tablet,New
CUST_03251,Kenya,Tablet,Returning
CUST_03252,Ghana,Mobile,Returning
CUST_03253,Ghana,Tablet,New
CUST_03254,Nigeria,Mobile,Returning
CUST_03255,Kenya,Desktop,Returning
CUST_03256,Nigeria,Mobile,New
CUST_03257,Kenya,Mobile,New
CUST_03258,Kenya,Tablet,New
CUST_03259,UK,Desktop,New
CUST_03260,Nigeria,Mobile,New
CUST_03261,UK,Desktop,Returning
CUST_03262,Kenya,Desktop,Returning
CUST_03263,Ghana,Tablet,Returning
CUST_03264,Kenya,Mobile,Returning
CUST_03265,UK,Tablet,Returning
CUST_03266,Nigeria,Mobile,New
CUST_03267,Nigeria,Desktop,Returning
CUST_03268,UK,Mobile,Returning
CUST_03269,Nigeria,Mobile,Returning
CUST_03270,Germany,Desktop,Returning
CUST_03271,Ghana,Desktop,Returning
CUST_03272,Ghana,Mobile,New
CUST_03273,Ghana,Tablet,Returning
CUST_03274,Nigeria,Mobile,Returning
CUST_03275,Nigeria,Desktop,Returning
CUST_03276,Kenya,Tablet,Returning
CUST_03277,Kenya,Desktop,Returning
CUST_03278,Ghana,Desktop,Returning
CUST_03279,Germany,Tablet,New
CUST_03280,Kenya,Desktop,Returning
CUST_03281,Kenya,Desktop,New
CUST_03282,Nigeria,Desktop,New
CUST_03283,Germany,Desktop,Returning
CUST_03284,Ghana,Desktop,Returning
CUST_03285,Kenya,Desktop,Returning
CUST_03286,Germany,Desktop,New
CUST_03287,Germany,Desktop,Returning
CUST_03288,Ghana,Desktop,Returning
CUST_03289,Germany,Mobile,Returning
CUST_03290,Germany,Mobile,New
CUST_03291,Germany,Desktop,New
CUST_03292,Kenya,Mobile,Returning
CUST_03293,Ghana,Tablet,New
CUST_03294,Germany,Mobile,Returning
CUST_03295,Germany,Desktop,New
CUST_03296,Kenya,Desktop,Returning
CUST_03297,Ghana,Mobile,New
CUST_03298,Nigeria,Desktop,Returning
CUST_03299,Kenya,Tablet,Returning
CUST_03300,Ghana,Tablet,New
CUST_03301,Germany,Desktop,New
CUST_03302,Ghana,Tablet,New
CUST_03303,Ghana,Tablet,New
CUST_03304,Ghana,Mobile,New
CUST_03305,Nigeria,Tablet,Returning
CUST_03306,Ghana,Mobile,Returning
CUST_03307,Nigeria,Desktop,New
CUST_03308,Germany,Mobile,Returning
CUST_03309,Nigeria,Desktop,Returning
CUST_03310,Germany,Desktop,New
CUST_03311,Germany,Desktop,Returning
CUST_03312,Nigeria,Desktop,Returning
CUST_03313,Kenya,Desktop,New
CUST_03314,UK,Mobile,New
CUST_03315,Ghana,Desktop,Returning
CUST_03316,UK,Tablet,New
CUST_03317,Ghana,Tablet,Returning
CUST_03318,Ghana,Desktop,New
CUST_03319,Germany,Tablet,New
CUST_03320,Ghana,Mobile,New
CUST_03321,Ghana,Mobile,New
CUST_03322,Nigeria,Desktop,Returning
CUST_03323,UK,Desktop,New
CUST_03324,Nigeria,Desktop,New
CUST_03325,Ghana,Tablet,Returning
CUST_03326,Germany,Tablet,Returning
CUST_03327,Nigeria,Mobile,Returning
CUST_03328,Nigeria,Tablet,Returning
CUST_03329,Kenya,Mobile,New
CUST_03330,Ghana,Tablet,Returning
CUST_03331,Germany,Mobile,New
CUST_03332,Nigeria,Desktop,Returning
CUST_03333,Nigeria,Tablet,New
CUST_03334,Germany,Mobile,Returning
CUST_03335,Ghana,Tablet,New
CUST_03336,Kenya,Desktop,New
CUST_03337,Nigeria,Mobile,Returning
CUST_03338,Kenya,Tablet,New
CUST_03339,UK,Tablet,New
CUST_03340,Ghana,Desktop,New
CUST_03341,UK,Desktop,New
CUST_03342,UK,Mobile,Returning
CUST_03343,UK,Tablet,New
CUST_03344,Ghana,Tablet,New
CUST_03345,Ghana,Desktop,Returning
CUST_03346,Germany,Desktop,Returning
CUST_03347,Kenya,Mobile,Returning
CUST_03348,Kenya,Tablet,New
CUST_03349,Germany,Tablet,New
CUST_03350,Germany,Mobile,Returning
CUST_03351,UK,Mobile,New
CUST_03352,Germany,Desktop,Returning
CUST_03353,Nigeria,Desktop,New
CUST_03354,Kenya,Mobile,Returning
CUST_03355,Germany,Mobile,New
CUST_03356,Nigeria,Tablet,Returning
CUST_03357,Nigeria,Mobile,New
CUST_03358,Nigeria,Mobile,Returning
CUST_03359,Nigeria,Tablet,New
CUST_03360,UK,Mobile,New
CUST_03361,Nigeria,Desktop,New
CUST_03362,UK,Desktop,Returning
CUST_03363,UK,Tablet,New
CUST_03364,Nigeria,Mobile,New
CUST_03365,Kenya,Desktop,New
CUST_03366,Nigeria,Desktop,Returning
CUST_03367,Nigeria,Desktop,New
CUST_03368,Nigeria,Desktop,Returning
CUST_03369,Kenya,Mobile,New
CUST_03370,Ghana,Mobile,Returning
CUST_03371,Ghana,Mobile,Returning
CUST_03372,UK,Mobile,New
CUST_03373,UK,Desktop,Returning
CUST_03374,Kenya,Tablet,Returning
CUST_03375,Germany,Tablet,New
CUST_03376,Ghana,Desktop,Returning
CUST_03377,UK,Desktop,Returning
CUST_03378,Ghana,Tablet,Returning
CUST_03379,Kenya,Tablet,Returning
CUST_03380,Kenya,Desktop,New
CUST_03381,Germany,Desktop,Returning
CUST_03382,Germany,Mobile,Returning
CUST_03383,Kenya,Mobile,New
CUST_03384,UK,Tablet,New
CUST_03385,Ghana,Desktop,Returning
CUST_03386,Nigeria,Tablet,New
CUST_03387,Germany,Mobile,New
CUST_03388,Nigeria,Mobile,New
CUST_03389,UK,Tablet,New
CUST_03390,Germany,Mobile,New
CUST_03391,Nigeria,Desktop,New
CUST_03392,UK,Tablet,New
CUST_03393,Ghana,Desktop,New
CUST_03394,UK,Desktop,New
CUST_03395,Germany,Mobile,Returning
CUST_03396,Kenya,Desktop,Returning
CUST_03397,Ghana,Tablet,Returning
CUST_03398,Nigeria,Desktop,Returning
CUST_03399,Germany,Desktop,Returning
CUST_03400,Kenya,Desktop,New
CUST_03401,UK,Desktop,New
CUST_03402,Kenya,Desktop,Returning
CUST_03403,Germany,Mobile,Returning
CUST_03404,Germany,Tablet,New
CUST_03405,Kenya,Mobile,Returning
CUST_03406,UK,Tablet,New
CUST_03407,Kenya,Tablet,Returning
CUST_03408,Germany,Tablet,New
CUST_03409,Germany,Tablet,Returning
CUST_03410,Nigeria,Tablet,New
CUST_03411,Nigeria,Desktop,Returning
CUST_03412,Ghana,Mobile,Returning
CUST_03413,Germany,Mobile,New
CUST_03414,Nigeria,Desktop,New
CUST_03415,Kenya,Tablet,Returning
CUST_03416,UK,Mobile,Returning
CUST_03417,Kenya,Desktop,New
CUST_03418,UK,Desktop,New
CUST_03419,Nigeria,Mobile,New
CUST_03420,Ghana,Mobile,Returning
CUST_03421,Kenya,Tablet,Returning
CUST_03422,Kenya,Tablet,New
CUST_03423,Kenya,Mobile,Returning
CUST_03424,UK,Tablet,Returning
CUST_03425,Nigeria,Desktop,New
CUST_03426,Kenya,Tablet,Returning
CUST_03427,Kenya,Tablet,New
CUST_03428,Ghana,Desktop,New
CUST_03429,Ghana,Tablet,Returning
CUST_03430,Nigeria,Desktop,Returning
CUST_03431,Nigeria,Tablet,New
CUST_03432,Germany,Mobile,New
CUST_03433,Ghana,Tablet,New
CUST_03434,Germany,Mobile,Returning
CUST_03435,UK,Mobile,New
CUST_03436,Germany,Mobile,New
CUST_03437,Kenya,Mobile,New
CUST_03438,Germany,Mobile,New
CUST_03439,Nigeria,Desktop,Returning
CUST_03440,UK,Desktop,Returning
CUST_03441,Kenya,Desktop,New
CUST_03442,Germany,Mobile,Returning
CUST_03443,UK,Tablet,Returning
CUST_03444,UK,Desktop,Returning
CUST_03445,Kenya,Tablet,New
CUST_03446,Germany,Tablet,Returning
CUST_03447,UK,Mobile,Returning
CUST_03448,UK,Mobile,New
CUST_03449,Ghana,Mobile,New
CUST_03450,UK,Desktop,Returning
CUST_03451,Ghana,Mobile,Returning
CUST_03452,Germany,Desktop,New
CUST_03453,Germany,Desktop,New
CUST_03454,Germany,Desktop,New
CUST_03455,Nigeria,Desktop,New
CUST_03456,Germany,Mobile,Returning
CUST_03457,UK,Desktop,New
CUST_03458,Kenya,Mobile,Returning
CUST_03459,Ghana,Mobile,Returning
CUST_03460,Nigeria,Desktop,Returning
CUST_03461,Germany,Mobile,New
CUST_03462,Germany,Tablet,New
CUST_03463,Kenya,Mobile,Returning
CUST_03464,Kenya,Mobile,Returning
CUST_03465,Nigeria,Desktop,Returning
CUST_03466,Ghana,Desktop,Returning
CUST_03467,Germany,Mobile,Returning
CUST_03468,Nigeria,Desktop,New
CUST_03469,UK,Tablet,New
CUST_03470,UK,Tablet,New
CUST_03471,Nigeria,Desktop,Returning
CUST_03472,Germany,Mobile,Returning
CUST_03473,Nigeria,Tablet,New
CUST_03474,Germany,Tablet,New
CUST_03475,Kenya,Mobile,Returning
CUST_03476,Nigeria,Desktop,New
CUST_03477,Germany,Tablet,New
CUST_03478,Nigeria,Mobile,New
CUST_03479,Nigeria,Mobile,Returning
CUST_03480,Germany,Tablet,Returning
CUST_03481,Germany,Desktop,New
CUST_03482,Ghana,Tablet,Returning
CUST_03483,Nigeria,Mobile,New
CUST_03484,UK,Tablet,New
CUST_03485,Nigeria,Desktop,Returning
CUST_03486,Nigeria,Mobile,Returning
CUST_03487,Germany,Desktop,Returning
CUST_03488,Nigeria,Tablet,New
CUST_03489,Nigeria,Tablet,New
CUST_03490,UK,Desktop,New
CUST_03491,Germany,Tablet,Returning
CUST_03492,Nigeria,Desktop,New
CUST_03493,Kenya,Tablet,New
CUST_03494,Ghana,Desktop,New
CUST_03495,UK,Desktop,New
CUST_03496,Nigeria,Mobile,Returning
CUST_03497,Kenya,Mobile,Returning
CUST_03498,Nigeria,Desktop,Returning
CUST_03499,Nigeria,Tablet,New
CUST_03500,Germany,Tablet,New
CUST_03501,Germany,Tablet,New
CUST_03502,Germany,Desktop,Returning
CUST_03503,Kenya,Desktop,Returning
CUST_03504,Nigeria,Desktop,Returning
CUST_03505,Ghana,Desktop,Returning
CUST_03506,UK,Mobile,Returning
CUST_03507,Germany,Desktop,New
CUST_03508,Germany,Tablet,Returning
CUST_03509,Nigeria,Mobile,Returning
CUST_03510,Nigeria,Tablet,Returning
CUST_03511,Kenya,Desktop,New
CUST_03512,Kenya,Mobile,Returning
CUST_03513,Germany,Desktop,Returning
CUST_03514,Nigeria,Mobile,Returning
CUST_03515,Ghana,Tablet,New
CUST_03516,UK,Desktop,New
CUST_03517,Nigeria,Desktop,Returning
CUST_03518,Nigeria,Mobile,Returning
CUST_03519,Kenya,Mobile,Returning
CUST_03520,UK,Desktop,Returning
CUST_03521,Germany,Mobile,New
CUST_03522,Nigeria,Desktop,Returning
CUST_03523,Germany,Mobile,New
CUST_03524,Nigeria,Tablet,Returning
CUST_03525,Germany,Mobile,New
CUST_03526,UK,Tablet,New
CUST_03527,Kenya,Mobile,Returning
CUST_03528,UK,Mobile,New
CUST_03529,Ghana,Desktop,Returning
CUST_03530,Kenya,Mobile,New
CUST_03531,UK,Mobile,New
CUST_03532,Ghana,Tablet,Returning
CUST_03533,Nigeria,Mobile,Returning
CUST_03534,Nigeria,Desktop,New
CUST_03535,Germany,Tablet,New
CUST_03536,Kenya,Desktop,Returning
CUST_03537,Nigeria,Desktop,Returning
CUST_03538,Kenya,Desktop,Returning
CUST_03539,Nigeria,Desktop,New
CUST_03540,Germany,Tablet,Returning
CUST_03541,UK,Mobile,Returning
CUST_03542,Germany,Desktop,New
CUST_03543,Ghana,Tablet,Returning
CUST_03544,Nigeria,Desktop,Returning
CUST_03545,Ghana,Mobile,Returning
CUST_03546,Ghana,Tablet,Returning
CUST_03547,Kenya,Tablet,New
CUST_03548,Nigeria,Mobile,Returning
CUST_03549,Ghana,Tablet,Returning
CUST_03550,UK,Mobile,Returning
CUST_03551,Ghana,Tablet,Returning
CUST_03552,UK,Tablet,Returning
CUST_03553,Kenya,Mobile,Returning
CUST_03554,Ghana,Mobile,New
CUST_03555,Germany,Tablet,New
CUST_03556,Kenya,Tablet,New
CUST_03557,UK,Mobile,Returning
CUST_03558,Kenya,Mobile,Returning
CUST_03559,Ghana,Tablet,Returning
CUST_03560,Nigeria,Tablet,New
CUST_03561,Nigeria,Tablet,Returning
CUST_03562,UK,Mobile,New
CUST_03563,UK,Tablet,Returning
CUST_03564,Nigeria,Desktop,Returning
CUST_03565,UK,Mobile,New
CUST_03566,Kenya,Tablet,New
CUST_03567,Germany,Mobile,New
CUST_03568,Germany,Desktop,New
CUST_03569,Kenya,Mobile,New
CUST_03570,Germany,Tablet,New
CUST_03571,Ghana,Desktop,Returning
CUST_03572,Kenya,Desktop,New
CUST_03573,UK,Tablet,Returning
CUST_03574,Kenya,Tablet,Returning
CUST_03575,Nigeria,Tablet,Returning
CUST_03576,UK,Mobile,Returning
CUST_03577,Nigeria,Mobile,Returning
CUST_03578,UK,Mobile,New
CUST_03579,Germany,Tablet,New
CUST_03580,Kenya,Tablet,New
CUST_03581,Ghana,Mobile,Returning
CUST_03582,UK,Desktop,New
CUST_03583,UK,Mobile,Returning
CUST_03584,Nigeria,Desktop,Returning
CUST_03585,Germany,Tablet,Returning
CUST_03586,Nigeria,Tablet,Returning
CUST_03587,Nigeria,Mobile,New
CUST_03588,Germany,Mobile,New
CUST_03589,Ghana,Tablet,New
CUST_03590,Nigeria,Mobile,New
CUST_03591,Nigeria,Tablet,New
CUST_03592,UK,Tablet,Returning
CUST_03593,Germany,Desktop,New
CUST_03594,Kenya,Mobile,Returning
CUST_03595,Ghana,Tablet,Returning
CUST_03596,Ghana,Mobile,Returning
CUST_03597,Germany,Desktop,New
CUST_03598,UK,Desktop,Returning
CUST_03599,UK,Mobile,Returning
CUST_03600,Germany,Mobile,New
CUST_03601,UK,Tablet,Returning
CUST_03602,Ghana,Desktop,Returning
CUST_03603,Ghana,Desktop,Returning
CUST_03604,Kenya,Desktop,New
CUST_03605,Germany,Mobile,Returning
CUST_03606,Nigeria,Tablet,Returning
CUST_03607,Nigeria,Mobile,New
CUST_03608,Kenya,Mobile,New
CUST_03609,Kenya,Mobile,Returning
CUST_03610,UK,Tablet,New
CUST_03611,Kenya,Mobile,New
CUST_03612,Kenya,Desktop,New
CUST_03613,Nigeria,Desktop,New
CUST_03614,UK,Desktop,New
CUST_03615,Kenya,Tablet,New
CUST_03616,Kenya,Mobile,New
CUST_03617,UK,Tablet,Returning
CUST_03618,Germany,Mobile,New
CUST_03619,UK,Desktop,New
CUST_03620,Nigeria,Mobile,New
CUST_03621,Germany,Mobile,Returning
CUST_03622,Ghana,Mobile,New
CUST_03623,UK,Tablet,New
CUST_03624,Nigeria,Mobile,Returning
CUST_03625,Germany,Mobile,New
CUST_03626,UK,Mobile,Returning
CUST_03627,Kenya,Tablet,Returning
CUST_03628,UK,Tablet,New
CUST_03629,Ghana,Tablet,Returning
CUST_03630,UK,Mobile,New
CUST_03631,Germany,Desktop,New
CUST_03632,Germany,Desktop,Returning
CUST_03633,UK,Desktop,Returning
CUST_03634,Germany,Mobile,New
CUST_03635,Kenya,Desktop,New
CUST_03636,UK,Desktop,Returning
CUST_03637,Kenya,Desktop,New
CUST_03638,Kenya,Mobile,New
CUST_03639,Nigeria,Desktop,New
CUST_03640,UK,Desktop,Returning
CUST_03641,Germany,Mobile,New
CUST_03642,Kenya,Tablet,New
CUST_03643,Nigeria,Desktop,New
CUST_03644,UK,Tablet,Returning
CUST_03645,UK,Desktop,Returning
CUST_03646,Ghana,Mobile,Returning
CUST_03647,Ghana,Tablet,New
CUST_03648,Kenya,Tablet,Returning
CUST_03649,Ghana,Tablet,New
CUST_03650,Kenya,Tablet,Returning
CUST_03651,Germany,Desktop,New
CUST_03652,Kenya,Desktop,Returning
CUST_03653,Ghana,Tablet,New
CUST_03654,Germany,Desktop,New
CUST_03655,Ghana,Tablet,Returning
CUST_03656,Kenya,Tablet,New
CUST_03657,Nigeria,Mobile,Returning
CUST_03658,UK,Tablet,Returning
CUST_03659,Ghana,Desktop,New
CUST_03660,Kenya,Tablet,New
CUST_03661,Germany,Mobile,Returning
CUST_03662,Ghana,Desktop,Returning
CUST_03663,Ghana,Mobile,Returning
CUST_03664,UK,Mobile,New
CUST_03665,Kenya,Tablet,Returning
CUST_03666,Nigeria,Mobile,New
CUST_03667,Germany,Mobile,New
CUST_03668,Kenya,Desktop,Returning
CUST_03669,Germany,Mobile,Returning
CUST_03670,Ghana,Tablet,New
CUST_03671,UK,Tablet,New
CUST_03672,UK,Tablet,New
CUST_03673,Nigeria,Mobile,New
CUST_03674,UK,Desktop,Returning
CUST_03675,Ghana,Tablet,New
CUST_03676,Nigeria,Mobile,Returning
CUST_03677,Kenya,Tablet,Returning
CUST_03678,UK,Tablet,Returning
CUST_03679,Nigeria,Desktop,New
CUST_03680,Ghana,Tablet,New
CUST_03681,Germany,Desktop,Returning
CUST_03682,Germany,Mobile,Returning
CUST_03683,Ghana,Tablet,Returning
CUST_03684,Ghana,Mobile,Returning
CUST_03685,Germany,Mobile,New
CUST_03686,Nigeria,Mobile,Returning
CUST_03687,Germany,Tablet,New
CUST_03688,Ghana,Desktop,New
CUST_03689,UK,Tablet,New
CUST_03690,Kenya,Mobile,New
CUST_03691,UK,Desktop,Returning
CUST_03692,UK,Mobile,New
CUST_03693,Ghana,Desktop,Returning
CUST_03694,Germany,Tablet,New
CUST_03695,Nigeria,Desktop,Returning
CUST_03696,UK,Tablet,Returning
CUST_03697,Germany,Mobile,Returning
CUST_03698,Nigeria,Desktop,Returning
CUST_03699,UK,Mobile,Returning
CUST_03700,Nigeria,Desktop,New
CUST_03701,Germany,Tablet,Returning
CUST_03702,Kenya,Desktop,New
CUST_03703,Germany,Desktop,Returning
CUST_03704,Ghana,Tablet,New
CUST_03705,Nigeria,Tablet,New
CUST_03706,Kenya,Tablet,New
CUST_03707,Nigeria,Desktop,Returning
CUST_03708,Nigeria,Mobile,New
CUST_03709,UK,Desktop,Returning
CUST_03710,Ghana,Desktop,Returning
CUST_03711,Nigeria,Mobile,New
CUST_03712,Germany,Tablet,New
CUST_03713,Germany,Desktop,Returning
CUST_03714,UK,Mobile,Returning
CUST_03715,Ghana,Tablet,Returning
CUST_03716,Ghana,Tablet,Returning
CUST_03717,Germany,Desktop,Returning
CUST_03718,Kenya,Tablet,Returning
CUST_03719,UK,Tablet,New
CUST_03720,UK,Mobile,Returning
CUST_03721,Germany,Mobile,Returning
CUST_03722,Germany,Tablet,New
CUST_03723,Kenya,Mobile,New
CUST_03724,Kenya,Tablet,New
CUST_03725,Ghana,Desktop,Returning
CUST_03726,UK,Mobile,New
CUST_03727,UK,Tablet,New
CUST_03728,Germany,Tablet,Returning
CUST_03729,Ghana,Mobile,Returning
CUST_03730,UK,Mobile,Returning
CUST_03731,Ghana,Desktop,Returning
CUST_03732,Ghana,Tablet,New
CUST_03733,Germany,Desktop,Returning
CUST_03734,Ghana,Desktop,New
CUST_03735,Kenya,Desktop,Returning
CUST_03736,Kenya,Mobile,New
CUST_03737,Nigeria,Desktop,Returning
CUST_03738,Germany,Mobile,Returning
CUST_03739,Nigeria,Mobile,Returning
CUST_03740,Kenya,Desktop,New
CUST_03741,Nigeria,Desktop,New
CUST_03742,Germany,Tablet,New
CUST_03743,Germany,Desktop,Returning
CUST_03744,Ghana,Tablet,New
CUST_03745,UK,Desktop,Returning
CUST_03746,Ghana,Desktop,Returning
CUST_03747,Germany,Desktop,Returning
CUST_03748,Kenya,Desktop,New
CUST_03749,Kenya,Tablet,Returning
CUST_03750,Ghana,Tablet,New
CUST_03751,Germany,Desktop,Returning
CUST_03752,Kenya,Desktop,Returning
CUST_03753,Germany,Tablet,Returning
CUST_03754,Kenya,Mobile,New
CUST_03755,Germany,Mobile,New
CUST_03756,Nigeria,Mobile,Returning
CUST_03757,Germany,Tablet,New
CUST_03758,Germany,Tablet,New
CUST_03759,Ghana,Mobile,Returning
CUST_03760,Nigeria,Mobile,Returning
CUST_03761,UK,Desktop,New
CUST_03762,Ghana,Tablet,Returning
CUST_03763,UK,Tablet,Returning
CUST_03764,Kenya,Mobile,New
CUST_03765,UK,Mobile,New
CUST_03766,Germany,Tablet,Returning
CUST_03767,UK,Desktop,New
CUST_03768,Ghana,Mobile,New
CUST_03769,Ghana,Tablet,Returning
CUST_03770,UK,Tablet,Returning
CUST_03771,Ghana,Desktop,Returning
CUST_03772,Ghana,Desktop,Returning
CUST_03773,UK,Mobile,New
CUST_03774,Nigeria,Mobile,New
CUST_03775,Nigeria,Mobile,Returning
CUST_03776,Kenya,Tablet,Returning
CUST_03777,Ghana,Mobile,Returning
CUST_03778,UK,Tablet,Returning
CUST_03779,Ghana,Mobile,New
CUST_03780,Germany,Desktop,New
CUST_03781,Ghana,Desktop,Returning
CUST_03782,Ghana,Tablet,Returning
CUST_03783,Nigeria,Desktop,New
CUST_03784,UK,Tablet,New
CUST_03785,Ghana,Tablet,New
CUST_03786,Nigeria,Desktop,New
CUST_03787,Kenya,Tablet,Returning
CUST_03788,Nigeria,Desktop,New
CUST_03789,Nigeria,Mobile,New
CUST_03790,Nigeria,Mobile,New
CUST_03791,Ghana,Desktop,Returning
CUST_03792,Ghana,Desktop,Returning
CUST_03793,Kenya,Desktop,New
CUST_03794,Germany,Desktop,New
CUST_03795,Germany,Mobile,Returning
CUST_03796,Germany,Tablet,Returning
CUST_03797,Kenya,Tablet,New
CUST_03798,Germany,Mobile,Returning
CUST_03799,Germany,Tablet,New
CUST_03800,Nigeria,Mobile,Returning
CUST_03801,Ghana,Tablet,New
CUST_03802,Ghana,Desktop,New
CUST_03803,Nigeria,Desktop,Returning
CUST_03804,Nigeria,Desktop,New
CUST_03805,Nigeria,Mobile,Returning
CUST_03806,Ghana,Mobile,Returning
CUST_03807,Germany,Tablet,Returning
CUST_03808,Nigeria,Tablet,New
CUST_03809,Kenya,Tablet,New
CUST_03810,Nigeria,Mobile,New
CUST_03811,UK,Tablet,Returning
CUST_03812,Nigeria,Desktop,New
CUST_03813,Ghana,Tablet,New
CUST_03814,Nigeria,Desktop,New
CUST_03815,UK,Mobile,New
CUST_03816,Kenya,Desktop,Returning
CUST_03817,Germany,Desktop,New
CUST_03818,Nigeria,Desktop,Returning
CUST_03819,UK,Mobile,Returning
CUST_03820,UK,Mobile,Returning
CUST_03821,Kenya,Mobile,Returning
CUST_03822,Ghana,Mobile,New
CUST_03823,Nigeria,Tablet,New
CUST_03824,UK,Mobile,New
CUST_03825,Kenya,Desktop,Returning
CUST_03826,Germany,Mobile,New
CUST_03827,UK,Tablet,Returning
CUST_03828,Kenya,Tablet,New
CUST_03829,Ghana,Tablet,New
CUST_03830,Ghana,Desktop,New
CUST_03831,UK,Mobile,Returning
CUST_03832,UK,Mobile,New
CUST_03833,Nigeria,Mobile,Returning
CUST_03834,Kenya,Desktop,Returning
CUST_03835,UK,Desktop,Returning
CUST_03836,Nigeria,Tablet,New
CUST_03837,Nigeria,Tablet,New
CUST_03838,UK,Mobile,Returning
CUST_03839,Ghana,Desktop,Returning
CUST_03840,Kenya,Desktop,Returning
CUST_03841,Kenya,Mobile,Returning
CUST_03842,Ghana,Mobile,Returning
CUST_03843,UK,Tablet,New
CUST_03844,Kenya,Tablet,New
CUST_03845,UK,Tablet,New
CUST_03846,UK,Mobile,Returning
CUST_03847,Nigeria,Mobile,Returning
CUST_03848,Ghana,Tablet,New
CUST_03849,UK,Tablet,New
CUST_03850,Germany,Desktop,Returning
CUST_03851,Ghana,Desktop,Returning
CUST_03852,Kenya,Tablet,Returning
CUST_03853,Nigeria,Tablet,New
CUST_03854,Kenya,Desktop,Returning
CUST_03855,Kenya,Tablet,Returning
CUST_03856,Ghana,Desktop,Returning
CUST_03857,Kenya,Desktop,New
CUST_03858,UK,Desktop,Returning
CUST_03859,Kenya,Mobile,New
CUST_03860,Nigeria,Mobile,Returning
CUST_03861,Nigeria,Tablet,Returning
CUST_03862,Germany,Desktop,New
CUST_03863,Nigeria,Mobile,Returning
CUST_03864,Kenya,Tablet,New
CUST_03865,Nigeria,Tablet,Returning
CUST_03866,Ghana,Tablet,New
CUST_03867,Nigeria,Tablet,Returning
CUST_03868,UK,Tablet,New
CUST_03869,Ghana,Desktop,New
CUST_03870,Germany,Tablet,Returning
CUST_03871,UK,Desktop,New
CUST_03872,Kenya,Mobile,Returning
CUST_03873,Kenya,Tablet,New
CUST_03874,Kenya,Mobile,Returning
CUST_03875,UK,Desktop,Returning
CUST_03876,UK,Desktop,Returning
CUST_03877,UK,Mobile,Returning
CUST_03878,Ghana,Tablet,New
CUST_03879,Ghana,Tablet,Returning
CUST_03880,Kenya,Mobile,Returning
CUST_03881,Nigeria,Mobile,Returning
CUST_03882,Kenya,Mobile,Returning
CUST_03883,Germany,Tablet,Returning
CUST_03884,Ghana,Tablet,New
CUST_03885,UK,Tablet,Returning
CUST_03886,Ghana,Mobile,New
CUST_03887,UK,Tablet,New
CUST_03888,Germany,Desktop,Returning
CUST_03889,Germany,Mobile,Returning
CUST_03890,Ghana,Tablet,New
CUST_03891,UK,Mobile,New
CUST_03892,Germany,Desktop,New
CUST_03893,Kenya,Desktop,Returning
CUST_03894,Kenya,Mobile,New
CUST_03895,UK,Mobile,New
CUST_03896,Ghana,Desktop,Returning
CUST_03897,Germany,Mobile,New
CUST_03898,Ghana,Desktop,Returning
CUST_03899,Kenya,Desktop,New
CUST_03900,Germany,Tablet,Returning
CUST_03901,Ghana,Mobile,New
CUST_03902,Nigeria,Mobile,Returning
CUST_03903,UK,Tablet,Returning
CUST_03904,UK,Desktop,New
CUST_03905,Nigeria,Mobile,Returning
CUST_03906,Kenya,Tablet,New
CUST_03907,Germany,Tablet,Returning
CUST_03908,UK,Mobile,Returning
CUST_03909,Nigeria,Tablet,Returning
CUST_03910,Nigeria,Desktop,Returning
CUST_03911,Kenya,Tablet,Returning
CUST_03912,Kenya,Desktop,Returning
CUST_03913,Ghana,Desktop,Returning
CUST_03914,UK,Mobile,New
CUST_03915,Ghana,Tablet,New
CUST_03916,Nigeria,Desktop,Returning
CUST_03917,Germany,Desktop,Returning
CUST_03918,Germany,Tablet,Returning
CUST_03919,Kenya,Desktop,New
CUST_03920,Germany,Tablet,Returning
CUST_03921,Germany,Mobile,New
CUST_03922,Germany,Desktop,Returning
CUST_03923,Nigeria,Desktop,Returning
CUST_03924,Germany,Tablet,Returning
CUST_03925,Germany,Tablet,Returning
CUST_03926,Germany,Tablet,Returning
CUST_03927,Ghana,Tablet,New
CUST_03928,Nigeria,Desktop,Returning
CUST_03929,Kenya,Mobile,New
CUST_03930,Ghana,Mobile,New
CUST_03931,UK,Mobile,Returning
CUST_03932,Nigeria,Mobile,Returning
CUST_03933,Nigeria,Tablet,Returning
CUST_03934,UK,Desktop,New
CUST_03935,UK,Desktop,New
CUST_03936,UK,Desktop,New
CUST_03937,Kenya,Tablet,Returning
CUST_03938,Germany,Desktop,New
CUST_03939,Nigeria,Tablet,New
CUST_03940,Germany,Desktop,New
CUST_03941,Germany,Mobile,Returning
CUST_03942,UK,Tablet,New
CUST_03943,Kenya,Desktop,New
CUST_03944,Ghana,Mobile,Returning
CUST_03945,Kenya,Mobile,Returning
CUST_03946,Germany,Mobile,Returning
CUST_03947,Kenya,Tablet,New
CUST_03948,UK,Tablet,New
CUST_03949,Ghana,Desktop,New
CUST_03950,UK,Mobile,Returning
CUST_03951,Ghana,Desktop,New
CUST_03952,Germany,Desktop,Returning
CUST_03953,Ghana,Mobile,Returning
CUST_03954,Ghana,Desktop,New
CUST_03955,Ghana,Tablet,New
CUST_03956,Kenya,Desktop,New
CUST_03957,Kenya,Mobile,Returning
CUST_03958,Germany,Tablet,Returning
CUST_03959,Ghana,Tablet,New
CUST_03960,Nigeria,Desktop,Returning
CUST_03961,Germany,Desktop,New
CUST_03962,Ghana,Tablet,New
CUST_03963,Ghana,Desktop,New
CUST_03964,Kenya,Mobile,Returning
CUST_03965,Germany,Desktop,Returning
CUST_03966,Ghana,Desktop,New
CUST_03967,Ghana,Tablet,New
CUST_03968,Germany,Desktop,Returning
CUST_03969,Nigeria,Desktop,New
CUST_03970,Germany,Desktop,Returning
CUST_03971,Germany,Mobile,New
CUST_03972,Nigeria,Desktop,Returning
CUST_03973,Germany,Mobile,New
CUST_03974,Ghana,Mobile,Returning
CUST_03975,Germany,Mobile,New
CUST_03976,Nigeria,Mobile,Returning
CUST_03977,UK,Tablet,Returning
CUST_03978,Germany,Mobile,Returning
CUST_03979,Kenya,Desktop,Returning
CUST_03980,Ghana,Mobile,New
CUST_03981,Ghana,Desktop,Returning
CUST_03982,Kenya,Mobile,Returning
CUST_03983,Kenya,Tablet,New
CUST_03984,Germany,Mobile,Returning
CUST_03985,Kenya,Mobile,New
CUST_03986,UK,Tablet,Returning
CUST_03987,Nigeria,Mobile,Returning
CUST_03988,Kenya,Desktop,Returning
CUST_03989,Kenya,Mobile,Returning
CUST_03990,UK,Mobile,Returning
CUST_03991,Ghana,Mobile,Returning
CUST_03992,Ghana,Tablet,New
CUST_03993,Germany,Mobile,New
CUST_03994,UK,Mobile,Returning
CUST_03995,Nigeria,Desktop,Returning
CUST_03996,Nigeria,Mobile,New
CUST_03997,UK,Mobile,New
CUST_03998,Nigeria,Mobile,Returning
CUST_03999,Ghana,Mobile,Returning
CUST_04000,Nigeria,Desktop,Returning
CUST_04001,Nigeria,Desktop,Returning
CUST_04002,UK,Tablet,Returning
CUST_04003,UK,Mobile,Returning
CUST_04004,Nigeria,Tablet,New
CUST_04005,Kenya,Tablet,Returning
CUST_04006,UK,Mobile,Returning
CUST_04007,Germany,Desktop,New
CUST_04008,Germany,Desktop,New
CUST_04009,Ghana,Mobile,New
CUST_04010,Nigeria,Mobile,New
CUST_04011,Kenya,Desktop,Returning
CUST_04012,Ghana,Mobile,New
CUST_04013,Nigeria,Mobile,New
CUST_04014,UK,Mobile,Returning
CUST_04015,Germany,Desktop,New
CUST_04016,Kenya,Tablet,New
CUST_04017,Germany,Tablet,Returning
CUST_04018,UK,Mobile,Returning
CUST_04019,Nigeria,Desktop,Returning
CUST_04020,UK,Mobile,Returning
CUST_04021,UK,Desktop,Returning
CUST_04022,Germany,Mobile,Returning
CUST_04023,Kenya,Desktop,Returning
CUST_04024,UK,Desktop,New
CUST_04025,Germany,Tablet,New
CUST_04026,Kenya,Mobile,Returning
CUST_04027,Nigeria,Tablet,New
CUST_04028,Nigeria,Tablet,Returning
CUST_04029,Ghana,Desktop,New
CUST_04030,Germany,Mobile,Returning
CUST_04031,Kenya,Desktop,New
CUST_04032,UK,Desktop,Returning
CUST_04033,Nigeria,Desktop,New
CUST_04034,Kenya,Mobile,Returning
CUST_04035,Germany,Mobile,New
CUST_04036,Ghana,Desktop,New
CUST_04037,Nigeria,Mobile,Returning
CUST_04038,Kenya,Desktop,New
CUST_04039,Kenya,Mobile,New
CUST_04040,Kenya,Mobile,New
CUST_04041,Germany,Tablet,New
CUST_04042,Germany,Desktop,New
CUST_04043,Germany,Tablet,Returning
CUST_04044,UK,Tablet,Returning
CUST_04045,Kenya,Desktop,New
CUST_04046,Nigeria,Desktop,Returning
CUST_04047,Germany,Mobile,New
CUST_04048,Germany,Desktop,Returning
CUST_04049,Kenya,Tablet,New
CUST_04050,Germany,Tablet,New
CUST_04051,UK,Desktop,New
CUST_04052,UK,Tablet,New
CUST_04053,Germany,Mobile,Returning
CUST_04054,Kenya,Tablet,Returning
CUST_04055,Kenya,Mobile,Returning
CUST_04056,Kenya,Tablet,New
CUST_04057,Ghana,Mobile,Returning
CUST_04058,Germany,Mobile,Returning
CUST_04059,Kenya,Desktop,New
CUST_04060,UK,Mobile,New
CUST_04061,Nigeria,Desktop,New
CUST_04062,Nigeria,Tablet,Returning
CUST_04063,Kenya,Tablet,Returning
CUST_04064,Nigeria,Tablet,New
CUST_04065,Nigeria,Mobile,Returning
CUST_04066,Ghana,Tablet,New
CUST_04067,UK,Tablet,Returning
CUST_04068,UK,Desktop,New
CUST_04069,Ghana,Desktop,Returning
CUST_04070,Ghana,Tablet,Returning
CUST_04071,Nigeria,Tablet,Returning
CUST_04072,Germany,Mobile,New
CUST_04073,Nigeria,Mobile,New
CUST_04074,Ghana,Tablet,New
CUST_04075,UK,Desktop,Returning
CUST_04076,Nigeria,Tablet,New
CUST_04077,Germany,Mobile,Returning
CUST_04078,Nigeria,Desktop,New
CUST_04079,Kenya,Desktop,New
CUST_04080,Nigeria,Mobile,Returning
CUST_04081,Ghana,Tablet,Returning
CUST_04082,UK,Tablet,New
CUST_04083,UK,Tablet,New
CUST_04084,Ghana,Mobile,Returning
CUST_04085,Kenya,Desktop,Returning
CUST_04086,Ghana,Mobile,New
CUST_04087,Nigeria,Tablet,Returning
CUST_04088,Ghana,Mobile,New
CUST_04089,Ghana,Desktop,New
CUST_04090,Kenya,Mobile,New
CUST_04091,Nigeria,Tablet,Returning
CUST_04092,Germany,Desktop,New
CUST_04093,Germany,Mobile,New
CUST_04094,UK,Mobile,Returning
CUST_04095,Ghana,Desktop,Returning
CUST_04096,UK,Desktop,Returning
CUST_04097,Kenya,Tablet,New
CUST_04098,Germany,Desktop,Returning
CUST_04099,Ghana,Tablet,Returning
CUST_04100,Kenya,Mobile,New
CUST_04101,Kenya,Tablet,New
CUST_04102,Ghana,Mobile,New
CUST_04103,Kenya,Desktop,New
CUST_04104,Ghana,Mobile,Returning
CUST_04105,Ghana,Desktop,New
CUST_04106,Nigeria,Mobile,Returning
CUST_04107,UK,Mobile,New
CUST_04108,Kenya,Mobile,New
CUST_04109,Kenya,Mobile,Returning
CUST_04110,Nigeria,Tablet,Returning
CUST_04111,Nigeria,Mobile,Returning
CUST_04112,Nigeria,Tablet,New
CUST_04113,Germany,Desktop,New
CUST_04114,Germany,Desktop,Returning
CUST_04115,Germany,Tablet,Returning
CUST_04116,Ghana,Desktop,New
CUST_04117,Kenya,Desktop,Returning
CUST_04118,UK,Mobile,Returning
CUST_04119,Ghana,Mobile,New
CUST_04120,Kenya,Mobile,Returning
CUST_04121,Kenya,Tablet,New
CUST_04122,Nigeria,Tablet,New
CUST_04123,Nigeria,Desktop,New
CUST_04124,Ghana,Mobile,Returning
CUST_04125,Nigeria,Tablet,Returning
CUST_04126,Kenya,Tablet,Returning
CUST_04127,Nigeria,Mobile,Returning
CUST_04128,Germany,Tablet,New
CUST_04129,Nigeria,Mobile,New
CUST_04130,Kenya,Desktop,Returning
CUST_04131,Ghana,Desktop,Returning
CUST_04132,UK,Desktop,Returning
CUST_04133,Nigeria,Mobile,Returning
CUST_04134,Kenya,Tablet,New
CUST_04135,UK,Desktop,Returning
CUST_04136,UK,Desktop,New
CUST_04137,Germany,Desktop,Returning
CUST_04138,UK,Tablet,Returning
CUST_04139,Kenya,Tablet,Returning
CUST_04140,Kenya,Mobile,New
CUST_04141,Nigeria,Desktop,Returning
CUST_04142,Nigeria,Tablet,New
CUST_04143,Nigeria,Mobile,New
CUST_04144,UK,Desktop,Returning
CUST_04145,UK,Tablet,New
CUST_04146,Germany,Tablet,New
CUST_04147,Nigeria,Mobile,New
CUST_04148,Ghana,Desktop,Returning
CUST_04149,Germany,Desktop,New
CUST_04150,Ghana,Tablet,New
CUST_04151,UK,Desktop,Returning
CUST_04152,Germany,Mobile,Returning
CUST_04153,Germany,Tablet,New
CUST_04154,Kenya,Tablet,New
CUST_04155,UK,Mobile,New
CUST_04156,UK,Tablet,New
CUST_04157,Germany,Desktop,Returning
CUST_04158,UK,Desktop,Returning
CUST_04159,Germany,Tablet,New
CUST_04160,Kenya,Mobile,Returning
CUST_04161,Germany,Mobile,New
CUST_04162,UK,Desktop,Returning
CUST_04163,UK,Mobile,Returning
CUST_04164,Germany,Tablet,New
CUST_04165,Germany,Tablet,New
CUST_04166,Germany,Desktop,New
CUST_04167,Nigeria,Desktop,New
CUST_04168,UK,Desktop,Returning
CUST_04169,UK,Mobile,Returning
CUST_04170,Nigeria,Tablet,New
CUST_04171,Germany,Tablet,Returning
CUST_04172,Kenya,Tablet,Returning
CUST_04173,Germany,Desktop,New
CUST_04174,Germany,Tablet,New
CUST_04175,Nigeria,Mobile,Returning
CUST_04176,UK,Mobile,New
CUST_04177,Germany,Tablet,New
CUST_04178,UK,Desktop,Returning
CUST_04179,Ghana,Tablet,Returning
CUST_04180,UK,Mobile,New
CUST_04181,Kenya,Mobile,Returning
CUST_04182,Kenya,Mobile,New
CUST_04183,Germany,Tablet,New
CUST_04184,UK,Mobile,Returning
CUST_04185,Germany,Desktop,Returning
CUST_04186,Nigeria,Tablet,New
CUST_04187,Kenya,Tablet,New
CUST_04188,Germany,Mobile,New
CUST_04189,Nigeria,Mobile,Returning
CUST_04190,Germany,Desktop,New
CUST_04191,UK,Tablet,Returning
CUST_04192,UK,Mobile,New
CUST_04193,UK,Desktop,Returning
CUST_04194,UK,Mobile,New
CUST_04195,Ghana,Tablet,Returning
CUST_04196,Nigeria,Mobile,New
CUST_04197,Nigeria,Tablet,New
CUST_04198,UK,Mobile,New
CUST_04199,Ghana,Tablet,New
CUST_04200,UK,Desktop,Returning
CUST_04201,Ghana,Tablet,Returning
CUST_04202,UK,Desktop,Returning
CUST_04203,Kenya,Tablet,Returning
CUST_04204,Kenya,Desktop,Returning
CUST_04205,Germany,Mobile,New
CUST_04206,UK,Tablet,Returning
CUST_04207,Nigeria,Mobile,Returning
CUST_04208,Germany,Desktop,Returning
CUST_04209,Kenya,Tablet,Returning
CUST_04210,UK,Tablet,New
CUST_04211,Germany,Mobile,New
CUST_04212,UK,Tablet,New
CUST_04213,Kenya,Tablet,New
CUST_04214,Germany,Mobile,Returning
CUST_04215,Kenya,Tablet,Returning
CUST_04216,Ghana,Mobile,New
CUST_04217,Kenya,Mobile,New
CUST_04218,UK,Mobile,Returning
CUST_04219,Nigeria,Mobile,Returning
CUST_04220,Kenya,Mobile,New
CUST_04221,Nigeria,Desktop,New
CUST_04222,Ghana,Desktop,New
CUST_04223,Germany,Mobile,New
CUST_04224,Germany,Desktop,Returning
CUST_04225,Nigeria,Desktop,Returning
CUST_04226,Germany,Tablet,Returning
CUST_04227,Kenya,Mobile,New
CUST_04228,Nigeria,Desktop,Returning
CUST_04229,UK,Tablet,Returning
CUST_04230,Kenya,Tablet,New
CUST_04231,Kenya,Mobile,New
CUST_04232,Kenya,Mobile,New
CUST_04233,UK,Tablet,New
CUST_04234,Ghana,Mobile,New
CUST_04235,Germany,Mobile,New
CUST_04236,Nigeria,Tablet,Returning
CUST_04237,Ghana,Tablet,Returning
CUST_04238,Nigeria,Mobile,Returning
CUST_04239,Germany,Desktop,Returning
CUST_04240,UK,Mobile,Returning
CUST_04241,Kenya,Desktop,Returning
CUST_04242,Kenya,Tablet,New
CUST_04243,UK,Desktop,New
CUST_04244,Ghana,Tablet,New
CUST_04245,Ghana,Mobile,Returning
CUST_04246,Nigeria,Mobile,Returning
CUST_04247,UK,Tablet,New
CUST_04248,Ghana,Tablet,New
CUST_04249,UK,Tablet,New
CUST_04250,Germany,Mobile,New
CUST_04251,Kenya,Mobile,New
CUST_04252,Kenya,Desktop,Returning
CUST_04253,Kenya,Tablet,Returning
CUST_04254,UK,Desktop,Returning
CUST_04255,UK,Mobile,New
CUST_04256,Nigeria,Desktop,Returning
CUST_04257,Kenya,Desktop,New
CUST_04258,Nigeria,Mobile,Returning
CUST_04259,Kenya,Mobile,New
CUST_04260,Nigeria,Tablet,New
CUST_04261,Nigeria,Desktop,Returning
CUST_04262,Germany,Mobile,Returning
CUST_04263,Nigeria,Mobile,Returning
CUST_04264,UK,Desktop,Returning
CUST_04265,Nigeria,Mobile,Returning
CUST_04266,Kenya,Tablet,New
CUST_04267,Nigeria,Tablet,Returning
CUST_04268,Ghana,Desktop,Returning
CUST_04269,Kenya,Tablet,New
CUST_04270,Ghana,Mobile,Returning
CUST_04271,Kenya,Mobile,New
CUST_04272,UK,Mobile,Returning
CUST_04273,UK,Mobile,Returning
CUST_04274,UK,Desktop,New
CUST_04275,Ghana,Tablet,Returning
CUST_04276,Germany,Tablet,Returning
CUST_04277,Kenya,Mobile,Returning
CUST_04278,UK,Desktop,Returning
CUST_04279,Kenya,Mobile,New
CUST_04280,Ghana,Mobile,New
CUST_04281,Germany,Desktop,Returning
CUST_04282,Ghana,Desktop,Returning
CUST_04283,Kenya,Mobile,New
CUST_04284,Germany,Tablet,New
CUST_04285,Germany,Mobile,Returning
CUST_04286,Ghana,Tablet,New
CUST_04287,UK,Tablet,New
CUST_04288,Kenya,Desktop,New
CUST_04289,Nigeria,Desktop,New
CUST_04290,Nigeria,Mobile,Returning
CUST_04291,Ghana,Tablet,New
CUST_04292,Kenya,Tablet,Returning
CUST_04293,Kenya,Mobile,Returning
CUST_04294,Ghana,Mobile,New
CUST_04295,Kenya,Mobile,Returning
CUST_04296,UK,Desktop,Returning
CUST_04297,Ghana,Mobile,New
CUST_04298,UK,Mobile,New
CUST_04299,Kenya,Tablet,New
CUST_04300,Ghana,Mobile,Returning
CUST_04301,Kenya,Tablet,Returning
CUST_04302,Ghana,Tablet,Returning
CUST_04303,Kenya,Desktop,Returning
CUST_04304,UK,Mobile,New
CUST_04305,UK,Mobile,Returning
CUST_04306,Kenya,Tablet,New
CUST_04307,Ghana,Desktop,New
CUST_04308,Nigeria,Desktop,New
CUST_04309,UK,Mobile,New
CUST_04310,UK,Tablet,Returning
CUST_04311,Nigeria,Mobile,New
CUST_04312,Kenya,Mobile,Returning
CUST_04313,Ghana,Mobile,New
CUST_04314,Kenya,Mobile,New
CUST_04315,Germany,Tablet,New
CUST_04316,UK,Desktop,Returning
CUST_04317,Germany,Mobile,New
CUST_04318,UK,Mobile,New
CUST_04319,UK,Mobile,New
CUST_04320,Germany,Mobile,New
CUST_04321,Germany,Desktop,Returning
CUST_04322,Kenya,Desktop,Returning
CUST_04323,Germany,Desktop,New
CUST_04324,Kenya,Desktop,New
CUST_04325,Kenya,Mobile,Returning
CUST_04326,Kenya,Tablet,Returning
CUST_04327,UK,Desktop,Returning
CUST_04328,UK,Desktop,New
CUST_04329,Germany,Mobile,Returning
CUST_04330,UK,Mobile,New
CUST_04331,Germany,Mobile,Returning
CUST_04332,UK,Mobile,Returning
CUST_04333,Ghana,Tablet,New
CUST_04334,Ghana,Tablet,Returning
CUST_04335,Germany,Desktop,New
CUST_04336,UK,Tablet,Returning
CUST_04337,UK,Desktop,New
CUST_04338,Kenya,Desktop,Returning
CUST_04339,Nigeria,Tablet,Returning
CUST_04340,Germany,Desktop,New
CUST_04341,Nigeria,Mobile,New
CUST_04342,Nigeria,Desktop,New
CUST_04343,Germany,Mobile,New
CUST_04344,UK,Tablet,Returning
CUST_04345,Germany,Tablet,Returning
CUST_04346,Nigeria,Desktop,Returning
CUST_04347,UK,Mobile,Returning
CUST_04348,Ghana,Desktop,Returning
CUST_04349,Germany,Tablet,Returning
CUST_04350,Germany,Desktop,New
CUST_04351,UK,Desktop,Returning
CUST_04352,Ghana,Mobile,Returning
CUST_04353,Ghana,Tablet,New
CUST_04354,UK,Desktop,Returning
CUST_04355,Kenya,Mobile,Returning
CUST_04356,Germany,Desktop,Returning
CUST_04357,Germany,Mobile,New
CUST_04358,Nigeria,Mobile,New
CUST_04359,UK,Desktop,Returning
CUST_04360,Nigeria,Tablet,New
CUST_04361,Nigeria,Tablet,Returning
CUST_04362,Ghana,Mobile,Returning
CUST_04363,Germany,Tablet,Returning
CUST_04364,Nigeria,Mobile,New
CUST_04365,Ghana,Tablet,Returning
CUST_04366,UK,Desktop,Returning
CUST_04367,Nigeria,Tablet,Returning
CUST_04368,Germany,Mobile,Returning
CUST_04369,Nigeria,Mobile,Returning
CUST_04370,UK,Tablet,New
CUST_04371,Nigeria,Desktop,Returning
CUST_04372,Germany,Mobile,New
CUST_04373,Ghana,Mobile,Returning
CUST_04374,Germany,Mobile,New
CUST_04375,Ghana,Mobile,Returning
CUST_04376,Kenya,Mobile,Returning
CUST_04377,Germany,Desktop,New
CUST_04378,Germany,Tablet,New
CUST_04379,UK,Desktop,Returning
CUST_04380,Nigeria,Desktop,New
CUST_04381,Ghana,Mobile,New
CUST_04382,Ghana,Desktop,Returning
CUST_04383,UK,Mobile,Returning
CUST_04384,UK,Desktop,Returning
CUST_04385,Nigeria,Mobile,Returning
CUST_04386,Nigeria,Mobile,Returning
CUST_04387,Germany,Desktop,New
CUST_04388,Kenya,Desktop,Returning
CUST_04389,Nigeria,Tablet,New
CUST_04390,UK,Tablet,Returning
CUST_04391,Nigeria,Tablet,Returning
CUST_04392,Ghana,Desktop,New
CUST_04393,Kenya,Desktop,Returning
CUST_04394,Germany,Mobile,New
CUST_04395,Ghana,Tablet,New
CUST_04396,Ghana,Mobile,New
CUST_04397,Kenya,Mobile,Returning
CUST_04398,Germany,Mobile,Returning
CUST_04399,UK,Mobile,Returning
CUST_04400,Germany,Tablet,Returning
CUST_04401,Nigeria,Mobile,Returning
CUST_04402,Ghana,Desktop,Returning
CUST_04403,Nigeria,Desktop,New
CUST_04404,UK,Desktop,Returning
CUST_04405,Nigeria,Tablet,Returning
CUST_04406,Germany,Mobile,Returning
CUST_04407,Nigeria,Tablet,Returning
CUST_04408,UK,Mobile,New
CUST_04409,UK,Tablet,New
CUST_04410,UK,Tablet,New
CUST_04411,Germany,Mobile,New
CUST_04412,UK,Tablet,New
CUST_04413,Ghana,Mobile,Returning
CUST_04414,UK,Desktop,New
CUST_04415,Nigeria,Desktop,New
CUST_04416,Nigeria,Desktop,Returning
CUST_04417,Nigeria,Tablet,Returning
CUST_04418,Germany,Desktop,New
CUST_04419,Nigeria,Mobile,Returning
CUST_04420,Germany,Desktop,Returning
CUST_04421,Germany,Desktop,New
CUST_04422,UK,Tablet,Returning
CUST_04423,Ghana,Mobile,New
CUST_04424,UK,Tablet,New
CUST_04425,UK,Tablet,Returning
CUST_04426,Germany,Mobile,New
CUST_04427,Germany,Tablet,New
CUST_04428,Nigeria,Mobile,Returning
CUST_04429,Nigeria,Desktop,Returning
CUST_04430,UK,Mobile,Returning
CUST_04431,Kenya,Mobile,Returning
CUST_04432,Kenya,Mobile,New
CUST_04433,Nigeria,Tablet,Returning
CUST_04434,Kenya,Mobile,Returning
CUST_04435,Nigeria,Mobile,New
CUST_04436,Germany,Mobile,New
CUST_04437,UK,Desktop,New
CUST_04438,Ghana,Mobile,New
CUST_04439,UK,Tablet,Returning
CUST_04440,Nigeria,Mobile,Returning
CUST_04441,Nigeria,Mobile,New
CUST_04442,UK,Desktop,New
CUST_04443,Nigeria,Mobile,New
CUST_04444,Kenya,Tablet,New
CUST_04445,Kenya,Mobile,Returning
CUST_04446,Nigeria,Tablet,New
CUST_04447,Nigeria,Desktop,Returning
CUST_04448,Kenya,Mobile,New
CUST_04449,Nigeria,Desktop,Returning
CUST_04450,Nigeria,Mobile,Returning
CUST_04451,UK,Tablet,Returning
CUST_04452,Ghana,Desktop,Returning
CUST_04453,Kenya,Mobile,New
CUST_04454,UK,Tablet,Returning
CUST_04455,Ghana,Desktop,New
CUST_04456,Nigeria,Mobile,Returning
CUST_04457,Nigeria,Desktop,Returning
CUST_04458,UK,Mobile,New
CUST_04459,Nigeria,Tablet,New
CUST_04460,Germany,Tablet,Returning
CUST_04461,UK,Desktop,Returning
CUST_04462,Ghana,Desktop,New
CUST_04463,UK,Mobile,Returning
CUST_04464,Kenya,Tablet,New
CUST_04465,UK,Mobile,New
CUST_04466,Nigeria,Tablet,New
CUST_04467,Nigeria,Desktop,Returning
CUST_04468,Germany,Mobile,Returning
CUST_04469,Germany,Mobile,New
CUST_04470,Germany,Tablet,New
CUST_04471,Ghana,Tablet,New
CUST_04472,Germany,Tablet,New
CUST_04473,Ghana,Desktop,Returning
CUST_04474,Germany,Mobile,New
CUST_04475,Ghana,Tablet,Returning
CUST_04476,UK,Desktop,New
CUST_04477,UK,Tablet,Returning
CUST_04478,Nigeria,Mobile,Returning
CUST_04479,Ghana,Tablet,Returning
CUST_04480,Kenya,Mobile,Returning
CUST_04481,Nigeria,Desktop,Returning
CUST_04482,UK,Desktop,New
CUST_04483,Ghana,Tablet,New
CUST_04484,Germany,Mobile,Returning
CUST_04485,Kenya,Mobile,New
CUST_04486,UK,Mobile,New
CUST_04487,Nigeria,Tablet,New
CUST_04488,Ghana,Mobile,New
CUST_04489,Kenya,Mobile,New
CUST_04490,Ghana,Mobile,New
CUST_04491,Germany,Mobile,New
CUST_04492,Nigeria,Tablet,Returning
CUST_04493,Ghana,Tablet,New
CUST_04494,UK,Mobile,New
CUST_04495,Nigeria,Mobile,New
CUST_04496,UK,Desktop,Returning
CUST_04497,Ghana,Desktop,Returning
CUST_04498,Nigeria,Mobile,New
CUST_04499,UK,Mobile,Returning
CUST_04500,Germany,Desktop,Returning
CUST_04501,Germany,Desktop,New
CUST_04502,Ghana,Mobile,Returning
CUST_04503,Nigeria,Tablet,New
CUST_04504,Kenya,Tablet,Returning
CUST_04505,Nigeria,Mobile,New
CUST_04506,Germany,Mobile,Returning
CUST_04507,UK,Desktop,New
CUST_04508,Kenya,Desktop,New
CUST_04509,Ghana,Tablet,Returning
CUST_04510,Kenya,Mobile,New
CUST_04511,Ghana,Desktop,New
CUST_04512,Kenya,Tablet,Returning
CUST_04513,Ghana,Tablet,New
CUST_04514,Ghana,Tablet,New
CUST_04515,Kenya,Desktop,Returning
CUST_04516,Kenya,Desktop,New
CUST_04517,Ghana,Mobile,Returning
CUST_04518,Germany,Mobile,New
CUST_04519,Kenya,Tablet,Returning
CUST_04520,Nigeria,Tablet,Returning
CUST_04521,UK,Desktop,New
CUST_04522,Ghana,Desktop,Returning
CUST_04523,Ghana,Mobile,New
CUST_04524,UK,Mobile,New
CUST_04525,Germany,Mobile,Returning
CUST_04526,UK,Desktop,New
CUST_04527,Kenya,Tablet,New
CUST_04528,UK,Mobile,Returning
CUST_04529,Ghana,Mobile,New
CUST_04530,UK,Desktop,New
CUST_04531,Nigeria,Mobile,Returning
CUST_04532,Kenya,Tablet,New
CUST_04533,UK,Desktop,New
CUST_04534,Ghana,Mobile,Returning
CUST_04535,Kenya,Mobile,New
CUST_04536,Ghana,Desktop,New
CUST_04537,Germany,Desktop,Returning
CUST_04538,Nigeria,Mobile,New
CUST_04539,Germany,Tablet,New
CUST_04540,Nigeria,Desktop,Returning
CUST_04541,UK,Tablet,Returning
CUST_04542,Kenya,Mobile,New
CUST_04543,UK,Tablet,New
CUST_04544,Nigeria,Mobile,Returning
CUST_04545,Nigeria,Mobile,New
CUST_04546,Nigeria,Mobile,New
CUST_04547,Ghana,Mobile,New
CUST_04548,Kenya,Tablet,Returning
CUST_04549,UK,Mobile,New
CUST_04550,UK,Mobile,New
CUST_04551,Germany,Tablet,Returning
CUST_04552,Nigeria,Desktop,Returning
CUST_04553,Nigeria,Tablet,Returning
CUST_04554,Nigeria,Tablet,New
CUST_04555,UK,Tablet,New
CUST_04556,Germany,Mobile,Returning
CUST_04557,Ghana,Mobile,New
CUST_04558,Kenya,Mobile,New
CUST_04559,Ghana,Desktop,New
CUST_04560,UK,Mobile,New
CUST_04561,Nigeria,Desktop,Returning
CUST_04562,Kenya,Mobile,Returning
CUST_04563,UK,Tablet,New
CUST_04564,UK,Mobile,Returning
CUST_04565,UK,Desktop,New
CUST_04566,Kenya,Desktop,New
CUST_04567,Kenya,Mobile,Returning
CUST_04568,Germany,Tablet,Returning
CUST_04569,Germany,Mobile,New
CUST_04570,Ghana,Mobile,New
CUST_04571,Kenya,Mobile,New
CUST_04572,Kenya,Tablet,New
CUST_04573,Kenya,Desktop,Returning
CUST_04574,Germany,Tablet,Returning
CUST_04575,UK,Desktop,New
CUST_04576,Nigeria,Desktop,New
CUST_04577,Germany,Desktop,Returning
CUST_04578,Kenya,Tablet,New
CUST_04579,Germany,Mobile,Returning
CUST_04580,Ghana,Mobile,New
CUST_04581,Kenya,Mobile,Returning
CUST_04582,Ghana,Mobile,New
CUST_04583,Kenya,Mobile,New
CUST_04584,Germany,Tablet,New
CUST_04585,UK,Tablet,Returning
CUST_04586,Nigeria,Tablet,Returning
CUST_04587,Ghana,Tablet,New
CUST_04588,Germany,Tablet,New
CUST_04589,UK,Tablet,New
CUST_04590,Germany,Tablet,New
CUST_04591,Ghana,Mobile,Returning
CUST_04592,Nigeria,Desktop,Returning
CUST_04593,Germany,Tablet,Returning
CUST_04594,Kenya,Desktop,New
CUST_04595,UK,Tablet,New
CUST_04596,Germany,Tablet,Returning
CUST_04597,UK,Mobile,New
CUST_04598,Kenya,Desktop,Returning
CUST_04599,Nigeria,Mobile,Returning
CUST_04600,Nigeria,Mobile,Returning
CUST_04601,Kenya,Desktop,Returning
CUST_04602,UK,Mobile,New
CUST_04603,Germany,Tablet,Returning
CUST_04604,Kenya,Tablet,New
CUST_04605,Ghana,Tablet,Returning
CUST_04606,UK,Tablet,Returning
CUST_04607,Nigeria,Tablet,Returning
CUST_04608,Kenya,Mobile,Returning
CUST_04609,Nigeria,Mobile,New
CUST_04610,UK,Tablet,New
CUST_04611,Nigeria,Tablet,New
CUST_04612,Kenya,Mobile,New
CUST_04613,UK,Desktop,Returning
CUST_04614,Ghana,Mobile,New
CUST_04615,Kenya,Mobile,New
CUST_04616,Germany,Mobile,Returning
CUST_04617,Kenya,Mobile,New
CUST_04618,UK,Mobile,New
CUST_04619,Kenya,Desktop,New
CUST_04620,Ghana,Tablet,New
CUST_04621,Ghana,Tablet,Returning
CUST_04622,Germany,Desktop,Returning
CUST_04623,Nigeria,Tablet,New
CUST_04624,UK,Tablet,Returning
CUST_04625,UK,Tablet,New
CUST_04626,Nigeria,Desktop,New
CUST_04627,Ghana,Desktop,New
CUST_04628,Ghana,Tablet,Returning
CUST_04629,Kenya,Tablet,Returning
CUST_04630,Germany,Tablet,Returning
CUST_04631,Germany,Mobile,Returning
CUST_04632,Germany,Mobile,Returning
CUST_04633,Kenya,Mobile,Returning
CUST_04634,Germany,Desktop,New
CUST_04635,Nigeria,Tablet,Returning
CUST_04636,Kenya,Desktop,New
CUST_04637,Nigeria,Desktop,New
CUST_04638,Kenya,Desktop,Returning
CUST_04639,Germany,Tablet,New
CUST_04640,Nigeria,Mobile,New
CUST_04641,Nigeria,Tablet,New
CUST_04642,Nigeria,Tablet,Returning
CUST_04643,Kenya,Desktop,Returning
CUST_04644,UK,Desktop,New
CUST_04645,Germany,Desktop,Returning
CUST_04646,Nigeria,Mobile,New
CUST_04647,UK,Mobile,Returning
CUST_04648,Germany,Mobile,New
CUST_04649,Germany,Tablet,New
CUST_04650,Nigeria,Desktop,Returning
CUST_04651,Nigeria,Tablet,Returning
CUST_04652,Kenya,Mobile,Returning
CUST_04653,UK,Desktop,Returning
CUST_04654,UK,Mobile,Returning
CUST_04655,Nigeria,Desktop,New
CUST_04656,Germany,Desktop,New
CUST_04657,Nigeria,Tablet,New
CUST_04658,Germany,Tablet,Returning
CUST_04659,Germany,Mobile,Returning
CUST_04660,Nigeria,Tablet,New
CUST_04661,Ghana,Tablet,New
CUST_04662,UK,Tablet,New
CUST_04663,Germany,Desktop,New
CUST_04664,Germany,Tablet,Returning
CUST_04665,Ghana,Mobile,New
CUST_04666,Kenya,Desktop,Returning
CUST_04667,Ghana,Desktop,New
CUST_04668,Ghana,Tablet,Returning
CUST_04669,Germany,Desktop,Returning
CUST_04670,UK,Mobile,Returning
CUST_04671,Ghana,Mobile,Returning
CUST_04672,Kenya,Desktop,New
CUST_04673,Nigeria,Tablet,New
CUST_04674,Ghana,Tablet,New
CUST_04675,Ghana,Desktop,Returning
CUST_04676,Kenya,Mobile,New
CUST_04677,UK,Desktop,New
CUST_04678,Ghana,Tablet,New
CUST_04679,Ghana,Tablet,Returning
CUST_04680,UK,Desktop,Returning
CUST_04681,Kenya,Mobile,Returning
CUST_04682,Ghana,Desktop,New
CUST_04683,UK,Mobile,New
CUST_04684,Ghana,Mobile,New
CUST_04685,Nigeria,Desktop,Returning
CUST_04686,Germany,Desktop,New
CUST_04687,Nigeria,Mobile,Returning
CUST_04688,Ghana,Mobile,Returning
CUST_04689,Kenya,Mobile,Returning
CUST_04690,Germany,Mobile,Returning
CUST_04691,Nigeria,Tablet,New
CUST_04692,UK,Desktop,New
CUST_04693,Kenya,Mobile,Returning
CUST_04694,Nigeria,Desktop,New
CUST_04695,UK,Mobile,Returning
CUST_04696,Ghana,Desktop,New
CUST_04697,UK,Desktop,New
CUST_04698,Nigeria,Mobile,Returning
CUST_04699,Nigeria,Mobile,Returning
CUST_04700,Ghana,Desktop,Returning
CUST_04701,UK,Desktop,Returning
CUST_04702,UK,Desktop,New
CUST_04703,Ghana,Tablet,Returning
CUST_04704,UK,Mobile,New
CUST_04705,Ghana,Tablet,Returning
CUST_04706,Kenya,Tablet,New
CUST_04707,Nigeria,Mobile,Returning
CUST_04708,Kenya,Mobile,New
CUST_04709,Germany,Tablet,New
CUST_04710,Germany,Mobile,New
CUST_04711,Germany,Desktop,Returning
CUST_04712,Ghana,Desktop,Returning
CUST_04713,UK,Tablet,Returning
CUST_04714,Kenya,Tablet,Returning
CUST_04715,Kenya,Mobile,New
CUST_04716,Kenya,Mobile,New
CUST_04717,Kenya,Tablet,New
CUST_04718,Germany,Tablet,Returning
CUST_04719,Kenya,Desktop,New
CUST_04720,UK,Desktop,New
CUST_04721,Germany,Mobile,Returning
CUST_04722,Kenya,Desktop,Returning
CUST_04723,Ghana,Mobile,New
CUST_04724,Nigeria,Mobile,Returning
CUST_04725,Nigeria,Mobile,Returning
CUST_04726,Nigeria,Desktop,Returning
CUST_04727,Germany,Tablet,Returning
CUST_04728,Kenya,Tablet,New
CUST_04729,Germany,Desktop,New
CUST_04730,UK,Tablet,New
CUST_04731,Ghana,Mobile,New
CUST_04732,Ghana,Tablet,New
CUST_04733,Nigeria,Desktop,Returning
CUST_04734,Nigeria,Tablet,New
CUST_04735,Nigeria,Mobile,New
CUST_04736,Kenya,Mobile,Returning
CUST_04737,UK,Desktop,Returning
CUST_04738,UK,Desktop,Returning
CUST_04739,UK,Desktop,New
CUST_04740,UK,Mobile,Returning
CUST_04741,Nigeria,Tablet,Returning
CUST_04742,Ghana,Tablet,Returning
CUST_04743,Nigeria,Desktop,New
CUST_04744,UK,Tablet,Returning
CUST_04745,Nigeria,Tablet,Returning
CUST_04746,UK,Desktop,New
CUST_04747,Germany,Desktop,Returning
CUST_04748,Ghana,Mobile,New
CUST_04749,Germany,Mobile,New
CUST_04750,Kenya,Mobile,Returning
CUST_04751,Nigeria,Mobile,New
CUST_04752,Kenya,Tablet,Returning
CUST_04753,Nigeria,Tablet,Returning
CUST_04754,Germany,Mobile,Returning
CUST_04755,UK,Mobile,Returning
CUST_04756,UK,Desktop,New
CUST_04757,Nigeria,Tablet,Returning
CUST_04758,UK,Tablet,Returning
CUST_04759,Germany,Mobile,Returning
CUST_04760,UK,Tablet,New
CUST_04761,Germany,Desktop,New
CUST_04762,Kenya,Desktop,Returning
CUST_04763,Germany,Tablet,New
CUST_04764,Ghana,Mobile,New
CUST_04765,Ghana,Tablet,Returning
CUST_04766,Ghana,Desktop,Returning
CUST_04767,Nigeria,Mobile,Returning
CUST_04768,Nigeria,Tablet,Returning
CUST_04769,Nigeria,Mobile,Returning
CUST_04770,Germany,Mobile,New
CUST_04771,Nigeria,Desktop,Returning
CUST_04772,Kenya,Mobile,Returning
CUST_04773,Ghana,Tablet,Returning
CUST_04774,Germany,Mobile,Returning
CUST_04775,Ghana,Mobile,Returning
CUST_04776,Nigeria,Tablet,New
CUST_04777,Germany,Desktop,Returning
CUST_04778,UK,Desktop,New
CUST_04779,Kenya,Tablet,Returning
CUST_04780,Nigeria,Tablet,Returning
CUST_04781,Nigeria,Desktop,Returning
CUST_04782,Kenya,Mobile,New
CUST_04783,Kenya,Tablet,Returning
CUST_04784,UK,Mobile,Returning
CUST_04785,Nigeria,Tablet,Returning
CUST_04786,Nigeria,Desktop,Returning
CUST_04787,Ghana,Mobile,Returning
CUST_04788,Germany,Mobile,Returning
CUST_04789,Germany,Tablet,Returning
CUST_04790,Ghana,Mobile,New
CUST_04791,Germany,Tablet,Returning
CUST_04792,Kenya,Desktop,Returning
CUST_04793,Germany,Mobile,Returning
CUST_04794,Germany,Tablet,New
CUST_04795,Ghana,Mobile,New
CUST_04796,UK,Tablet,Returning
CUST_04797,Germany,Tablet,New
CUST_04798,Germany,Tablet,Returning
CUST_04799,UK,Desktop,Returning
CUST_04800,Ghana,Mobile,New
CUST_04801,UK,Desktop,Returning
CUST_04802,Ghana,Tablet,New
CUST_04803,Kenya,Tablet,New
CUST_04804,Ghana,Desktop,New
CUST_04805,Kenya,Desktop,Returning
CUST_04806,Kenya,Mobile,Returning
CUST_04807,Ghana,Tablet,Returning
CUST_04808,Nigeria,Desktop,Returning
CUST_04809,Ghana,Tablet,Returning
CUST_04810,Germany,Tablet,Returning
CUST_04811,Germany,Mobile,Returning
CUST_04812,Nigeria,Mobile,New
CUST_04813,Kenya,Mobile,Returning
CUST_04814,Nigeria,Desktop,Returning
CUST_04815,Germany,Tablet,Returning
CUST_04816,Nigeria,Desktop,New
CUST_04817,Ghana,Desktop,New
CUST_04818,Nigeria,Mobile,New
CUST_04819,Kenya,Tablet,Returning
CUST_04820,Ghana,Tablet,New
CUST_04821,UK,Mobile,New
CUST_04822,Germany,Tablet,Returning
CUST_04823,Germany,Mobile,Returning
CUST_04824,Nigeria,Desktop,Returning
CUST_04825,Ghana,Desktop,New
CUST_04826,UK,Mobile,Returning
CUST_04827,Ghana,Desktop,Returning
CUST_04828,Germany,Desktop,Returning
CUST_04829,Ghana,Mobile,Returning
CUST_04830,UK,Desktop,Returning
CUST_04831,Nigeria,Tablet,Returning
CUST_04832,Kenya,Desktop,New
CUST_04833,Ghana,Mobile,Returning
CUST_04834,Kenya,Tablet,New
CUST_04835,Germany,Tablet,New
CUST_04836,Nigeria,Desktop,Returning
CUST_04837,Nigeria,Tablet,New
CUST_04838,Ghana,Mobile,New
CUST_04839,Nigeria,Tablet,New
CUST_04840,Ghana,Desktop,Returning
CUST_04841,Ghana,Desktop,New
CUST_04842,Kenya,Tablet,New
CUST_04843,Nigeria,Mobile,New
CUST_04844,Ghana,Mobile,New
CUST_04845,Kenya,Desktop,Returning
CUST_04846,UK,Desktop,Returning
CUST_04847,Kenya,Mobile,New
CUST_04848,Kenya,Tablet,Returning
CUST_04849,Ghana,Tablet,Returning
CUST_04850,Germany,Tablet,New
CUST_04851,Germany,Tablet,Returning
CUST_04852,Germany,Mobile,Returning
CUST_04853,Kenya,Desktop,New
CUST_04854,Ghana,Desktop,New
CUST_04855,Nigeria,Tablet,Returning
CUST_04856,Kenya,Mobile,Returning
CUST_04857,Kenya,Mobile,Returning
CUST_04858,Ghana,Tablet,Returning
CUST_04859,UK,Tablet,New
CUST_04860,Kenya,Tablet,New
CUST_04861,UK,Desktop,New
CUST_04862,UK,Tablet,New
CUST_04863,Germany,Desktop,New
CUST_04864,Ghana,Mobile,Returning
CUST_04865,UK,Mobile,Returning
CUST_04866,Ghana,Desktop,New
CUST_04867,Germany,Desktop,New
CUST_04868,Ghana,Desktop,New
CUST_04869,Kenya,Desktop,Returning
CUST_04870,UK,Tablet,Returning
CUST_04871,Ghana,Mobile,Returning
CUST_04872,Nigeria,Tablet,New
CUST_04873,Ghana,Desktop,New
CUST_04874,UK,Tablet,New
CUST_04875,Germany,Tablet,New
CUST_04876,Germany,Mobile,New
CUST_04877,UK,Tablet,Returning
CUST_04878,Kenya,Mobile,New
CUST_04879,Kenya,Desktop,Returning
CUST_04880,Germany,Tablet,Returning
CUST_04881,Germany,Desktop,Returning
CUST_04882,UK,Mobile,Returning
CUST_04883,Kenya,Desktop,Returning
CUST_04884,Germany,Desktop,New
CUST_04885,Kenya,Mobile,New
CUST_04886,Germany,Desktop,New
CUST_04887,Ghana,Desktop,Returning
CUST_04888,Nigeria,Desktop,Returning
CUST_04889,Ghana,Tablet,Returning
CUST_04890,Germany,Desktop,Returning
CUST_04891,Nigeria,Mobile,Returning
CUST_04892,Nigeria,Tablet,Returning
CUST_04893,Germany,Tablet,New
CUST_04894,Germany,Mobile,Returning
CUST_04895,Kenya,Desktop,Returning
CUST_04896,Germany,Tablet,New
CUST_04897,UK,Tablet,Returning
CUST_04898,Germany,Tablet,New
CUST_04899,UK,Desktop,New
CUST_04900,Germany,Tablet,New
CUST_04901,Kenya,Mobile,Returning
CUST_04902,UK,Desktop,New
CUST_04903,Ghana,Mobile,New
CUST_04904,UK,Mobile,Returning
CUST_04905,Kenya,Tablet,New
CUST_04906,UK,Tablet,Returning
CUST_04907,Germany,Tablet,Returning
CUST_04908,Germany,Mobile,New
CUST_04909,Kenya,Desktop,Returning
CUST_04910,Nigeria,Tablet,Returning
CUST_04911,Germany,Tablet,New
CUST_04912,Ghana,Mobile,New
CUST_04913,Kenya,Desktop,New
CUST_04914,UK,Mobile,New
CUST_04915,UK,Tablet,Returning
CUST_04916,Ghana,Mobile,New
CUST_04917,Germany,Tablet,New
CUST_04918,Kenya,Desktop,New
CUST_04919,Ghana,Mobile,Returning
CUST_04920,Germany,Tablet,Returning
CUST_04921,Kenya,Tablet,Returning
CUST_04922,UK,Tablet,Returning
CUST_04923,Kenya,Tablet,Returning
CUST_04924,Nigeria,Mobile,New
CUST_04925,Kenya,Tablet,Returning
CUST_04926,Nigeria,Mobile,Returning
CUST_04927,Kenya,Tablet,Returning
CUST_04928,Nigeria,Mobile,New
CUST_04929,UK,Mobile,New
CUST_04930,Germany,Tablet,Returning
CUST_04931,Nigeria,Tablet,New
CUST_04932,Nigeria,Tablet,Returning
CUST_04933,UK,Tablet,New
CUST_04934,Nigeria,Desktop,New
CUST_04935,Ghana,Tablet,Returning
CUST_04936,UK,Tablet,New
CUST_04937,Ghana,Tablet,Returning
CUST_04938,UK,Mobile,Returning
CUST_04939,Nigeria,Tablet,Returning
CUST_04940,Ghana,Mobile,New
CUST_04941,Nigeria,Mobile,New
CUST_04942,UK,Mobile,Returning
CUST_04943,Nigeria,Mobile,Returning
CUST_04944,Ghana,Desktop,New
CUST_04945,Ghana,Tablet,Returning
CUST_04946,Nigeria,Mobile,New
CUST_04947,Kenya,Tablet,New
CUST_04948,UK,Mobile,New
CUST_04949,UK,Desktop,Returning
CUST_04950,Nigeria,Mobile,Returning
CUST_04951,Kenya,Tablet,New
CUST_04952,Ghana,Tablet,Returning
CUST_04953,Germany,Desktop,Returning
CUST_04954,Germany,Tablet,New
CUST_04955,Nigeria,Tablet,New
CUST_04956,Kenya,Mobile,Returning
CUST_04957,Kenya,Tablet,New
CUST_04958,UK,Mobile,Returning
CUST_04959,Ghana,Desktop,New
CUST_04960,Kenya,Tablet,New
CUST_04961,Germany,Mobile,Returning
CUST_04962,Ghana,Tablet,Returning
CUST_04963,Ghana,Mobile,Returning
CUST_04964,Nigeria,Desktop,Returning
CUST_04965,Kenya,Mobile,Returning
CUST_04966,Nigeria,Tablet,New
CUST_04967,Kenya,Mobile,New
CUST_04968,UK,Tablet,Returning
CUST_04969,Nigeria,Desktop,New
CUST_04970,Nigeria,Mobile,Returning
CUST_04971,Germany,Tablet,New
CUST_04972,Nigeria,Tablet,New
CUST_04973,Kenya,Tablet,Returning
CUST_04974,Germany,Mobile,Returning
CUST_04975,Nigeria,Mobile,Returning
CUST_04976,Nigeria,Mobile,New
CUST_04977,UK,Desktop,Returning
CUST_04978,Nigeria,Tablet,Returning
CUST_04979,Ghana,Tablet,Returning
CUST_04980,Germany,Desktop,Returning
CUST_04981,Ghana,Desktop,Returning
CUST_04982,Germany,Mobile,Returning
CUST_04983,UK,Mobile,New
CUST_04984,Nigeria,Mobile,New
CUST_04985,Nigeria,Mobile,New
CUST_04986,Nigeria,Mobile,New
CUST_04987,Germany,Mobile,Returning
CUST_04988,Nigeria,Desktop,Returning
CUST_04989,Ghana,Desktop,New
CUST_04990,Nigeria,Desktop,New
CUST_04991,UK,Tablet,New
CUST_04992,Ghana,Tablet,Returning
CUST_04993,Nigeria,Mobile,Returning
CUST_04994,Nigeria,Desktop,Returning
CUST_04995,Kenya,Tablet,New
CUST_04996,Germany,Tablet,New
CUST_04997,Ghana,Desktop,New
CUST_04998,Kenya,Tablet,New
CUST_04999,UK,Tablet,New
CUST_05000,Germany,Desktop,Returning
