customer_id,product_id,order_time,order_id,revenue,attributed_to_ad,attributed_campaign_id,attributed_event_id,click_time,days_since_click
CUST_00096,PRDT_156,2026-06-16 05:17:00,ORD_000001,139.49,0,,,,
CUST_03674,PRDT_169,2026-06-10 01:44:00,ORD_000002,27.52,0,,,,
CUST_04060,PRDT_153,2026-08-23 18:43:00,ORD_000003,90.83,0,,,,
CUST_01412,PRDT_064,2026-06-14 08:14:00,ORD_000004,482.29,0,,,,
CUST_04602,PRDT_080,2026-07-24 06:36:00,ORD_000005,509.71,0,,,,
CUST_01054,PRDT_097,2026-08-06 05:12:00,ORD_000006,248.93,0,,,,
CUST_02584,PRDT_021,2026-08-17 04:53:00,ORD_000007,204.62,0,,,,
CUST_02495,PRDT_100,2026-06-24 20:03:00,ORD_000008,2387.01,0,,,,
CUST_02712,PRDT_073,2026-08-09 05:17:00,ORD_000009,73.75,0,,,,
CUST_04348,PRDT_146,2026-07-25 20:03:00,ORD_000010,254.53,0,,,,
CUST_03028,PRDT_034,2026-08-09 00:03:00,ORD_000011,159.73,0,,,,
CUST_03585,PRDT_137,2026-07-22 04:53:00,ORD_000012,110.22,0,,,,
CUST_00422,PRDT_148,2026-06-12 20:00:00,ORD_000013,1509.58,0,,,,
CUST_00907,PRDT_110,2026-08-15 18:28:00,ORD_000014,485.27,0,,,,
CUST_04734,PRDT_197,2026-08-26 08:12:00,ORD_000015,197.74,0,,,,
CUST_00651,PRDT_123,2026-06-10 22:51:00,ORD_000016,69.74,0,,,,
CUST_04289,PRDT_032,2026-08-18 03:35:00,ORD_000017,110.18,0,,,,
CUST_01501,PRDT_058,2026-07-01 23:09:00,ORD_000018,64.28,0,,,,
CUST_00663,PRDT_182,2026-07-16 11:59:00,ORD_000019,987.5,0,,,,
CUST_04510,PRDT_066,2026-06-09 18:13:00,ORD_000020,2431.92,0,,,,
CUST_02408,PRDT_065,2026-07-24 03:53:00,ORD_000021,142.85,0,,,,
CUST_00824,PRDT_169,2026-06-02 03:15:00,ORD_000022,27.52,0,,,,
CUST_03049,PRDT_190,2026-06-12 22:32:00,ORD_000023,303.15,0,,,,
CUST_01188,PRDT_173,2026-06-08 11:52:00,ORD_000024,109.75,0,,,,
CUST_00984,PRDT_163,2026-07-06 04:44:00,ORD_000025,2491.25,0,,,,
CUST_01304,PRDT_079,2026-06-30 21:53:00,ORD_000026,188.88,0,,,,
CUST_04350,PRDT_008,2026-07-23 08:55:00,ORD_000027,114.91,0,,,,
CUST_02439,PRDT_023,2026-08-17 01:22:00,ORD_000028,1375.82,0,,,,
CUST_01628,PRDT_136,2026-06-07 13:08:00,ORD_000029,74.62,0,,,,
CUST_04250,PRDT_032,2026-08-12 08:32:00,ORD_000030,110.18,0,,,,
CUST_00612,PRDT_162,2026-08-26 04:18:00,ORD_000031,58.28,0,,,,
CUST_02595,PRDT_143,2026-06-22 02:27:00,ORD_000032,108.54,0,,,,
CUST_04381,PRDT_111,2026-07-04 08:38:00,ORD_000033,1094.44,0,,,,
CUST_01482,PRDT_073,2026-08-07 10:20:00,ORD_000034,73.75,0,,,,
CUST_03500,PRDT_068,2026-08-01 23:06:00,ORD_000035,750.51,0,,,,
CUST_00951,PRDT_093,2026-08-11 16:02:00,ORD_000036,1413.29,0,,,,
CUST_00628,PRDT_036,2026-06-12 01:24:00,ORD_000037,191.64,0,,,,
CUST_04681,PRDT_197,2026-07-16 05:14:00,ORD_000038,197.74,0,,,,
CUST_01479,PRDT_110,2026-06-30 02:54:00,ORD_000039,485.27,0,,,,
CUST_04451,PRDT_111,2026-06-26 00:24:00,ORD_000040,1094.44,0,,,,
CUST_00617,PRDT_098,2026-06-18 02:44:00,ORD_000041,112.97,0,,,,
CUST_03456,PRDT_117,2026-08-17 03:42:00,ORD_000042,715.65,0,,,,
CUST_01891,PRDT_101,2026-07-18 12:51:00,ORD_000043,1215.68,0,,,,
CUST_00281,PRDT_079,2026-07-05 12:22:00,ORD_000044,188.88,0,,,,
CUST_00152,PRDT_010,2026-06-07 15:27:00,ORD_000045,115.38,0,,,,
CUST_04379,PRDT_080,2026-06-24 00:40:00,ORD_000046,509.71,0,,,,
CUST_01001,PRDT_149,2026-07-04 06:39:00,ORD_000047,115.45,0,,,,
CUST_02465,PRDT_185,2026-08-06 09:39:00,ORD_000048,103.16,0,,,,
CUST_01813,PRDT_119,2026-07-22 06:20:00,ORD_000049,75.71,0,,,,
CUST_03472,PRDT_125,2026-06-12 01:15:00,ORD_000050,85.5,0,,,,
CUST_04891,PRDT_139,2026-08-14 15:20:00,ORD_000051,230.06,0,,,,
CUST_04303,PRDT_124,2026-08-05 19:08:00,ORD_000052,2248.76,0,,,,
CUST_04555,PRDT_081,2026-08-09 11:51:00,ORD_000053,103.77,0,,,,
CUST_01935,PRDT_166,2026-07-21 05:02:00,ORD_000054,160.57,0,,,,
CUST_00718,PRDT_081,2026-07-15 00:42:00,ORD_000055,103.77,0,,,,
CUST_01960,PRDT_157,2026-06-04 16:49:00,ORD_000056,528.89,0,,,,
CUST_00108,PRDT_200,2026-07-15 14:52:00,ORD_000057,689.76,0,,,,
CUST_03451,PRDT_096,2026-08-29 04:11:00,ORD_000058,63.76,0,,,,
CUST_01531,PRDT_047,2026-07-26 21:20:00,ORD_000059,147.72,0,,,,
CUST_03284,PRDT_200,2026-06-16 06:30:00,ORD_000060,689.76,0,,,,
CUST_01914,PRDT_118,2026-06-29 16:11:00,ORD_000061,1359.47,0,,,,
CUST_03630,PRDT_014,2026-06-29 11:42:00,ORD_000062,319.34,0,,,,
CUST_02654,PRDT_060,2026-07-27 21:52:00,ORD_000063,844.85,0,,,,
CUST_01943,PRDT_007,2026-06-06 20:22:00,ORD_000064,766.37,0,,,,
CUST_02917,PRDT_040,2026-07-09 18:06:00,ORD_000065,1080.32,0,,,,
CUST_04218,PRDT_014,2026-06-20 13:10:00,ORD_000066,319.34,0,,,,
CUST_01439,PRDT_108,2026-06-24 15:09:00,ORD_000067,90.97,0,,,,
CUST_01179,PRDT_017,2026-06-12 15:20:00,ORD_000068,392.21,0,,,,
CUST_02681,PRDT_034,2026-08-21 23:22:00,ORD_000069,159.73,0,,,,
CUST_03098,PRDT_037,2026-06-05 10:13:00,ORD_000070,349.54,0,,,,
CUST_00783,PRDT_011,2026-08-19 16:06:00,ORD_000071,40.62,0,,,,
CUST_01649,PRDT_063,2026-07-12 20:40:00,ORD_000072,375.93,0,,,,
CUST_02367,PRDT_016,2026-06-27 19:19:00,ORD_000073,114.08,0,,,,
CUST_04849,PRDT_049,2026-07-07 12:48:00,ORD_000074,124.11,0,,,,
CUST_04505,PRDT_133,2026-08-27 11:07:00,ORD_000075,523.34,0,,,,
CUST_03662,PRDT_156,2026-06-05 17:17:00,ORD_000076,139.49,0,,,,
CUST_01261,PRDT_039,2026-06-27 18:27:00,ORD_000077,246.26,0,,,,
CUST_00066,PRDT_142,2026-07-10 17:45:00,ORD_000078,1962.84,0,,,,
CUST_02766,PRDT_009,2026-07-16 03:22:00,ORD_000079,13.34,0,,,,
CUST_02723,PRDT_068,2026-07-23 14:12:00,ORD_000080,750.51,0,,,,
CUST_04817,PRDT_187,2026-07-30 10:52:00,ORD_000081,299.06,0,,,,
CUST_01009,PRDT_032,2026-08-03 17:45:00,ORD_000082,110.18,0,,,,
CUST_01314,PRDT_134,2026-08-14 07:04:00,ORD_000083,1093.53,0,,,,
CUST_00067,PRDT_031,2026-06-17 16:30:00,ORD_000084,851.35,0,,,,
CUST_02233,PRDT_196,2026-06-12 07:37:00,ORD_000085,141.04,0,,,,
CUST_04954,PRDT_128,2026-07-31 07:34:00,ORD_000086,655.28,0,,,,
CUST_04833,PRDT_110,2026-07-01 13:57:00,ORD_000087,485.27,0,,,,
CUST_03086,PRDT_036,2026-06-18 06:52:00,ORD_000088,191.64,0,,,,
CUST_04967,PRDT_163,2026-08-13 00:03:00,ORD_000089,2491.25,0,,,,
CUST_03298,PRDT_008,2026-07-28 01:17:00,ORD_000090,114.91,0,,,,
CUST_03347,PRDT_007,2026-08-29 14:34:00,ORD_000091,766.37,0,,,,
CUST_00208,PRDT_022,2026-06-26 21:31:00,ORD_000092,101.95,0,,,,
CUST_01699,PRDT_021,2026-07-10 13:01:00,ORD_000093,204.62,0,,,,
CUST_04954,PRDT_153,2026-06-09 01:21:00,ORD_000094,90.83,0,,,,
CUST_03012,PRDT_136,2026-08-15 22:13:00,ORD_000095,74.62,0,,,,
CUST_04157,PRDT_161,2026-07-08 13:11:00,ORD_000096,131.9,0,,,,
CUST_00966,PRDT_069,2026-06-06 07:00:00,ORD_000097,148.6,0,,,,
CUST_00553,PRDT_065,2026-06-16 10:08:00,ORD_000098,142.85,0,,,,
CUST_03894,PRDT_061,2026-08-29 13:12:00,ORD_000099,1100.76,0,,,,
CUST_03519,PRDT_093,2026-07-30 07:14:00,ORD_000100,1413.29,0,,,,
CUST_01501,PRDT_033,2026-08-16 16:05:00,ORD_000101,108.92,0,,,,
CUST_04007,PRDT_158,2026-08-17 07:06:00,ORD_000102,154.31,0,,,,
CUST_04561,PRDT_147,2026-06-08 01:01:00,ORD_000103,307.76,0,,,,
CUST_00343,PRDT_088,2026-08-15 00:05:00,ORD_000104,384.25,0,,,,
CUST_01375,PRDT_172,2026-08-18 06:30:00,ORD_000105,187.76,0,,,,
CUST_04584,PRDT_013,2026-08-05 11:17:00,ORD_000106,101.28,0,,,,
CUST_01797,PRDT_004,2026-07-02 00:02:00,ORD_000107,102.98,0,,,,
CUST_02682,PRDT_018,2026-07-09 01:18:00,ORD_000108,76.3,0,,,,
CUST_02365,PRDT_113,2026-07-16 06:43:00,ORD_000109,1326.93,0,,,,
CUST_01560,PRDT_106,2026-06-25 13:56:00,ORD_000110,9.19,0,,,,
CUST_03068,PRDT_006,2026-07-28 05:31:00,ORD_000111,1779.93,0,,,,
CUST_00765,PRDT_092,2026-08-09 05:02:00,ORD_000112,136.97,0,,,,
CUST_02482,PRDT_164,2026-07-09 23:55:00,ORD_000113,284.83,0,,,,
CUST_01649,PRDT_050,2026-07-27 12:52:00,ORD_000114,850.64,0,,,,
CUST_00533,PRDT_102,2026-06-06 16:48:00,ORD_000115,41.66,0,,,,
CUST_04021,PRDT_171,2026-07-18 11:40:00,ORD_000116,338.78,0,,,,
CUST_03014,PRDT_179,2026-07-11 11:24:00,ORD_000117,55.69,0,,,,
CUST_03183,PRDT_078,2026-07-09 07:59:00,ORD_000118,71.19,0,,,,
CUST_03945,PRDT_031,2026-07-01 08:52:00,ORD_000119,851.35,0,,,,
CUST_04135,PRDT_103,2026-07-03 16:28:00,ORD_000120,1410.21,0,,,,
CUST_00715,PRDT_175,2026-08-11 11:52:00,ORD_000121,167.54,0,,,,
CUST_02035,PRDT_072,2026-08-27 10:06:00,ORD_000122,90.01,0,,,,
CUST_01809,PRDT_055,2026-07-20 11:38:00,ORD_000123,132.87,0,,,,
CUST_00618,PRDT_076,2026-07-23 10:05:00,ORD_000124,1579.92,0,,,,
CUST_03060,PRDT_033,2026-06-06 12:52:00,ORD_000125,108.92,0,,,,
CUST_04200,PRDT_018,2026-06-23 05:26:00,ORD_000126,76.3,0,,,,
CUST_00558,PRDT_169,2026-06-21 13:28:00,ORD_000127,27.52,0,,,,
CUST_02720,PRDT_083,2026-06-15 19:34:00,ORD_000128,131.69,0,,,,
CUST_03969,PRDT_001,2026-07-20 12:09:00,ORD_000129,74.12,0,,,,
CUST_02822,PRDT_014,2026-07-18 02:58:00,ORD_000130,319.34,0,,,,
CUST_01672,PRDT_182,2026-06-24 06:16:00,ORD_000131,987.5,0,,,,
CUST_03090,PRDT_169,2026-07-19 04:22:00,ORD_000132,27.52,0,,,,
CUST_01373,PRDT_092,2026-07-09 22:05:00,ORD_000133,136.97,0,,,,
CUST_02367,PRDT_055,2026-08-29 18:33:00,ORD_000134,132.87,0,,,,
CUST_04505,PRDT_129,2026-07-17 08:55:00,ORD_000135,1887.18,0,,,,
CUST_02679,PRDT_138,2026-08-05 03:23:00,ORD_000136,94.29,0,,,,
CUST_01383,PRDT_198,2026-08-17 12:27:00,ORD_000137,255.77,0,,,,
CUST_02771,PRDT_095,2026-06-07 05:08:00,ORD_000138,574.9,0,,,,
CUST_01935,PRDT_145,2026-08-02 22:43:00,ORD_000139,1240.47,0,,,,
CUST_04969,PRDT_026,2026-08-20 08:23:00,ORD_000140,1433.89,0,,,,
CUST_01022,PRDT_141,2026-07-10 17:34:00,ORD_000141,2127.86,0,,,,
CUST_01573,PRDT_135,2026-07-31 17:40:00,ORD_000142,185.09,0,,,,
CUST_03518,PRDT_107,2026-07-23 22:06:00,ORD_000143,1947.77,0,,,,
CUST_02546,PRDT_102,2026-07-02 21:41:00,ORD_000144,41.66,0,,,,
CUST_04084,PRDT_053,2026-07-30 00:01:00,ORD_000145,160.29,0,,,,
CUST_02391,PRDT_164,2026-06-03 12:24:00,ORD_000146,284.83,0,,,,
CUST_03223,PRDT_174,2026-08-18 08:26:00,ORD_000147,1758.38,0,,,,
CUST_03953,PRDT_126,2026-06-07 12:10:00,ORD_000148,1380.0,0,,,,
CUST_02447,PRDT_139,2026-08-26 23:52:00,ORD_000149,230.06,0,,,,
CUST_03241,PRDT_177,2026-08-16 08:23:00,ORD_000150,54.57,0,,,,
CUST_04155,PRDT_002,2026-06-21 16:06:00,ORD_000151,89.49,0,,,,
CUST_00409,PRDT_193,2026-08-08 03:42:00,ORD_000152,353.13,0,,,,
CUST_03107,PRDT_045,2026-06-21 23:43:00,ORD_000153,143.89,0,,,,
CUST_00537,PRDT_117,2026-06-21 13:51:00,ORD_000154,715.65,0,,,,
CUST_03677,PRDT_028,2026-06-19 12:13:00,ORD_000155,947.88,0,,,,
CUST_00773,PRDT_132,2026-07-22 10:28:00,ORD_000156,287.93,0,,,,
CUST_00823,PRDT_004,2026-06-24 08:28:00,ORD_000157,102.98,0,,,,
CUST_04797,PRDT_088,2026-08-25 22:14:00,ORD_000158,384.25,0,,,,
CUST_03566,PRDT_002,2026-06-30 14:55:00,ORD_000159,89.49,0,,,,
CUST_04362,PRDT_009,2026-08-05 06:04:00,ORD_000160,13.34,0,,,,
CUST_04915,PRDT_050,2026-06-25 02:04:00,ORD_000161,850.64,0,,,,
CUST_04067,PRDT_085,2026-08-04 02:22:00,ORD_000162,169.89,0,,,,
CUST_03718,PRDT_010,2026-08-27 00:37:00,ORD_000163,115.38,0,,,,
CUST_03374,PRDT_044,2026-07-03 14:25:00,ORD_000164,331.84,0,,,,
CUST_01975,PRDT_067,2026-06-23 21:27:00,ORD_000165,1550.74,0,,,,
CUST_03695,PRDT_188,2026-07-30 17:57:00,ORD_000166,191.08,0,,,,
CUST_02166,PRDT_054,2026-06-08 04:56:00,ORD_000167,1106.76,0,,,,
CUST_00689,PRDT_096,2026-08-05 02:04:00,ORD_000168,63.76,0,,,,
CUST_04761,PRDT_083,2026-06-02 02:04:00,ORD_000169,131.69,0,,,,
CUST_04189,PRDT_162,2026-07-10 08:41:00,ORD_000170,58.28,0,,,,
CUST_00011,PRDT_105,2026-08-02 17:41:00,ORD_000171,149.47,0,,,,
CUST_04085,PRDT_156,2026-06-23 08:22:00,ORD_000172,139.49,0,,,,
CUST_02760,PRDT_005,2026-06-20 01:39:00,ORD_000173,1485.06,0,,,,
CUST_04509,PRDT_026,2026-06-24 02:37:00,ORD_000174,1433.89,0,,,,
CUST_02706,PRDT_002,2026-08-14 12:35:00,ORD_000175,89.49,0,,,,
CUST_03280,PRDT_173,2026-06-18 05:21:00,ORD_000176,109.75,0,,,,
CUST_04809,PRDT_007,2026-07-17 20:56:00,ORD_000177,766.37,0,,,,
CUST_01986,PRDT_054,2026-06-17 06:35:00,ORD_000178,1106.76,0,,,,
CUST_04187,PRDT_073,2026-07-13 07:32:00,ORD_000179,73.75,0,,,,
CUST_00655,PRDT_130,2026-08-22 22:11:00,ORD_000180,160.05,0,,,,
CUST_00730,PRDT_063,2026-06-21 12:40:00,ORD_000181,375.93,0,,,,
CUST_01636,PRDT_168,2026-07-11 17:52:00,ORD_000182,2413.28,0,,,,
CUST_03938,PRDT_166,2026-08-03 04:10:00,ORD_000183,160.57,0,,,,
CUST_01069,PRDT_149,2026-08-08 07:07:00,ORD_000184,115.45,0,,,,
CUST_03649,PRDT_161,2026-07-14 19:30:00,ORD_000185,131.9,0,,,,
CUST_03137,PRDT_143,2026-06-10 09:35:00,ORD_000186,108.54,0,,,,
CUST_00220,PRDT_149,2026-07-11 20:24:00,ORD_000187,115.45,0,,,,
CUST_03753,PRDT_117,2026-06-22 05:17:00,ORD_000188,715.65,0,,,,
CUST_01163,PRDT_127,2026-07-23 03:05:00,ORD_000189,1642.97,0,,,,
CUST_01252,PRDT_189,2026-08-23 15:22:00,ORD_000190,142.49,0,,,,
CUST_04492,PRDT_023,2026-07-24 22:38:00,ORD_000191,1375.82,0,,,,
CUST_01014,PRDT_039,2026-06-29 10:07:00,ORD_000192,246.26,0,,,,
CUST_03151,PRDT_044,2026-06-22 11:19:00,ORD_000193,331.84,0,,,,
CUST_02823,PRDT_128,2026-08-25 23:08:00,ORD_000194,655.28,0,,,,
CUST_01979,PRDT_125,2026-08-13 13:19:00,ORD_000195,85.5,0,,,,
CUST_00718,PRDT_152,2026-06-18 19:30:00,ORD_000196,922.81,0,,,,
CUST_03790,PRDT_013,2026-06-03 09:36:00,ORD_000197,101.28,0,,,,
CUST_01712,PRDT_094,2026-08-09 22:10:00,ORD_000198,130.86,0,,,,
CUST_03690,PRDT_146,2026-07-30 21:08:00,ORD_000199,254.53,0,,,,
CUST_00030,PRDT_075,2026-08-22 16:23:00,ORD_000200,218.77,0,,,,
CUST_01936,PRDT_142,2026-06-20 20:41:00,ORD_000201,1962.84,0,,,,
CUST_00973,PRDT_173,2026-06-04 04:41:00,ORD_000202,109.75,0,,,,
CUST_00510,PRDT_097,2026-07-07 10:24:00,ORD_000203,248.93,0,,,,
CUST_00989,PRDT_118,2026-07-13 20:05:00,ORD_000204,1359.47,0,,,,
CUST_04393,PRDT_069,2026-06-26 11:29:00,ORD_000205,148.6,0,,,,
CUST_04112,PRDT_114,2026-06-21 00:29:00,ORD_000206,168.5,0,,,,
CUST_02211,PRDT_059,2026-08-24 12:14:00,ORD_000207,53.89,0,,,,
CUST_02582,PRDT_132,2026-08-05 00:35:00,ORD_000208,287.93,0,,,,
CUST_01245,PRDT_060,2026-06-08 02:05:00,ORD_000209,844.85,0,,,,
CUST_00273,PRDT_144,2026-08-20 21:16:00,ORD_000210,22.81,0,,,,
CUST_04833,PRDT_073,2026-06-28 07:32:00,ORD_000211,73.75,0,,,,
CUST_04903,PRDT_138,2026-06-25 00:52:00,ORD_000212,94.29,0,,,,
CUST_01533,PRDT_022,2026-08-26 07:11:00,ORD_000213,101.95,0,,,,
CUST_03361,PRDT_058,2026-06-18 16:26:00,ORD_000214,64.28,0,,,,
CUST_03540,PRDT_026,2026-07-14 21:55:00,ORD_000215,1433.89,0,,,,
CUST_02086,PRDT_069,2026-07-26 16:45:00,ORD_000216,148.6,0,,,,
CUST_02152,PRDT_119,2026-07-31 12:38:00,ORD_000217,75.71,0,,,,
CUST_04113,PRDT_151,2026-06-29 02:50:00,ORD_000218,2453.59,0,,,,
CUST_03351,PRDT_055,2026-06-14 20:24:00,ORD_000219,132.87,0,,,,
CUST_03448,PRDT_035,2026-06-16 23:33:00,ORD_000220,2382.17,0,,,,
CUST_04197,PRDT_195,2026-07-21 05:49:00,ORD_000221,414.28,0,,,,
CUST_03770,PRDT_143,2026-06-23 02:25:00,ORD_000222,108.54,0,,,,
CUST_04765,PRDT_186,2026-08-01 03:57:00,ORD_000223,70.61,0,,,,
CUST_03173,PRDT_146,2026-08-06 02:54:00,ORD_000224,254.53,0,,,,
CUST_00347,PRDT_198,2026-06-04 10:36:00,ORD_000225,255.77,0,,,,
CUST_03660,PRDT_122,2026-06-26 22:57:00,ORD_000226,303.21,0,,,,
CUST_04152,PRDT_171,2026-07-10 16:36:00,ORD_000227,338.78,0,,,,
CUST_00267,PRDT_131,2026-08-09 23:05:00,ORD_000228,163.64,0,,,,
CUST_04869,PRDT_051,2026-08-21 14:42:00,ORD_000229,78.57,0,,,,
CUST_03637,PRDT_076,2026-08-16 09:16:00,ORD_000230,1579.92,0,,,,
CUST_00942,PRDT_043,2026-07-27 23:47:00,ORD_000231,98.85,0,,,,
CUST_01420,PRDT_037,2026-08-15 12:13:00,ORD_000232,349.54,0,,,,
CUST_01395,PRDT_186,2026-06-07 03:41:00,ORD_000233,70.61,0,,,,
CUST_03487,PRDT_133,2026-06-03 19:30:00,ORD_000234,523.34,0,,,,
CUST_04254,PRDT_024,2026-08-12 22:11:00,ORD_000235,1764.52,0,,,,
CUST_01909,PRDT_065,2026-07-10 09:52:00,ORD_000236,142.85,0,,,,
CUST_00330,PRDT_067,2026-06-02 10:56:00,ORD_000237,1550.74,0,,,,
CUST_02163,PRDT_112,2026-07-14 22:54:00,ORD_000238,2157.62,0,,,,
CUST_04690,PRDT_095,2026-07-15 11:30:00,ORD_000239,574.9,0,,,,
CUST_02297,PRDT_170,2026-07-30 19:04:00,ORD_000240,169.92,0,,,,
CUST_03691,PRDT_031,2026-06-21 20:34:00,ORD_000241,851.35,0,,,,
CUST_03019,PRDT_070,2026-06-29 05:14:00,ORD_000242,948.7,0,,,,
CUST_02636,PRDT_169,2026-08-24 22:01:00,ORD_000243,27.52,0,,,,
CUST_03762,PRDT_166,2026-06-12 01:54:00,ORD_000244,160.57,0,,,,
CUST_00148,PRDT_016,2026-06-10 23:03:00,ORD_000245,114.08,0,,,,
CUST_02814,PRDT_193,2026-06-28 17:30:00,ORD_000246,353.13,0,,,,
CUST_02144,PRDT_148,2026-06-01 23:45:00,ORD_000247,1509.58,0,,,,
CUST_04892,PRDT_142,2026-06-22 00:43:00,ORD_000248,1962.84,0,,,,
CUST_03995,PRDT_119,2026-06-27 06:38:00,ORD_000249,75.71,0,,,,
CUST_00158,PRDT_182,2026-06-22 07:43:00,ORD_000250,987.5,0,,,,
CUST_04109,PRDT_180,2026-07-27 11:10:00,ORD_000251,121.51,0,,,,
CUST_00807,PRDT_152,2026-08-22 17:47:00,ORD_000252,922.81,0,,,,
CUST_02802,PRDT_058,2026-06-24 20:59:00,ORD_000253,64.28,0,,,,
CUST_04844,PRDT_165,2026-08-01 12:10:00,ORD_000254,166.0,0,,,,
CUST_00246,PRDT_188,2026-06-20 22:26:00,ORD_000255,191.08,0,,,,
CUST_03313,PRDT_108,2026-07-12 02:18:00,ORD_000256,90.97,0,,,,
CUST_01541,PRDT_123,2026-07-18 14:56:00,ORD_000257,69.74,0,,,,
CUST_03898,PRDT_059,2026-07-15 11:45:00,ORD_000258,53.89,0,,,,
CUST_00384,PRDT_067,2026-06-24 23:45:00,ORD_000259,1550.74,0,,,,
CUST_03409,PRDT_034,2026-08-10 13:32:00,ORD_000260,159.73,0,,,,
CUST_03745,PRDT_084,2026-06-25 07:09:00,ORD_000261,706.5,0,,,,
CUST_03483,PRDT_152,2026-06-22 08:31:00,ORD_000262,922.81,0,,,,
CUST_03886,PRDT_091,2026-07-31 12:44:00,ORD_000263,239.85,0,,,,
CUST_02891,PRDT_030,2026-06-25 05:13:00,ORD_000264,282.03,0,,,,
CUST_01580,PRDT_080,2026-06-29 16:21:00,ORD_000265,509.71,0,,,,
CUST_02804,PRDT_149,2026-06-30 09:54:00,ORD_000266,115.45,0,,,,
CUST_00288,PRDT_078,2026-07-29 18:44:00,ORD_000267,71.19,0,,,,
CUST_02682,PRDT_123,2026-06-15 07:47:00,ORD_000268,69.74,0,,,,
CUST_00284,PRDT_151,2026-08-29 09:14:00,ORD_000269,2453.59,0,,,,
CUST_02086,PRDT_054,2026-06-16 22:27:00,ORD_000270,1106.76,0,,,,
CUST_01461,PRDT_136,2026-06-23 17:52:00,ORD_000271,74.62,0,,,,
CUST_01451,PRDT_003,2026-08-16 11:07:00,ORD_000272,190.19,0,,,,
CUST_01828,PRDT_060,2026-08-09 04:52:00,ORD_000273,844.85,0,,,,
CUST_03042,PRDT_100,2026-07-03 23:29:00,ORD_000274,2387.01,0,,,,
CUST_04783,PRDT_124,2026-07-23 21:51:00,ORD_000275,2248.76,0,,,,
CUST_04510,PRDT_188,2026-08-22 05:22:00,ORD_000276,191.08,0,,,,
CUST_01741,PRDT_064,2026-06-21 07:04:00,ORD_000277,482.29,0,,,,
CUST_04977,PRDT_062,2026-08-27 22:21:00,ORD_000278,65.28,0,,,,
CUST_00013,PRDT_103,2026-08-07 09:15:00,ORD_000279,1410.21,0,,,,
CUST_02866,PRDT_180,2026-07-13 23:09:00,ORD_000280,121.51,0,,,,
CUST_03473,PRDT_129,2026-08-07 05:05:00,ORD_000281,1887.18,0,,,,
CUST_03978,PRDT_151,2026-08-07 14:10:00,ORD_000282,2453.59,0,,,,
CUST_03078,PRDT_051,2026-07-31 14:58:00,ORD_000283,78.57,0,,,,
CUST_04852,PRDT_017,2026-06-16 18:41:00,ORD_000284,392.21,0,,,,
CUST_02487,PRDT_054,2026-07-17 01:19:00,ORD_000285,1106.76,0,,,,
CUST_00134,PRDT_158,2026-07-20 03:45:00,ORD_000286,154.31,0,,,,
CUST_03112,PRDT_147,2026-06-04 11:46:00,ORD_000287,307.76,0,,,,
CUST_04675,PRDT_020,2026-08-24 08:58:00,ORD_000288,2003.07,0,,,,
CUST_01918,PRDT_068,2026-07-02 18:47:00,ORD_000289,750.51,0,,,,
CUST_04757,PRDT_134,2026-08-29 05:53:00,ORD_000290,1093.53,0,,,,
CUST_03948,PRDT_056,2026-07-17 06:02:00,ORD_000291,134.06,0,,,,
CUST_00419,PRDT_188,2026-08-11 09:28:00,ORD_000292,191.08,0,,,,
CUST_01380,PRDT_026,2026-06-25 08:22:00,ORD_000293,1433.89,0,,,,
CUST_02414,PRDT_156,2026-07-12 15:11:00,ORD_000294,139.49,0,,,,
CUST_02957,PRDT_133,2026-07-10 21:25:00,ORD_000295,523.34,0,,,,
CUST_01741,PRDT_114,2026-06-10 12:08:00,ORD_000296,168.5,0,,,,
CUST_02126,PRDT_135,2026-07-07 05:36:00,ORD_000297,185.09,0,,,,
CUST_01713,PRDT_150,2026-06-28 12:40:00,ORD_000298,124.27,0,,,,
CUST_03745,PRDT_162,2026-07-07 06:17:00,ORD_000299,58.28,0,,,,
CUST_03062,PRDT_097,2026-08-11 04:03:00,ORD_000300,248.93,0,,,,
CUST_00614,PRDT_160,2026-08-06 13:54:00,ORD_000301,41.61,0,,,,
CUST_04476,PRDT_166,2026-07-06 03:12:00,ORD_000302,160.57,0,,,,
CUST_02995,PRDT_175,2026-07-03 07:57:00,ORD_000303,167.54,0,,,,
CUST_02049,PRDT_132,2026-07-03 02:46:00,ORD_000304,287.93,0,,,,
CUST_00547,PRDT_041,2026-07-14 15:50:00,ORD_000305,94.54,0,,,,
CUST_03642,PRDT_037,2026-07-20 11:57:00,ORD_000306,349.54,0,,,,
CUST_03107,PRDT_028,2026-07-29 08:40:00,ORD_000307,947.88,0,,,,
CUST_04086,PRDT_169,2026-06-23 02:09:00,ORD_000308,27.52,0,,,,
CUST_03288,PRDT_056,2026-06-30 23:13:00,ORD_000309,134.06,0,,,,
CUST_03859,PRDT_077,2026-07-22 20:34:00,ORD_000310,901.05,0,,,,
CUST_02547,PRDT_150,2026-07-16 09:29:00,ORD_000311,124.27,0,,,,
CUST_02318,PRDT_175,2026-08-06 11:20:00,ORD_000312,167.54,0,,,,
CUST_04778,PRDT_190,2026-06-25 03:27:00,ORD_000313,303.15,0,,,,
CUST_04728,PRDT_083,2026-06-27 12:21:00,ORD_000314,131.69,0,,,,
CUST_04521,PRDT_109,2026-06-02 12:17:00,ORD_000315,220.57,0,,,,
CUST_03572,PRDT_113,2026-07-19 22:13:00,ORD_000316,1326.93,0,,,,
CUST_01898,PRDT_157,2026-06-12 10:08:00,ORD_000317,528.89,0,,,,
CUST_03070,PRDT_157,2026-08-22 20:37:00,ORD_000318,528.89,0,,,,
CUST_02989,PRDT_046,2026-08-11 14:40:00,ORD_000319,331.76,0,,,,
CUST_04038,PRDT_105,2026-06-01 04:44:00,ORD_000320,149.47,0,,,,
CUST_00305,PRDT_057,2026-07-05 04:50:00,ORD_000321,1831.39,0,,,,
CUST_03380,PRDT_026,2026-08-02 10:36:00,ORD_000322,1433.89,0,,,,
CUST_01644,PRDT_048,2026-07-08 04:05:00,ORD_000323,20.5,0,,,,
CUST_00151,PRDT_193,2026-06-14 15:00:00,ORD_000324,353.13,0,,,,
CUST_01355,PRDT_057,2026-08-01 07:00:00,ORD_000325,1831.39,0,,,,
CUST_01285,PRDT_197,2026-07-29 23:04:00,ORD_000326,197.74,0,,,,
CUST_01667,PRDT_012,2026-08-16 04:25:00,ORD_000327,68.02,0,,,,
CUST_03695,PRDT_097,2026-06-22 04:15:00,ORD_000328,248.93,0,,,,
CUST_04610,PRDT_118,2026-06-21 18:28:00,ORD_000329,1359.47,0,,,,
CUST_03108,PRDT_020,2026-07-28 02:04:00,ORD_000330,2003.07,0,,,,
CUST_04738,PRDT_151,2026-07-12 01:19:00,ORD_000331,2453.59,0,,,,
CUST_03652,PRDT_098,2026-06-08 03:16:00,ORD_000332,112.97,0,,,,
CUST_03702,PRDT_195,2026-06-24 14:00:00,ORD_000333,414.28,0,,,,
CUST_03952,PRDT_019,2026-07-09 14:42:00,ORD_000334,8.35,0,,,,
CUST_03818,PRDT_131,2026-06-13 18:57:00,ORD_000335,163.64,0,,,,
CUST_00631,PRDT_158,2026-06-24 11:33:00,ORD_000336,154.31,0,,,,
CUST_03737,PRDT_026,2026-06-01 05:40:00,ORD_000337,1433.89,0,,,,
CUST_01254,PRDT_121,2026-07-17 08:50:00,ORD_000338,84.98,0,,,,
CUST_03973,PRDT_001,2026-06-22 18:51:00,ORD_000339,74.12,0,,,,
CUST_00113,PRDT_112,2026-06-16 15:16:00,ORD_000340,2157.62,0,,,,
CUST_04918,PRDT_005,2026-06-21 01:28:00,ORD_000341,1485.06,0,,,,
CUST_00454,PRDT_044,2026-08-25 23:13:00,ORD_000342,331.84,0,,,,
CUST_02658,PRDT_002,2026-06-16 10:22:00,ORD_000343,89.49,0,,,,
CUST_04034,PRDT_200,2026-06-17 02:23:00,ORD_000344,689.76,0,,,,
CUST_03922,PRDT_148,2026-07-28 20:00:00,ORD_000345,1509.58,0,,,,
CUST_01995,PRDT_153,2026-06-24 12:06:00,ORD_000346,90.83,0,,,,
CUST_01690,PRDT_091,2026-06-12 23:25:00,ORD_000347,239.85,0,,,,
CUST_01345,PRDT_066,2026-07-10 09:49:00,ORD_000348,2431.92,0,,,,
CUST_03255,PRDT_057,2026-08-03 14:48:00,ORD_000349,1831.39,0,,,,
CUST_01595,PRDT_108,2026-06-19 16:38:00,ORD_000350,90.97,0,,,,
CUST_00457,PRDT_163,2026-06-06 20:49:00,ORD_000351,2491.25,0,,,,
CUST_04756,PRDT_129,2026-06-01 06:32:00,ORD_000352,1887.18,0,,,,
CUST_02473,PRDT_111,2026-06-15 08:14:00,ORD_000353,1094.44,0,,,,
CUST_04761,PRDT_063,2026-07-28 18:26:00,ORD_000354,375.93,0,,,,
CUST_00592,PRDT_044,2026-08-07 10:18:00,ORD_000355,331.84,0,,,,
CUST_04869,PRDT_167,2026-08-26 06:49:00,ORD_000356,187.29,0,,,,
CUST_01853,PRDT_157,2026-07-21 22:54:00,ORD_000357,528.89,0,,,,
CUST_01550,PRDT_069,2026-07-02 04:07:00,ORD_000358,148.6,0,,,,
CUST_03971,PRDT_122,2026-06-25 03:13:00,ORD_000359,303.21,0,,,,
CUST_01729,PRDT_130,2026-07-28 18:15:00,ORD_000360,160.05,0,,,,
CUST_02115,PRDT_115,2026-07-21 11:41:00,ORD_000361,1294.79,0,,,,
CUST_04154,PRDT_103,2026-07-04 19:19:00,ORD_000362,1410.21,0,,,,
CUST_00649,PRDT_030,2026-06-19 01:54:00,ORD_000363,282.03,0,,,,
CUST_02842,PRDT_057,2026-06-19 14:43:00,ORD_000364,1831.39,0,,,,
CUST_03969,PRDT_138,2026-06-14 05:02:00,ORD_000365,94.29,0,,,,
CUST_04572,PRDT_134,2026-07-14 03:24:00,ORD_000366,1093.53,0,,,,
CUST_02235,PRDT_004,2026-07-14 13:04:00,ORD_000367,102.98,0,,,,
CUST_03723,PRDT_185,2026-07-14 11:00:00,ORD_000368,103.16,0,,,,
CUST_01923,PRDT_030,2026-08-19 14:49:00,ORD_000369,282.03,0,,,,
CUST_04229,PRDT_100,2026-06-15 21:54:00,ORD_000370,2387.01,0,,,,
CUST_03241,PRDT_053,2026-06-07 11:35:00,ORD_000371,160.29,0,,,,
CUST_02196,PRDT_171,2026-07-10 07:48:00,ORD_000372,338.78,0,,,,
CUST_00877,PRDT_087,2026-08-26 09:15:00,ORD_000373,27.57,0,,,,
CUST_01867,PRDT_159,2026-07-17 00:02:00,ORD_000374,29.81,0,,,,
CUST_01268,PRDT_026,2026-08-23 06:23:00,ORD_000375,1433.89,0,,,,
CUST_04248,PRDT_167,2026-08-25 06:01:00,ORD_000376,187.29,0,,,,
CUST_04291,PRDT_150,2026-07-07 04:56:00,ORD_000377,124.27,0,,,,
CUST_01592,PRDT_192,2026-07-13 17:40:00,ORD_000378,34.45,0,,,,
CUST_00965,PRDT_173,2026-07-19 20:31:00,ORD_000379,109.75,0,,,,
CUST_01708,PRDT_123,2026-06-08 00:15:00,ORD_000380,69.74,0,,,,
CUST_01999,PRDT_095,2026-06-27 23:04:00,ORD_000381,574.9,0,,,,
CUST_04615,PRDT_110,2026-06-16 13:47:00,ORD_000382,485.27,0,,,,
CUST_02035,PRDT_075,2026-08-24 02:27:00,ORD_000383,218.77,0,,,,
CUST_00942,PRDT_193,2026-06-19 09:44:00,ORD_000384,353.13,0,,,,
CUST_00939,PRDT_113,2026-06-11 18:28:00,ORD_000385,1326.93,0,,,,
CUST_00177,PRDT_087,2026-07-03 14:08:00,ORD_000386,27.57,0,,,,
CUST_02686,PRDT_007,2026-07-13 03:23:00,ORD_000387,766.37,0,,,,
CUST_04113,PRDT_133,2026-07-18 18:16:00,ORD_000388,523.34,0,,,,
CUST_03332,PRDT_181,2026-07-07 23:33:00,ORD_000389,467.86,0,,,,
CUST_04217,PRDT_039,2026-08-01 19:09:00,ORD_000390,246.26,0,,,,
CUST_01597,PRDT_041,2026-07-31 23:37:00,ORD_000391,94.54,0,,,,
CUST_00742,PRDT_123,2026-08-25 10:51:00,ORD_000392,69.74,0,,,,
CUST_01559,PRDT_130,2026-07-13 23:53:00,ORD_000393,160.05,0,,,,
CUST_04908,PRDT_027,2026-07-07 05:08:00,ORD_000394,183.0,0,,,,
CUST_03004,PRDT_058,2026-06-10 07:52:00,ORD_000395,64.28,0,,,,
CUST_02397,PRDT_066,2026-06-17 09:34:00,ORD_000396,2431.92,0,,,,
CUST_00538,PRDT_030,2026-06-08 12:56:00,ORD_000397,282.03,0,,,,
CUST_01884,PRDT_082,2026-06-06 03:28:00,ORD_000398,894.63,0,,,,
CUST_00726,PRDT_160,2026-08-27 10:54:00,ORD_000399,41.61,0,,,,
CUST_02981,PRDT_080,2026-06-14 21:44:00,ORD_000400,509.71,0,,,,
CUST_04626,PRDT_145,2026-07-13 02:40:00,ORD_000401,1240.47,0,,,,
CUST_03090,PRDT_074,2026-08-17 20:21:00,ORD_000402,151.43,0,,,,
CUST_00063,PRDT_057,2026-07-18 16:49:00,ORD_000403,1831.39,0,,,,
CUST_03473,PRDT_021,2026-06-30 00:52:00,ORD_000404,204.62,0,,,,
CUST_04734,PRDT_132,2026-08-14 10:24:00,ORD_000405,287.93,0,,,,
CUST_01605,PRDT_012,2026-07-22 10:10:00,ORD_000406,68.02,0,,,,
CUST_00529,PRDT_004,2026-07-08 00:35:00,ORD_000407,102.98,0,,,,
CUST_01106,PRDT_076,2026-06-14 04:41:00,ORD_000408,1579.92,0,,,,
CUST_03008,PRDT_103,2026-07-10 10:57:00,ORD_000409,1410.21,0,,,,
CUST_00148,PRDT_200,2026-07-12 05:04:00,ORD_000410,689.76,0,,,,
CUST_02821,PRDT_101,2026-06-28 15:00:00,ORD_000411,1215.68,0,,,,
CUST_01591,PRDT_057,2026-08-07 14:44:00,ORD_000412,1831.39,0,,,,
CUST_02125,PRDT_009,2026-08-26 00:58:00,ORD_000413,13.34,0,,,,
CUST_00973,PRDT_049,2026-06-26 01:12:00,ORD_000414,124.11,0,,,,
CUST_03939,PRDT_123,2026-07-22 16:15:00,ORD_000415,69.74,0,,,,
CUST_00245,PRDT_036,2026-06-08 12:02:00,ORD_000416,191.64,0,,,,
CUST_03160,PRDT_181,2026-06-21 08:34:00,ORD_000417,467.86,0,,,,
CUST_00717,PRDT_175,2026-08-04 10:29:00,ORD_000418,167.54,0,,,,
CUST_01460,PRDT_112,2026-06-26 15:04:00,ORD_000419,2157.62,0,,,,
CUST_01561,PRDT_109,2026-08-20 04:19:00,ORD_000420,220.57,0,,,,
CUST_01689,PRDT_002,2026-06-10 01:53:00,ORD_000421,89.49,0,,,,
CUST_01717,PRDT_045,2026-06-10 08:35:00,ORD_000422,143.89,0,,,,
CUST_04064,PRDT_150,2026-08-08 16:18:00,ORD_000423,124.27,0,,,,
CUST_03807,PRDT_190,2026-06-01 20:46:00,ORD_000424,303.15,0,,,,
CUST_01696,PRDT_151,2026-07-20 12:14:00,ORD_000425,2453.59,0,,,,
CUST_03731,PRDT_066,2026-06-21 14:07:00,ORD_000426,2431.92,0,,,,
CUST_01874,PRDT_091,2026-07-09 08:57:00,ORD_000427,239.85,0,,,,
CUST_04326,PRDT_067,2026-08-13 02:07:00,ORD_000428,1550.74,0,,,,
CUST_03715,PRDT_022,2026-08-12 12:12:00,ORD_000429,101.95,0,,,,
CUST_00823,PRDT_005,2026-07-06 04:45:00,ORD_000430,1485.06,0,,,,
CUST_02014,PRDT_031,2026-06-06 15:53:00,ORD_000431,851.35,0,,,,
CUST_04756,PRDT_096,2026-07-11 11:12:00,ORD_000432,63.76,0,,,,
CUST_04819,PRDT_194,2026-07-03 05:25:00,ORD_000433,229.6,0,,,,
CUST_03930,PRDT_042,2026-06-05 18:27:00,ORD_000434,36.71,0,,,,
CUST_04547,PRDT_142,2026-06-14 15:59:00,ORD_000435,1962.84,0,,,,
CUST_04717,PRDT_147,2026-08-18 21:23:00,ORD_000436,307.76,0,,,,
CUST_00169,PRDT_183,2026-07-12 05:14:00,ORD_000437,73.46,0,,,,
CUST_04811,PRDT_108,2026-08-08 19:13:00,ORD_000438,90.97,0,,,,
CUST_00509,PRDT_123,2026-06-21 07:27:00,ORD_000439,69.74,0,,,,
CUST_04758,PRDT_070,2026-08-21 21:03:00,ORD_000440,948.7,0,,,,
CUST_04794,PRDT_009,2026-08-12 23:46:00,ORD_000441,13.34,0,,,,
CUST_03408,PRDT_024,2026-07-29 13:53:00,ORD_000442,1764.52,0,,,,
CUST_01348,PRDT_013,2026-06-24 14:19:00,ORD_000443,101.28,0,,,,
CUST_00341,PRDT_045,2026-07-27 14:57:00,ORD_000444,143.89,0,,,,
CUST_02900,PRDT_166,2026-07-04 17:00:00,ORD_000445,160.57,0,,,,
CUST_03126,PRDT_018,2026-06-05 00:41:00,ORD_000446,76.3,0,,,,
CUST_03336,PRDT_038,2026-08-27 06:38:00,ORD_000447,102.73,0,,,,
CUST_03121,PRDT_190,2026-07-30 13:59:00,ORD_000448,303.15,0,,,,
CUST_00365,PRDT_186,2026-07-22 13:26:00,ORD_000449,70.61,0,,,,
CUST_02412,PRDT_070,2026-06-21 04:33:00,ORD_000450,948.7,0,,,,
CUST_03312,PRDT_041,2026-08-20 21:27:00,ORD_000451,94.54,0,,,,
CUST_03158,PRDT_166,2026-08-20 19:41:00,ORD_000452,160.57,0,,,,
CUST_02270,PRDT_077,2026-08-16 23:23:00,ORD_000453,901.05,0,,,,
CUST_03038,PRDT_039,2026-08-02 08:49:00,ORD_000454,246.26,0,,,,
CUST_03408,PRDT_189,2026-07-13 15:19:00,ORD_000455,142.49,0,,,,
CUST_02813,PRDT_128,2026-06-09 23:08:00,ORD_000456,655.28,0,,,,
CUST_00260,PRDT_080,2026-06-06 06:53:00,ORD_000457,509.71,0,,,,
CUST_02524,PRDT_086,2026-08-15 23:02:00,ORD_000458,57.99,0,,,,
CUST_02675,PRDT_179,2026-06-30 10:17:00,ORD_000459,55.69,0,,,,
CUST_02039,PRDT_087,2026-08-26 11:10:00,ORD_000460,27.57,0,,,,
CUST_03461,PRDT_070,2026-07-23 20:06:00,ORD_000461,948.7,0,,,,
CUST_01786,PRDT_090,2026-07-07 23:23:00,ORD_000462,661.38,0,,,,
CUST_01450,PRDT_185,2026-08-02 15:02:00,ORD_000463,103.16,0,,,,
CUST_02136,PRDT_107,2026-07-17 08:58:00,ORD_000464,1947.77,0,,,,
CUST_04750,PRDT_130,2026-08-01 12:11:00,ORD_000465,160.05,0,,,,
CUST_02800,PRDT_050,2026-06-09 20:00:00,ORD_000466,850.64,0,,,,
CUST_01448,PRDT_008,2026-06-12 06:01:00,ORD_000467,114.91,0,,,,
CUST_01195,PRDT_161,2026-06-15 00:09:00,ORD_000468,131.9,0,,,,
CUST_02215,PRDT_046,2026-07-23 03:24:00,ORD_000469,331.76,0,,,,
CUST_04031,PRDT_150,2026-07-23 04:36:00,ORD_000470,124.27,0,,,,
CUST_01439,PRDT_001,2026-08-16 05:13:00,ORD_000471,74.12,0,,,,
CUST_02461,PRDT_190,2026-08-20 11:56:00,ORD_000472,303.15,0,,,,
CUST_04716,PRDT_107,2026-08-28 01:06:00,ORD_000473,1947.77,0,,,,
CUST_04201,PRDT_135,2026-08-29 10:57:00,ORD_000474,185.09,0,,,,
CUST_00165,PRDT_060,2026-07-03 21:41:00,ORD_000475,844.85,0,,,,
CUST_00851,PRDT_058,2026-07-02 21:54:00,ORD_000476,64.28,0,,,,
CUST_00023,PRDT_177,2026-06-02 11:24:00,ORD_000477,54.57,0,,,,
CUST_01749,PRDT_104,2026-08-19 06:40:00,ORD_000478,487.9,0,,,,
CUST_00133,PRDT_092,2026-08-09 01:26:00,ORD_000479,136.97,0,,,,
CUST_01128,PRDT_169,2026-08-06 04:23:00,ORD_000480,27.52,0,,,,
CUST_00708,PRDT_169,2026-08-11 10:56:00,ORD_000481,27.52,0,,,,
CUST_01066,PRDT_013,2026-08-27 18:06:00,ORD_000482,101.28,0,,,,
CUST_01399,PRDT_066,2026-08-02 15:35:00,ORD_000483,2431.92,0,,,,
CUST_01869,PRDT_007,2026-07-01 10:08:00,ORD_000484,766.37,0,,,,
CUST_04296,PRDT_190,2026-08-27 15:17:00,ORD_000485,303.15,0,,,,
CUST_04732,PRDT_140,2026-07-21 20:43:00,ORD_000486,2011.11,0,,,,
CUST_00503,PRDT_119,2026-07-09 11:11:00,ORD_000487,75.71,0,,,,
CUST_02121,PRDT_005,2026-06-25 23:49:00,ORD_000488,1485.06,0,,,,
CUST_04241,PRDT_073,2026-08-13 06:55:00,ORD_000489,73.75,0,,,,
CUST_02250,PRDT_193,2026-06-19 23:21:00,ORD_000490,353.13,0,,,,
CUST_01928,PRDT_003,2026-06-22 12:06:00,ORD_000491,190.19,0,,,,
CUST_04620,PRDT_144,2026-08-24 10:10:00,ORD_000492,22.81,0,,,,
CUST_02640,PRDT_045,2026-08-28 22:55:00,ORD_000493,143.89,0,,,,
CUST_01293,PRDT_052,2026-07-26 02:48:00,ORD_000494,55.84,0,,,,
CUST_01782,PRDT_150,2026-08-16 13:17:00,ORD_000495,124.27,0,,,,
CUST_04767,PRDT_184,2026-06-03 15:14:00,ORD_000496,122.54,0,,,,
CUST_03287,PRDT_140,2026-08-13 17:42:00,ORD_000497,2011.11,0,,,,
CUST_02137,PRDT_025,2026-06-30 10:05:00,ORD_000498,52.59,0,,,,
CUST_02233,PRDT_165,2026-08-06 12:44:00,ORD_000499,166.0,0,,,,
CUST_01537,PRDT_084,2026-07-19 03:14:00,ORD_000500,706.5,0,,,,
CUST_02886,PRDT_069,2026-06-13 22:32:00,ORD_000501,148.6,0,,,,
CUST_00809,PRDT_041,2026-08-22 19:09:00,ORD_000502,94.54,0,,,,
CUST_01002,PRDT_109,2026-07-29 23:55:00,ORD_000503,220.57,0,,,,
CUST_03019,PRDT_153,2026-07-23 07:41:00,ORD_000504,90.83,0,,,,
CUST_04215,PRDT_032,2026-06-01 21:03:00,ORD_000505,110.18,0,,,,
CUST_04660,PRDT_004,2026-07-23 12:41:00,ORD_000506,102.98,0,,,,
CUST_02317,PRDT_165,2026-06-27 15:15:00,ORD_000507,166.0,0,,,,
CUST_04212,PRDT_104,2026-07-25 20:50:00,ORD_000508,487.9,0,,,,
CUST_00879,PRDT_056,2026-08-16 07:17:00,ORD_000509,134.06,0,,,,
CUST_02704,PRDT_024,2026-07-28 11:18:00,ORD_000510,1764.52,0,,,,
CUST_02430,PRDT_192,2026-08-27 01:17:00,ORD_000511,34.45,0,,,,
CUST_04991,PRDT_106,2026-06-03 22:26:00,ORD_000512,9.19,0,,,,
CUST_04350,PRDT_042,2026-07-21 09:48:00,ORD_000513,36.71,0,,,,
CUST_01391,PRDT_138,2026-08-27 07:36:00,ORD_000514,94.29,0,,,,
CUST_02281,PRDT_156,2026-07-17 21:50:00,ORD_000515,139.49,0,,,,
CUST_04068,PRDT_134,2026-06-29 00:49:00,ORD_000516,1093.53,0,,,,
CUST_02891,PRDT_127,2026-07-29 04:35:00,ORD_000517,1642.97,0,,,,
CUST_01280,PRDT_175,2026-08-11 02:45:00,ORD_000518,167.54,0,,,,
CUST_00259,PRDT_075,2026-07-25 18:25:00,ORD_000519,218.77,0,,,,
CUST_02912,PRDT_037,2026-08-01 01:15:00,ORD_000520,349.54,0,,,,
CUST_01471,PRDT_144,2026-06-19 04:57:00,ORD_000521,22.81,0,,,,
CUST_02341,PRDT_143,2026-07-27 00:21:00,ORD_000522,108.54,0,,,,
CUST_00356,PRDT_011,2026-08-10 06:39:00,ORD_000523,40.62,0,,,,
CUST_03008,PRDT_132,2026-06-07 12:20:00,ORD_000524,287.93,0,,,,
CUST_01978,PRDT_189,2026-06-05 01:21:00,ORD_000525,142.49,0,,,,
CUST_04064,PRDT_181,2026-06-15 00:36:00,ORD_000526,467.86,0,,,,
CUST_03712,PRDT_055,2026-08-25 23:58:00,ORD_000527,132.87,0,,,,
CUST_03719,PRDT_151,2026-06-03 09:12:00,ORD_000528,2453.59,0,,,,
CUST_02729,PRDT_010,2026-07-17 19:37:00,ORD_000529,115.38,0,,,,
CUST_01725,PRDT_148,2026-07-23 04:58:00,ORD_000530,1509.58,0,,,,
CUST_03201,PRDT_070,2026-08-29 23:07:00,ORD_000531,948.7,0,,,,
CUST_03435,PRDT_186,2026-06-29 05:24:00,ORD_000532,70.61,0,,,,
CUST_04039,PRDT_110,2026-06-18 10:28:00,ORD_000533,485.27,0,,,,
CUST_04981,PRDT_015,2026-06-21 05:14:00,ORD_000534,55.78,0,,,,
CUST_03999,PRDT_011,2026-07-22 05:12:00,ORD_000535,40.62,0,,,,
CUST_01033,PRDT_034,2026-08-24 13:45:00,ORD_000536,159.73,0,,,,
CUST_00633,PRDT_146,2026-07-03 17:27:00,ORD_000537,254.53,0,,,,
CUST_01991,PRDT_028,2026-08-04 14:32:00,ORD_000538,947.88,0,,,,
CUST_01735,PRDT_093,2026-07-27 06:27:00,ORD_000539,1413.29,0,,,,
CUST_02420,PRDT_145,2026-07-19 03:42:00,ORD_000540,1240.47,0,,,,
CUST_02633,PRDT_026,2026-06-04 07:04:00,ORD_000541,1433.89,0,,,,
CUST_01069,PRDT_092,2026-08-14 08:55:00,ORD_000542,136.97,0,,,,
CUST_02502,PRDT_100,2026-06-08 11:13:00,ORD_000543,2387.01,0,,,,
CUST_03190,PRDT_121,2026-07-16 22:40:00,ORD_000544,84.98,0,,,,
CUST_01658,PRDT_081,2026-06-19 14:25:00,ORD_000545,103.77,0,,,,
CUST_03392,PRDT_131,2026-06-13 17:21:00,ORD_000546,163.64,0,,,,
CUST_04086,PRDT_182,2026-08-29 18:46:00,ORD_000547,987.5,0,,,,
CUST_00574,PRDT_125,2026-08-12 20:10:00,ORD_000548,85.5,0,,,,
CUST_03992,PRDT_148,2026-06-22 16:03:00,ORD_000549,1509.58,0,,,,
CUST_02131,PRDT_159,2026-07-05 15:33:00,ORD_000550,29.81,0,,,,
CUST_03722,PRDT_005,2026-07-28 09:06:00,ORD_000551,1485.06,0,,,,
CUST_03860,PRDT_082,2026-08-23 21:57:00,ORD_000552,894.63,0,,,,
CUST_04023,PRDT_147,2026-08-18 15:19:00,ORD_000553,307.76,0,,,,
CUST_03031,PRDT_135,2026-07-10 00:35:00,ORD_000554,185.09,0,,,,
CUST_00644,PRDT_043,2026-07-28 23:28:00,ORD_000555,98.85,0,,,,
CUST_00397,PRDT_189,2026-06-07 18:31:00,ORD_000556,142.49,0,,,,
CUST_02523,PRDT_067,2026-07-29 11:51:00,ORD_000557,1550.74,0,,,,
CUST_03043,PRDT_171,2026-07-16 15:59:00,ORD_000558,338.78,0,,,,
CUST_02719,PRDT_097,2026-07-24 18:24:00,ORD_000559,248.93,0,,,,
CUST_01948,PRDT_090,2026-07-12 17:13:00,ORD_000560,661.38,0,,,,
CUST_02254,PRDT_161,2026-07-10 12:14:00,ORD_000561,131.9,0,,,,
CUST_03982,PRDT_165,2026-06-17 19:09:00,ORD_000562,166.0,0,,,,
CUST_00661,PRDT_192,2026-06-14 08:40:00,ORD_000563,34.45,0,,,,
CUST_04201,PRDT_119,2026-06-08 23:34:00,ORD_000564,75.71,0,,,,
CUST_00942,PRDT_146,2026-06-04 07:40:00,ORD_000565,254.53,0,,,,
CUST_02795,PRDT_012,2026-06-26 20:58:00,ORD_000566,68.02,0,,,,
CUST_01993,PRDT_130,2026-06-14 12:08:00,ORD_000567,160.05,0,,,,
CUST_04811,PRDT_100,2026-06-14 19:49:00,ORD_000568,2387.01,0,,,,
CUST_01650,PRDT_122,2026-07-29 06:01:00,ORD_000569,303.21,0,,,,
CUST_03340,PRDT_141,2026-08-11 02:55:00,ORD_000570,2127.86,0,,,,
CUST_02146,PRDT_123,2026-07-18 23:17:00,ORD_000571,69.74,0,,,,
CUST_00665,PRDT_170,2026-08-23 06:25:00,ORD_000572,169.92,0,,,,
CUST_04952,PRDT_070,2026-06-14 14:42:00,ORD_000573,948.7,0,,,,
CUST_02994,PRDT_131,2026-06-13 00:27:00,ORD_000574,163.64,0,,,,
CUST_04247,PRDT_022,2026-06-17 13:17:00,ORD_000575,101.95,0,,,,
CUST_00083,PRDT_130,2026-06-01 15:22:00,ORD_000576,160.05,0,,,,
CUST_02660,PRDT_146,2026-08-07 06:30:00,ORD_000577,254.53,0,,,,
CUST_00889,PRDT_081,2026-07-04 21:45:00,ORD_000578,103.77,0,,,,
CUST_00979,PRDT_063,2026-06-18 08:36:00,ORD_000579,375.93,0,,,,
CUST_02311,PRDT_024,2026-08-01 13:30:00,ORD_000580,1764.52,0,,,,
CUST_01325,PRDT_181,2026-06-10 04:49:00,ORD_000581,467.86,0,,,,
CUST_04630,PRDT_057,2026-06-23 22:27:00,ORD_000582,1831.39,0,,,,
CUST_03275,PRDT_173,2026-07-30 16:19:00,ORD_000583,109.75,0,,,,
CUST_01712,PRDT_181,2026-07-07 16:50:00,ORD_000584,467.86,0,,,,
CUST_01780,PRDT_044,2026-08-09 07:04:00,ORD_000585,331.84,0,,,,
CUST_04818,PRDT_115,2026-06-28 04:07:00,ORD_000586,1294.79,0,,,,
CUST_03218,PRDT_163,2026-07-08 05:01:00,ORD_000587,2491.25,0,,,,
CUST_00569,PRDT_083,2026-08-22 11:52:00,ORD_000588,131.69,0,,,,
CUST_01207,PRDT_133,2026-07-25 19:11:00,ORD_000589,523.34,0,,,,
CUST_03731,PRDT_047,2026-08-22 05:08:00,ORD_000590,147.72,0,,,,
CUST_04413,PRDT_101,2026-07-28 01:47:00,ORD_000591,1215.68,0,,,,
CUST_01882,PRDT_068,2026-06-12 11:40:00,ORD_000592,750.51,0,,,,
CUST_00791,PRDT_146,2026-08-01 08:29:00,ORD_000593,254.53,0,,,,
CUST_03810,PRDT_100,2026-07-28 17:46:00,ORD_000594,2387.01,0,,,,
CUST_00837,PRDT_008,2026-08-22 12:24:00,ORD_000595,114.91,0,,,,
CUST_04991,PRDT_040,2026-08-27 13:08:00,ORD_000596,1080.32,0,,,,
CUST_01711,PRDT_161,2026-08-18 10:54:00,ORD_000597,131.9,0,,,,
CUST_00978,PRDT_048,2026-06-29 19:09:00,ORD_000598,20.5,0,,,,
CUST_03738,PRDT_058,2026-08-08 06:08:00,ORD_000599,64.28,0,,,,
CUST_02381,PRDT_040,2026-08-01 12:58:00,ORD_000600,1080.32,0,,,,
CUST_03948,PRDT_034,2026-06-16 20:31:00,ORD_000601,159.73,0,,,,
CUST_01897,PRDT_003,2026-07-16 12:08:00,ORD_000602,190.19,0,,,,
CUST_00985,PRDT_017,2026-07-15 22:55:00,ORD_000603,392.21,0,,,,
CUST_01855,PRDT_140,2026-06-24 22:58:00,ORD_000604,2011.11,0,,,,
CUST_02325,PRDT_155,2026-06-08 07:16:00,ORD_000605,279.65,0,,,,
CUST_00618,PRDT_008,2026-08-14 13:47:00,ORD_000606,114.91,0,,,,
CUST_00688,PRDT_147,2026-07-29 05:37:00,ORD_000607,307.76,0,,,,
CUST_02512,PRDT_043,2026-08-08 15:43:00,ORD_000608,98.85,0,,,,
CUST_03171,PRDT_018,2026-07-17 05:30:00,ORD_000609,76.3,0,,,,
CUST_01824,PRDT_015,2026-08-27 05:46:00,ORD_000610,55.78,0,,,,
CUST_01901,PRDT_187,2026-06-16 00:59:00,ORD_000611,299.06,0,,,,
CUST_03968,PRDT_088,2026-07-10 01:09:00,ORD_000612,384.25,0,,,,
CUST_02031,PRDT_154,2026-07-23 16:01:00,ORD_000613,25.64,0,,,,
CUST_04114,PRDT_033,2026-06-13 13:28:00,ORD_000614,108.92,0,,,,
CUST_03212,PRDT_085,2026-06-23 14:05:00,ORD_000615,169.89,0,,,,
CUST_01113,PRDT_114,2026-07-10 19:42:00,ORD_000616,168.5,0,,,,
CUST_04113,PRDT_042,2026-06-25 12:37:00,ORD_000617,36.71,0,,,,
CUST_03744,PRDT_104,2026-07-03 21:34:00,ORD_000618,487.9,0,,,,
CUST_03839,PRDT_154,2026-08-21 05:50:00,ORD_000619,25.64,0,,,,
CUST_00349,PRDT_140,2026-08-05 03:14:00,ORD_000620,2011.11,0,,,,
CUST_01330,PRDT_072,2026-06-28 15:00:00,ORD_000621,90.01,0,,,,
CUST_01114,PRDT_191,2026-07-18 09:12:00,ORD_000622,2330.27,0,,,,
CUST_03390,PRDT_121,2026-08-13 10:44:00,ORD_000623,84.98,0,,,,
CUST_04453,PRDT_015,2026-06-30 09:54:00,ORD_000624,55.78,0,,,,
CUST_00353,PRDT_070,2026-06-16 19:57:00,ORD_000625,948.7,0,,,,
CUST_00280,PRDT_103,2026-07-15 19:15:00,ORD_000626,1410.21,0,,,,
CUST_01857,PRDT_095,2026-07-29 06:50:00,ORD_000627,574.9,0,,,,
CUST_03779,PRDT_056,2026-07-09 17:41:00,ORD_000628,134.06,0,,,,
CUST_04850,PRDT_102,2026-07-08 12:31:00,ORD_000629,41.66,0,,,,
CUST_02440,PRDT_026,2026-06-21 17:43:00,ORD_000630,1433.89,0,,,,
CUST_03962,PRDT_076,2026-07-29 08:03:00,ORD_000631,1579.92,0,,,,
CUST_01781,PRDT_196,2026-07-24 23:41:00,ORD_000632,141.04,0,,,,
CUST_02634,PRDT_088,2026-06-01 23:37:00,ORD_000633,384.25,0,,,,
CUST_00685,PRDT_059,2026-08-09 14:25:00,ORD_000634,53.89,0,,,,
CUST_04278,PRDT_011,2026-07-07 15:04:00,ORD_000635,40.62,0,,,,
CUST_03486,PRDT_176,2026-06-04 03:12:00,ORD_000636,49.82,0,,,,
CUST_01588,PRDT_020,2026-07-25 10:25:00,ORD_000637,2003.07,0,,,,
CUST_03633,PRDT_101,2026-06-17 16:00:00,ORD_000638,1215.68,0,,,,
CUST_01428,PRDT_136,2026-06-14 19:12:00,ORD_000639,74.62,0,,,,
CUST_04194,PRDT_003,2026-06-03 20:30:00,ORD_000640,190.19,0,,,,
CUST_01582,PRDT_020,2026-08-14 23:54:00,ORD_000641,2003.07,0,,,,
CUST_04367,PRDT_049,2026-07-20 04:12:00,ORD_000642,124.11,0,,,,
CUST_03399,PRDT_135,2026-08-01 14:13:00,ORD_000643,185.09,0,,,,
CUST_03459,PRDT_030,2026-07-06 06:08:00,ORD_000644,282.03,0,,,,
CUST_00265,PRDT_082,2026-08-27 10:54:00,ORD_000645,894.63,0,,,,
CUST_04193,PRDT_086,2026-08-25 14:58:00,ORD_000646,57.99,0,,,,
CUST_00113,PRDT_122,2026-06-02 01:04:00,ORD_000647,303.21,0,,,,
CUST_03063,PRDT_138,2026-06-15 21:45:00,ORD_000648,94.29,0,,,,
CUST_02870,PRDT_036,2026-07-18 03:40:00,ORD_000649,191.64,0,,,,
CUST_03616,PRDT_049,2026-06-09 14:17:00,ORD_000650,124.11,0,,,,
CUST_04426,PRDT_123,2026-06-20 22:28:00,ORD_000651,69.74,0,,,,
CUST_01768,PRDT_172,2026-06-20 03:26:00,ORD_000652,187.76,0,,,,
CUST_00667,PRDT_162,2026-08-29 00:56:00,ORD_000653,58.28,0,,,,
CUST_01317,PRDT_062,2026-07-20 11:25:00,ORD_000654,65.28,0,,,,
CUST_03500,PRDT_177,2026-08-18 00:11:00,ORD_000655,54.57,0,,,,
CUST_00805,PRDT_073,2026-06-12 21:06:00,ORD_000656,73.75,0,,,,
CUST_02366,PRDT_011,2026-06-25 11:38:00,ORD_000657,40.62,0,,,,
CUST_00107,PRDT_096,2026-06-02 23:57:00,ORD_000658,63.76,0,,,,
CUST_02635,PRDT_185,2026-07-28 20:15:00,ORD_000659,103.16,0,,,,
CUST_00601,PRDT_115,2026-08-16 02:17:00,ORD_000660,1294.79,0,,,,
CUST_03653,PRDT_089,2026-08-19 20:21:00,ORD_000661,214.08,0,,,,
CUST_00979,PRDT_198,2026-06-17 02:52:00,ORD_000662,255.77,0,,,,
CUST_03206,PRDT_190,2026-07-03 12:02:00,ORD_000663,303.15,0,,,,
CUST_03669,PRDT_124,2026-08-01 09:44:00,ORD_000664,2248.76,0,,,,
CUST_03685,PRDT_035,2026-07-11 12:58:00,ORD_000665,2382.17,0,,,,
CUST_01913,PRDT_091,2026-08-22 00:43:00,ORD_000666,239.85,0,,,,
CUST_03803,PRDT_097,2026-06-18 14:45:00,ORD_000667,248.93,0,,,,
CUST_03739,PRDT_086,2026-06-06 22:38:00,ORD_000668,57.99,0,,,,
CUST_00582,PRDT_135,2026-08-12 23:12:00,ORD_000669,185.09,0,,,,
CUST_01232,PRDT_083,2026-08-08 14:18:00,ORD_000670,131.69,0,,,,
CUST_00225,PRDT_157,2026-07-29 13:57:00,ORD_000671,528.89,0,,,,
CUST_00263,PRDT_034,2026-08-06 09:21:00,ORD_000672,159.73,0,,,,
CUST_01395,PRDT_051,2026-07-24 23:10:00,ORD_000673,78.57,0,,,,
CUST_01106,PRDT_033,2026-07-24 08:37:00,ORD_000674,108.92,0,,,,
CUST_00435,PRDT_035,2026-06-01 16:09:00,ORD_000675,2382.17,0,,,,
CUST_00283,PRDT_018,2026-08-27 20:13:00,ORD_000676,76.3,0,,,,
CUST_01403,PRDT_053,2026-06-03 17:21:00,ORD_000677,160.29,0,,,,
CUST_03789,PRDT_142,2026-08-20 19:48:00,ORD_000678,1962.84,0,,,,
CUST_03316,PRDT_099,2026-08-21 12:51:00,ORD_000679,100.84,0,,,,
CUST_04803,PRDT_002,2026-07-11 21:33:00,ORD_000680,89.49,0,,,,
CUST_01323,PRDT_051,2026-08-21 18:45:00,ORD_000681,78.57,0,,,,
CUST_02112,PRDT_087,2026-07-08 17:44:00,ORD_000682,27.57,0,,,,
CUST_03680,PRDT_067,2026-06-13 07:22:00,ORD_000683,1550.74,0,,,,
CUST_00533,PRDT_093,2026-08-07 22:08:00,ORD_000684,1413.29,0,,,,
CUST_00399,PRDT_168,2026-06-14 06:01:00,ORD_000685,2413.28,0,,,,
CUST_04228,PRDT_051,2026-08-13 20:47:00,ORD_000686,78.57,0,,,,
CUST_03434,PRDT_200,2026-08-18 03:22:00,ORD_000687,689.76,0,,,,
CUST_01204,PRDT_091,2026-08-22 10:26:00,ORD_000688,239.85,0,,,,
CUST_04191,PRDT_176,2026-06-06 18:52:00,ORD_000689,49.82,0,,,,
CUST_02563,PRDT_137,2026-07-11 01:21:00,ORD_000690,110.22,0,,,,
CUST_01802,PRDT_052,2026-06-20 07:20:00,ORD_000691,55.84,0,,,,
CUST_04287,PRDT_200,2026-06-22 04:17:00,ORD_000692,689.76,0,,,,
CUST_00544,PRDT_045,2026-07-25 13:59:00,ORD_000693,143.89,0,,,,
CUST_02034,PRDT_070,2026-06-04 07:00:00,ORD_000694,948.7,0,,,,
CUST_00362,PRDT_082,2026-06-05 11:08:00,ORD_000695,894.63,0,,,,
CUST_02977,PRDT_089,2026-07-27 19:02:00,ORD_000696,214.08,0,,,,
CUST_03483,PRDT_135,2026-08-02 04:50:00,ORD_000697,185.09,0,,,,
CUST_04191,PRDT_168,2026-07-11 16:40:00,ORD_000698,2413.28,0,,,,
CUST_03277,PRDT_142,2026-06-11 08:44:00,ORD_000699,1962.84,0,,,,
CUST_01079,PRDT_002,2026-07-02 14:11:00,ORD_000700,89.49,0,,,,
CUST_00254,PRDT_001,2026-08-02 16:53:00,ORD_000701,74.12,0,,,,
CUST_04647,PRDT_089,2026-08-19 09:17:00,ORD_000702,214.08,0,,,,
CUST_04627,PRDT_152,2026-07-15 07:23:00,ORD_000703,922.81,0,,,,
CUST_03385,PRDT_133,2026-06-19 13:54:00,ORD_000704,523.34,0,,,,
CUST_02932,PRDT_085,2026-08-15 05:41:00,ORD_000705,169.89,0,,,,
CUST_01165,PRDT_143,2026-06-03 12:35:00,ORD_000706,108.54,0,,,,
CUST_00623,PRDT_147,2026-07-06 16:01:00,ORD_000707,307.76,0,,,,
CUST_02823,PRDT_037,2026-06-03 06:14:00,ORD_000708,349.54,0,,,,
CUST_00156,PRDT_167,2026-06-19 20:12:00,ORD_000709,187.29,0,,,,
CUST_04679,PRDT_068,2026-08-06 22:36:00,ORD_000710,750.51,0,,,,
CUST_00444,PRDT_172,2026-07-20 11:48:00,ORD_000711,187.76,0,,,,
CUST_00731,PRDT_044,2026-07-09 17:35:00,ORD_000712,331.84,0,,,,
CUST_00686,PRDT_040,2026-08-03 12:23:00,ORD_000713,1080.32,0,,,,
CUST_01993,PRDT_111,2026-08-05 17:24:00,ORD_000714,1094.44,0,,,,
CUST_01844,PRDT_164,2026-07-11 15:34:00,ORD_000715,284.83,0,,,,
CUST_00023,PRDT_043,2026-06-02 05:58:00,ORD_000716,98.85,0,,,,
CUST_00944,PRDT_022,2026-06-20 04:42:00,ORD_000717,101.95,0,,,,
CUST_04544,PRDT_011,2026-06-18 11:55:00,ORD_000718,40.62,0,,,,
CUST_03906,PRDT_122,2026-06-06 07:42:00,ORD_000719,303.21,0,,,,
CUST_01563,PRDT_082,2026-08-19 22:34:00,ORD_000720,894.63,0,,,,
CUST_02734,PRDT_198,2026-06-19 05:51:00,ORD_000721,255.77,0,,,,
CUST_01166,PRDT_161,2026-07-08 15:12:00,ORD_000722,131.9,0,,,,
CUST_01362,PRDT_147,2026-06-14 16:06:00,ORD_000723,307.76,0,,,,
CUST_00191,PRDT_194,2026-07-15 05:54:00,ORD_000724,229.6,0,,,,
CUST_03197,PRDT_112,2026-06-05 22:53:00,ORD_000725,2157.62,0,,,,
CUST_02768,PRDT_053,2026-06-16 05:35:00,ORD_000726,160.29,0,,,,
CUST_00939,PRDT_089,2026-08-23 07:47:00,ORD_000727,214.08,0,,,,
CUST_02232,PRDT_187,2026-07-03 08:08:00,ORD_000728,299.06,0,,,,
CUST_01350,PRDT_126,2026-07-07 13:06:00,ORD_000729,1380.0,0,,,,
CUST_04140,PRDT_140,2026-06-11 16:23:00,ORD_000730,2011.11,0,,,,
CUST_00761,PRDT_122,2026-08-08 07:54:00,ORD_000731,303.21,0,,,,
CUST_01127,PRDT_023,2026-08-24 18:41:00,ORD_000732,1375.82,0,,,,
CUST_01739,PRDT_147,2026-07-04 00:58:00,ORD_000733,307.76,0,,,,
CUST_04499,PRDT_053,2026-08-11 20:17:00,ORD_000734,160.29,0,,,,
CUST_04054,PRDT_167,2026-07-17 20:17:00,ORD_000735,187.29,0,,,,
CUST_04238,PRDT_171,2026-08-23 07:39:00,ORD_000736,338.78,0,,,,
CUST_04919,PRDT_167,2026-06-13 23:51:00,ORD_000737,187.29,0,,,,
CUST_00412,PRDT_004,2026-08-26 02:11:00,ORD_000738,102.98,0,,,,
CUST_03051,PRDT_047,2026-07-02 02:41:00,ORD_000739,147.72,0,,,,
CUST_00950,PRDT_051,2026-08-26 08:00:00,ORD_000740,78.57,0,,,,
CUST_00005,PRDT_017,2026-08-13 15:15:00,ORD_000741,392.21,0,,,,
CUST_02411,PRDT_185,2026-07-05 14:19:00,ORD_000742,103.16,0,,,,
CUST_04944,PRDT_129,2026-08-23 13:01:00,ORD_000743,1887.18,0,,,,
CUST_02389,PRDT_058,2026-07-20 06:29:00,ORD_000744,64.28,0,,,,
CUST_00604,PRDT_099,2026-08-05 05:53:00,ORD_000745,100.84,0,,,,
CUST_03542,PRDT_146,2026-06-25 01:50:00,ORD_000746,254.53,0,,,,
CUST_04165,PRDT_085,2026-07-16 04:34:00,ORD_000747,169.89,0,,,,
CUST_02309,PRDT_016,2026-08-20 15:53:00,ORD_000748,114.08,0,,,,
CUST_03772,PRDT_031,2026-06-11 05:35:00,ORD_000749,851.35,0,,,,
CUST_00636,PRDT_184,2026-08-27 15:14:00,ORD_000750,122.54,0,,,,
CUST_01567,PRDT_026,2026-08-16 02:31:00,ORD_000751,1433.89,0,,,,
CUST_01039,PRDT_108,2026-06-12 12:26:00,ORD_000752,90.97,0,,,,
CUST_00322,PRDT_149,2026-06-19 13:25:00,ORD_000753,115.45,0,,,,
CUST_03811,PRDT_134,2026-06-23 16:29:00,ORD_000754,1093.53,0,,,,
CUST_02474,PRDT_107,2026-08-22 03:46:00,ORD_000755,1947.77,0,,,,
CUST_04749,PRDT_139,2026-07-08 20:45:00,ORD_000756,230.06,0,,,,
CUST_00979,PRDT_101,2026-06-14 20:58:00,ORD_000757,1215.68,0,,,,
CUST_00035,PRDT_039,2026-06-27 20:28:00,ORD_000758,246.26,0,,,,
CUST_01508,PRDT_029,2026-08-02 08:41:00,ORD_000759,52.3,0,,,,
CUST_01496,PRDT_037,2026-06-20 19:06:00,ORD_000760,349.54,0,,,,
CUST_00817,PRDT_196,2026-06-25 00:04:00,ORD_000761,141.04,0,,,,
CUST_03529,PRDT_163,2026-06-14 23:54:00,ORD_000762,2491.25,0,,,,
CUST_02765,PRDT_154,2026-06-02 00:33:00,ORD_000763,25.64,0,,,,
CUST_00926,PRDT_066,2026-07-14 02:46:00,ORD_000764,2431.92,0,,,,
CUST_04999,PRDT_129,2026-07-28 12:46:00,ORD_000765,1887.18,0,,,,
CUST_03040,PRDT_026,2026-07-06 18:40:00,ORD_000766,1433.89,0,,,,
CUST_02377,PRDT_183,2026-06-08 11:41:00,ORD_000767,73.46,0,,,,
CUST_03390,PRDT_045,2026-07-14 07:02:00,ORD_000768,143.89,0,,,,
CUST_03849,PRDT_018,2026-07-14 00:08:00,ORD_000769,76.3,0,,,,
CUST_03415,PRDT_022,2026-06-18 15:35:00,ORD_000770,101.95,0,,,,
CUST_02119,PRDT_168,2026-06-09 16:53:00,ORD_000771,2413.28,0,,,,
CUST_04384,PRDT_006,2026-06-22 13:15:00,ORD_000772,1779.93,0,,,,
CUST_04931,PRDT_102,2026-06-21 22:01:00,ORD_000773,41.66,0,,,,
CUST_00986,PRDT_133,2026-06-26 15:35:00,ORD_000774,523.34,0,,,,
CUST_00715,PRDT_162,2026-07-20 06:34:00,ORD_000775,58.28,0,,,,
CUST_04475,PRDT_151,2026-08-29 02:42:00,ORD_000776,2453.59,0,,,,
CUST_02760,PRDT_132,2026-07-27 13:02:00,ORD_000777,287.93,0,,,,
CUST_03529,PRDT_019,2026-08-06 07:10:00,ORD_000778,8.35,0,,,,
CUST_00376,PRDT_030,2026-06-02 06:56:00,ORD_000779,282.03,0,,,,
CUST_03024,PRDT_130,2026-06-30 21:21:00,ORD_000780,160.05,0,,,,
CUST_01693,PRDT_065,2026-07-21 09:58:00,ORD_000781,142.85,0,,,,
CUST_03764,PRDT_178,2026-06-16 19:54:00,ORD_000782,668.45,0,,,,
CUST_03871,PRDT_165,2026-06-07 07:08:00,ORD_000783,166.0,0,,,,
CUST_02651,PRDT_023,2026-06-07 11:06:00,ORD_000784,1375.82,0,,,,
CUST_03802,PRDT_194,2026-07-28 07:31:00,ORD_000785,229.6,0,,,,
CUST_00616,PRDT_190,2026-07-29 23:50:00,ORD_000786,303.15,0,,,,
CUST_01708,PRDT_133,2026-07-01 08:06:00,ORD_000787,523.34,0,,,,
CUST_04086,PRDT_186,2026-08-24 00:22:00,ORD_000788,70.61,0,,,,
CUST_03966,PRDT_104,2026-06-14 15:28:00,ORD_000789,487.9,0,,,,
CUST_00198,PRDT_100,2026-06-23 07:19:00,ORD_000790,2387.01,0,,,,
CUST_04935,PRDT_022,2026-06-30 07:56:00,ORD_000791,101.95,0,,,,
CUST_01180,PRDT_068,2026-06-26 02:09:00,ORD_000792,750.51,0,,,,
CUST_02013,PRDT_161,2026-07-22 10:49:00,ORD_000793,131.9,0,,,,
CUST_03262,PRDT_161,2026-08-15 20:12:00,ORD_000794,131.9,0,,,,
CUST_04734,PRDT_196,2026-08-10 22:40:00,ORD_000795,141.04,0,,,,
CUST_04173,PRDT_160,2026-07-09 08:11:00,ORD_000796,41.61,0,,,,
CUST_01146,PRDT_137,2026-06-01 13:07:00,ORD_000797,110.22,0,,,,
CUST_03216,PRDT_100,2026-07-19 04:39:00,ORD_000798,2387.01,0,,,,
CUST_00759,PRDT_175,2026-06-12 05:48:00,ORD_000799,167.54,0,,,,
CUST_04177,PRDT_168,2026-07-26 21:12:00,ORD_000800,2413.28,0,,,,
CUST_03985,PRDT_020,2026-07-28 18:00:00,ORD_000801,2003.07,0,,,,
CUST_02768,PRDT_114,2026-07-28 09:30:00,ORD_000802,168.5,0,,,,
CUST_01708,PRDT_040,2026-08-24 22:10:00,ORD_000803,1080.32,0,,,,
CUST_01317,PRDT_041,2026-07-31 03:19:00,ORD_000804,94.54,0,,,,
CUST_01879,PRDT_017,2026-08-15 07:36:00,ORD_000805,392.21,0,,,,
CUST_03006,PRDT_133,2026-07-24 22:48:00,ORD_000806,523.34,0,,,,
CUST_03408,PRDT_052,2026-07-16 12:31:00,ORD_000807,55.84,0,,,,
CUST_03068,PRDT_126,2026-06-25 22:40:00,ORD_000808,1380.0,0,,,,
CUST_00720,PRDT_036,2026-08-19 16:16:00,ORD_000809,191.64,0,,,,
CUST_04666,PRDT_001,2026-07-18 10:58:00,ORD_000810,74.12,0,,,,
CUST_01711,PRDT_170,2026-07-11 06:56:00,ORD_000811,169.92,0,,,,
CUST_00308,PRDT_026,2026-08-04 21:57:00,ORD_000812,1433.89,0,,,,
CUST_00588,PRDT_139,2026-06-16 09:07:00,ORD_000813,230.06,0,,,,
CUST_03986,PRDT_010,2026-06-02 22:20:00,ORD_000814,115.38,0,,,,
CUST_02123,PRDT_016,2026-07-18 21:06:00,ORD_000815,114.08,0,,,,
CUST_02222,PRDT_014,2026-07-26 11:07:00,ORD_000816,319.34,0,,,,
CUST_00911,PRDT_004,2026-06-18 05:17:00,ORD_000817,102.98,0,,,,
CUST_00644,PRDT_062,2026-06-17 07:49:00,ORD_000818,65.28,0,,,,
CUST_04216,PRDT_040,2026-07-28 04:31:00,ORD_000819,1080.32,0,,,,
CUST_00541,PRDT_060,2026-06-22 11:03:00,ORD_000820,844.85,0,,,,
CUST_02290,PRDT_091,2026-08-09 00:23:00,ORD_000821,239.85,0,,,,
CUST_02898,PRDT_088,2026-08-16 08:58:00,ORD_000822,384.25,0,,,,
CUST_04217,PRDT_145,2026-08-22 19:31:00,ORD_000823,1240.47,0,,,,
CUST_02703,PRDT_157,2026-06-26 03:48:00,ORD_000824,528.89,0,,,,
CUST_02151,PRDT_192,2026-06-30 09:35:00,ORD_000825,34.45,0,,,,
CUST_01273,PRDT_115,2026-07-14 14:26:00,ORD_000826,1294.79,0,,,,
CUST_02074,PRDT_120,2026-07-18 10:38:00,ORD_000827,135.63,0,,,,
CUST_03878,PRDT_022,2026-07-13 09:13:00,ORD_000828,101.95,0,,,,
CUST_04019,PRDT_003,2026-07-25 21:25:00,ORD_000829,190.19,0,,,,
CUST_01899,PRDT_183,2026-07-26 00:57:00,ORD_000830,73.46,0,,,,
CUST_00692,PRDT_066,2026-07-02 02:14:00,ORD_000831,2431.92,0,,,,
CUST_03192,PRDT_061,2026-07-15 20:51:00,ORD_000832,1100.76,0,,,,
CUST_04855,PRDT_024,2026-07-25 21:30:00,ORD_000833,1764.52,0,,,,
CUST_00162,PRDT_112,2026-07-20 20:01:00,ORD_000834,2157.62,0,,,,
CUST_00274,PRDT_028,2026-08-24 11:12:00,ORD_000835,947.88,0,,,,
CUST_03540,PRDT_141,2026-06-10 05:39:00,ORD_000836,2127.86,0,,,,
CUST_04906,PRDT_144,2026-06-14 08:33:00,ORD_000837,22.81,0,,,,
CUST_00827,PRDT_097,2026-07-14 06:18:00,ORD_000838,248.93,0,,,,
CUST_04519,PRDT_022,2026-07-03 16:42:00,ORD_000839,101.95,0,,,,
CUST_03081,PRDT_193,2026-06-08 05:28:00,ORD_000840,353.13,0,,,,
CUST_04749,PRDT_026,2026-08-27 15:26:00,ORD_000841,1433.89,0,,,,
CUST_02569,PRDT_196,2026-07-11 06:30:00,ORD_000842,141.04,0,,,,
CUST_00396,PRDT_184,2026-06-01 18:12:00,ORD_000843,122.54,0,,,,
CUST_04642,PRDT_177,2026-07-02 19:05:00,ORD_000844,54.57,0,,,,
CUST_04219,PRDT_164,2026-08-26 17:14:00,ORD_000845,284.83,0,,,,
CUST_04028,PRDT_169,2026-08-25 11:36:00,ORD_000846,27.52,0,,,,
CUST_04066,PRDT_168,2026-08-27 11:10:00,ORD_000847,2413.28,0,,,,
CUST_03743,PRDT_189,2026-08-04 18:15:00,ORD_000848,142.49,0,,,,
CUST_02669,PRDT_046,2026-06-12 11:52:00,ORD_000849,331.76,0,,,,
CUST_03796,PRDT_171,2026-06-10 15:19:00,ORD_000850,338.78,0,,,,
CUST_03807,PRDT_110,2026-08-16 04:12:00,ORD_000851,485.27,0,,,,
CUST_01730,PRDT_128,2026-06-24 03:25:00,ORD_000852,655.28,0,,,,
CUST_01792,PRDT_089,2026-06-02 03:03:00,ORD_000853,214.08,0,,,,
CUST_04800,PRDT_127,2026-08-20 00:05:00,ORD_000854,1642.97,0,,,,
CUST_00976,PRDT_138,2026-08-17 22:20:00,ORD_000855,94.29,0,,,,
CUST_02203,PRDT_074,2026-07-11 23:33:00,ORD_000856,151.43,0,,,,
CUST_03660,PRDT_106,2026-07-19 12:14:00,ORD_000857,9.19,0,,,,
CUST_03163,PRDT_025,2026-06-07 19:54:00,ORD_000858,52.59,0,,,,
CUST_03395,PRDT_118,2026-07-24 01:48:00,ORD_000859,1359.47,0,,,,
CUST_03563,PRDT_124,2026-08-22 03:18:00,ORD_000860,2248.76,0,,,,
CUST_04139,PRDT_061,2026-08-17 12:40:00,ORD_000861,1100.76,0,,,,
CUST_03442,PRDT_189,2026-06-24 20:35:00,ORD_000862,142.49,0,,,,
CUST_04439,PRDT_091,2026-06-10 17:05:00,ORD_000863,239.85,0,,,,
CUST_04188,PRDT_041,2026-07-01 19:57:00,ORD_000864,94.54,0,,,,
CUST_02978,PRDT_031,2026-06-19 02:50:00,ORD_000865,851.35,0,,,,
CUST_01478,PRDT_042,2026-08-02 01:23:00,ORD_000866,36.71,0,,,,
CUST_02901,PRDT_184,2026-07-02 05:51:00,ORD_000867,122.54,0,,,,
CUST_01045,PRDT_095,2026-08-08 17:31:00,ORD_000868,574.9,0,,,,
CUST_03762,PRDT_001,2026-07-31 20:51:00,ORD_000869,74.12,0,,,,
CUST_04235,PRDT_073,2026-08-27 00:12:00,ORD_000870,73.75,0,,,,
CUST_01983,PRDT_049,2026-06-16 19:32:00,ORD_000871,124.11,0,,,,
CUST_01157,PRDT_093,2026-07-25 17:04:00,ORD_000872,1413.29,0,,,,
CUST_04812,PRDT_185,2026-08-21 11:14:00,ORD_000873,103.16,0,,,,
CUST_01631,PRDT_054,2026-07-13 04:27:00,ORD_000874,1106.76,0,,,,
CUST_01884,PRDT_142,2026-06-26 14:21:00,ORD_000875,1962.84,0,,,,
CUST_02026,PRDT_168,2026-06-25 18:01:00,ORD_000876,2413.28,0,,,,
CUST_02671,PRDT_036,2026-08-01 10:42:00,ORD_000877,191.64,0,,,,
CUST_03694,PRDT_030,2026-06-29 16:11:00,ORD_000878,282.03,0,,,,
CUST_01807,PRDT_154,2026-07-30 18:04:00,ORD_000879,25.64,0,,,,
CUST_00506,PRDT_008,2026-08-28 21:57:00,ORD_000880,114.91,0,,,,
CUST_00304,PRDT_161,2026-06-25 22:13:00,ORD_000881,131.9,0,,,,
CUST_03968,PRDT_109,2026-06-19 09:31:00,ORD_000882,220.57,0,,,,
CUST_02123,PRDT_026,2026-07-15 15:30:00,ORD_000883,1433.89,0,,,,
CUST_01778,PRDT_156,2026-08-22 18:34:00,ORD_000884,139.49,0,,,,
CUST_00016,PRDT_096,2026-07-20 13:48:00,ORD_000885,63.76,0,,,,
CUST_03142,PRDT_097,2026-06-26 06:41:00,ORD_000886,248.93,0,,,,
CUST_04532,PRDT_158,2026-07-24 02:42:00,ORD_000887,154.31,0,,,,
CUST_00815,PRDT_160,2026-06-16 00:20:00,ORD_000888,41.61,0,,,,
CUST_00289,PRDT_051,2026-07-21 12:31:00,ORD_000889,78.57,0,,,,
CUST_02237,PRDT_147,2026-08-18 19:35:00,ORD_000890,307.76,0,,,,
CUST_03499,PRDT_103,2026-07-04 16:07:00,ORD_000891,1410.21,0,,,,
CUST_03458,PRDT_108,2026-07-30 02:43:00,ORD_000892,90.97,0,,,,
CUST_02879,PRDT_111,2026-06-25 06:29:00,ORD_000893,1094.44,0,,,,
CUST_02793,PRDT_167,2026-06-14 19:00:00,ORD_000894,187.29,0,,,,
CUST_01297,PRDT_105,2026-07-02 22:52:00,ORD_000895,149.47,0,,,,
CUST_03217,PRDT_128,2026-06-07 19:52:00,ORD_000896,655.28,0,,,,
CUST_01206,PRDT_048,2026-06-17 07:30:00,ORD_000897,20.5,0,,,,
CUST_00096,PRDT_004,2026-06-28 12:27:00,ORD_000898,102.98,0,,,,
CUST_00752,PRDT_069,2026-08-08 11:04:00,ORD_000899,148.6,0,,,,
CUST_03747,PRDT_174,2026-07-20 10:08:00,ORD_000900,1758.38,0,,,,
CUST_01970,PRDT_197,2026-08-02 01:08:00,ORD_000901,197.74,0,,,,
CUST_02832,PRDT_037,2026-07-05 12:03:00,ORD_000902,349.54,0,,,,
CUST_01720,PRDT_158,2026-06-10 15:43:00,ORD_000903,154.31,0,,,,
CUST_02149,PRDT_021,2026-06-09 03:15:00,ORD_000904,204.62,0,,,,
CUST_00366,PRDT_028,2026-06-01 22:49:00,ORD_000905,947.88,0,,,,
CUST_01152,PRDT_054,2026-07-06 20:49:00,ORD_000906,1106.76,0,,,,
CUST_04327,PRDT_138,2026-07-25 05:22:00,ORD_000907,94.29,0,,,,
CUST_03535,PRDT_097,2026-06-15 06:49:00,ORD_000908,248.93,0,,,,
CUST_04125,PRDT_055,2026-08-05 23:37:00,ORD_000909,132.87,0,,,,
CUST_02026,PRDT_091,2026-07-28 03:38:00,ORD_000910,239.85,0,,,,
CUST_04907,PRDT_134,2026-07-22 04:43:00,ORD_000911,1093.53,0,,,,
CUST_04922,PRDT_056,2026-06-11 14:39:00,ORD_000912,134.06,0,,,,
CUST_00161,PRDT_152,2026-07-10 16:54:00,ORD_000913,922.81,0,,,,
CUST_02126,PRDT_075,2026-08-08 18:39:00,ORD_000914,218.77,0,,,,
CUST_01630,PRDT_092,2026-08-24 10:58:00,ORD_000915,136.97,0,,,,
CUST_02738,PRDT_179,2026-06-24 03:32:00,ORD_000916,55.69,0,,,,
CUST_03368,PRDT_089,2026-07-18 00:47:00,ORD_000917,214.08,0,,,,
CUST_04204,PRDT_098,2026-07-08 11:26:00,ORD_000918,112.97,0,,,,
CUST_04274,PRDT_075,2026-06-21 07:02:00,ORD_000919,218.77,0,,,,
CUST_01823,PRDT_185,2026-06-25 23:39:00,ORD_000920,103.16,0,,,,
CUST_00467,PRDT_194,2026-08-11 11:41:00,ORD_000921,229.6,0,,,,
CUST_02470,PRDT_023,2026-07-16 09:14:00,ORD_000922,1375.82,0,,,,
CUST_04547,PRDT_194,2026-08-07 16:12:00,ORD_000923,229.6,0,,,,
CUST_02060,PRDT_108,2026-08-29 02:27:00,ORD_000924,90.97,0,,,,
CUST_03522,PRDT_146,2026-08-08 11:15:00,ORD_000925,254.53,0,,,,
CUST_00587,PRDT_002,2026-07-07 00:48:00,ORD_000926,89.49,0,,,,
CUST_03524,PRDT_067,2026-07-15 07:34:00,ORD_000927,1550.74,0,,,,
CUST_03031,PRDT_088,2026-06-26 00:54:00,ORD_000928,384.25,0,,,,
CUST_02771,PRDT_042,2026-06-23 04:47:00,ORD_000929,36.71,0,,,,
CUST_03447,PRDT_054,2026-07-12 08:39:00,ORD_000930,1106.76,0,,,,
CUST_02900,PRDT_160,2026-07-21 03:10:00,ORD_000931,41.61,0,,,,
CUST_00088,PRDT_115,2026-07-17 12:31:00,ORD_000932,1294.79,0,,,,
CUST_03741,PRDT_020,2026-08-09 17:18:00,ORD_000933,2003.07,0,,,,
CUST_00814,PRDT_081,2026-08-23 10:11:00,ORD_000934,103.77,0,,,,
CUST_01175,PRDT_168,2026-06-10 00:52:00,ORD_000935,2413.28,0,,,,
CUST_03750,PRDT_064,2026-08-20 07:01:00,ORD_000936,482.29,0,,,,
CUST_02792,PRDT_198,2026-06-20 12:05:00,ORD_000937,255.77,0,,,,
CUST_00257,PRDT_149,2026-06-27 13:54:00,ORD_000938,115.45,0,,,,
CUST_03418,PRDT_161,2026-06-05 10:13:00,ORD_000939,131.9,0,,,,
CUST_04755,PRDT_054,2026-08-17 19:45:00,ORD_000940,1106.76,0,,,,
CUST_03194,PRDT_198,2026-08-06 04:56:00,ORD_000941,255.77,0,,,,
CUST_01154,PRDT_031,2026-07-20 22:26:00,ORD_000942,851.35,0,,,,
CUST_02063,PRDT_095,2026-06-17 13:48:00,ORD_000943,574.9,0,,,,
CUST_03988,PRDT_134,2026-06-02 05:19:00,ORD_000944,1093.53,0,,,,
CUST_02434,PRDT_175,2026-08-04 20:06:00,ORD_000945,167.54,0,,,,
CUST_03877,PRDT_070,2026-08-20 10:19:00,ORD_000946,948.7,0,,,,
CUST_00576,PRDT_055,2026-08-25 02:29:00,ORD_000947,132.87,0,,,,
CUST_03834,PRDT_149,2026-06-23 05:59:00,ORD_000948,115.45,0,,,,
CUST_02908,PRDT_087,2026-06-30 11:14:00,ORD_000949,27.57,0,,,,
CUST_00036,PRDT_151,2026-08-17 20:06:00,ORD_000950,2453.59,0,,,,
CUST_00493,PRDT_029,2026-07-14 06:33:00,ORD_000951,52.3,0,,,,
CUST_01856,PRDT_099,2026-06-08 22:30:00,ORD_000952,100.84,0,,,,
CUST_03131,PRDT_057,2026-06-30 02:43:00,ORD_000953,1831.39,0,,,,
CUST_02173,PRDT_086,2026-07-26 09:41:00,ORD_000954,57.99,0,,,,
CUST_03846,PRDT_092,2026-07-02 10:14:00,ORD_000955,136.97,0,,,,
CUST_00431,PRDT_128,2026-06-21 05:35:00,ORD_000956,655.28,0,,,,
CUST_03011,PRDT_155,2026-08-05 18:23:00,ORD_000957,279.65,0,,,,
CUST_00086,PRDT_177,2026-08-14 00:33:00,ORD_000958,54.57,0,,,,
CUST_00566,PRDT_131,2026-07-11 19:43:00,ORD_000959,163.64,0,,,,
CUST_02747,PRDT_022,2026-07-27 21:50:00,ORD_000960,101.95,0,,,,
CUST_04305,PRDT_182,2026-08-25 01:46:00,ORD_000961,987.5,0,,,,
CUST_00973,PRDT_150,2026-06-09 02:11:00,ORD_000962,124.27,0,,,,
CUST_03644,PRDT_009,2026-07-10 10:20:00,ORD_000963,13.34,0,,,,
CUST_04317,PRDT_046,2026-06-26 23:02:00,ORD_000964,331.76,0,,,,
CUST_00014,PRDT_070,2026-06-29 17:40:00,ORD_000965,948.7,0,,,,
CUST_04232,PRDT_187,2026-06-08 19:58:00,ORD_000966,299.06,0,,,,
CUST_04600,PRDT_187,2026-07-29 18:31:00,ORD_000967,299.06,0,,,,
CUST_00868,PRDT_141,2026-06-22 05:46:00,ORD_000968,2127.86,0,,,,
CUST_01895,PRDT_036,2026-08-01 00:20:00,ORD_000969,191.64,0,,,,
CUST_03532,PRDT_150,2026-08-03 16:28:00,ORD_000970,124.27,0,,,,
CUST_01258,PRDT_006,2026-07-25 02:32:00,ORD_000971,1779.93,0,,,,
CUST_00003,PRDT_112,2026-07-13 05:55:00,ORD_000972,2157.62,0,,,,
CUST_01002,PRDT_088,2026-07-31 02:55:00,ORD_000973,384.25,0,,,,
CUST_03703,PRDT_045,2026-07-19 20:14:00,ORD_000974,143.89,0,,,,
CUST_03999,PRDT_080,2026-07-13 14:19:00,ORD_000975,509.71,0,,,,
CUST_01433,PRDT_147,2026-08-24 00:17:00,ORD_000976,307.76,0,,,,
CUST_04186,PRDT_136,2026-07-20 11:05:00,ORD_000977,74.62,0,,,,
CUST_04658,PRDT_130,2026-08-26 20:05:00,ORD_000978,160.05,0,,,,
CUST_03303,PRDT_020,2026-06-12 12:34:00,ORD_000979,2003.07,0,,,,
CUST_00340,PRDT_094,2026-06-01 13:44:00,ORD_000980,130.86,0,,,,
CUST_03698,PRDT_136,2026-06-10 23:18:00,ORD_000981,74.62,0,,,,
CUST_04784,PRDT_174,2026-08-20 21:47:00,ORD_000982,1758.38,0,,,,
CUST_02020,PRDT_151,2026-07-23 17:23:00,ORD_000983,2453.59,0,,,,
CUST_01370,PRDT_023,2026-07-21 03:26:00,ORD_000984,1375.82,0,,,,
CUST_00059,PRDT_075,2026-06-10 13:17:00,ORD_000985,218.77,0,,,,
CUST_01303,PRDT_154,2026-08-02 09:21:00,ORD_000986,25.64,0,,,,
CUST_01434,PRDT_110,2026-08-01 09:44:00,ORD_000987,485.27,0,,,,
CUST_00785,PRDT_016,2026-08-27 10:34:00,ORD_000988,114.08,0,,,,
CUST_01865,PRDT_121,2026-06-28 15:23:00,ORD_000989,84.98,0,,,,
CUST_00255,PRDT_072,2026-08-17 16:21:00,ORD_000990,90.01,0,,,,
CUST_04800,PRDT_017,2026-08-11 09:51:00,ORD_000991,392.21,0,,,,
CUST_04179,PRDT_019,2026-06-30 08:03:00,ORD_000992,8.35,0,,,,
CUST_04517,PRDT_152,2026-06-27 15:05:00,ORD_000993,922.81,0,,,,
CUST_00757,PRDT_134,2026-06-30 17:36:00,ORD_000994,1093.53,0,,,,
CUST_00139,PRDT_113,2026-06-01 07:14:00,ORD_000995,1326.93,0,,,,
CUST_04656,PRDT_143,2026-08-15 17:08:00,ORD_000996,108.54,0,,,,
CUST_03695,PRDT_150,2026-06-24 00:26:00,ORD_000997,124.27,0,,,,
CUST_02268,PRDT_049,2026-06-09 23:45:00,ORD_000998,124.11,0,,,,
CUST_01772,PRDT_145,2026-06-04 16:22:00,ORD_000999,1240.47,0,,,,
CUST_03430,PRDT_014,2026-06-09 20:31:00,ORD_001000,319.34,0,,,,
CUST_02911,PRDT_161,2026-08-11 07:03:00,ORD_001001,131.9,0,,,,
CUST_01733,PRDT_072,2026-07-19 01:36:00,ORD_001002,90.01,0,,,,
CUST_02784,PRDT_027,2026-07-12 20:01:00,ORD_001003,183.0,0,,,,
CUST_02033,PRDT_141,2026-07-20 12:49:00,ORD_001004,2127.86,0,,,,
CUST_00429,PRDT_060,2026-08-20 06:43:00,ORD_001005,844.85,0,,,,
CUST_04308,PRDT_077,2026-07-29 16:42:00,ORD_001006,901.05,0,,,,
CUST_03857,PRDT_147,2026-08-09 10:38:00,ORD_001007,307.76,0,,,,
CUST_04034,PRDT_129,2026-08-20 21:34:00,ORD_001008,1887.18,0,,,,
CUST_04972,PRDT_034,2026-06-27 03:05:00,ORD_001009,159.73,0,,,,
CUST_03033,PRDT_030,2026-08-19 04:07:00,ORD_001010,282.03,0,,,,
CUST_00367,PRDT_015,2026-07-16 09:31:00,ORD_001011,55.78,0,,,,
CUST_04564,PRDT_078,2026-06-12 03:55:00,ORD_001012,71.19,0,,,,
CUST_00497,PRDT_034,2026-08-19 04:59:00,ORD_001013,159.73,0,,,,
CUST_03160,PRDT_015,2026-07-16 20:54:00,ORD_001014,55.78,0,,,,
CUST_01173,PRDT_056,2026-07-04 17:23:00,ORD_001015,134.06,0,,,,
CUST_03426,PRDT_091,2026-06-05 09:15:00,ORD_001016,239.85,0,,,,
CUST_03579,PRDT_145,2026-06-13 17:36:00,ORD_001017,1240.47,0,,,,
CUST_03635,PRDT_084,2026-07-28 15:13:00,ORD_001018,706.5,0,,,,
CUST_04384,PRDT_075,2026-08-16 03:36:00,ORD_001019,218.77,0,,,,
CUST_00743,PRDT_161,2026-07-01 22:10:00,ORD_001020,131.9,0,,,,
CUST_03497,PRDT_181,2026-07-02 02:35:00,ORD_001021,467.86,0,,,,
CUST_02063,PRDT_180,2026-07-23 13:43:00,ORD_001022,121.51,0,,,,
CUST_00409,PRDT_199,2026-08-15 12:50:00,ORD_001023,296.03,0,,,,
CUST_01796,PRDT_115,2026-06-01 08:08:00,ORD_001024,1294.79,0,,,,
CUST_01650,PRDT_041,2026-06-19 04:15:00,ORD_001025,94.54,0,,,,
CUST_01618,PRDT_064,2026-08-06 02:31:00,ORD_001026,482.29,0,,,,
CUST_01238,PRDT_179,2026-08-03 15:22:00,ORD_001027,55.69,0,,,,
CUST_02496,PRDT_017,2026-08-07 16:21:00,ORD_001028,392.21,0,,,,
CUST_03687,PRDT_135,2026-07-06 20:20:00,ORD_001029,185.09,0,,,,
CUST_01133,PRDT_130,2026-06-14 05:48:00,ORD_001030,160.05,0,,,,
CUST_00113,PRDT_101,2026-06-27 15:08:00,ORD_001031,1215.68,0,,,,
CUST_02359,PRDT_074,2026-06-22 00:51:00,ORD_001032,151.43,0,,,,
CUST_00466,PRDT_019,2026-08-03 22:48:00,ORD_001033,8.35,0,,,,
CUST_03284,PRDT_167,2026-07-12 00:12:00,ORD_001034,187.29,0,,,,
CUST_04132,PRDT_144,2026-06-07 20:30:00,ORD_001035,22.81,0,,,,
CUST_03069,PRDT_050,2026-06-17 02:37:00,ORD_001036,850.64,0,,,,
CUST_03510,PRDT_196,2026-08-11 22:08:00,ORD_001037,141.04,0,,,,
CUST_03954,PRDT_134,2026-07-05 09:57:00,ORD_001038,1093.53,0,,,,
CUST_03991,PRDT_045,2026-07-11 15:21:00,ORD_001039,143.89,0,,,,
CUST_00469,PRDT_009,2026-06-22 18:52:00,ORD_001040,13.34,0,,,,
CUST_02773,PRDT_107,2026-08-23 07:09:00,ORD_001041,1947.77,0,,,,
CUST_01441,PRDT_147,2026-07-30 04:00:00,ORD_001042,307.76,0,,,,
CUST_00357,PRDT_062,2026-08-20 01:44:00,ORD_001043,65.28,0,,,,
CUST_00870,PRDT_025,2026-07-31 22:35:00,ORD_001044,52.59,0,,,,
CUST_03269,PRDT_030,2026-07-23 05:02:00,ORD_001045,282.03,0,,,,
CUST_01102,PRDT_043,2026-06-10 01:25:00,ORD_001046,98.85,0,,,,
CUST_01123,PRDT_190,2026-08-08 22:33:00,ORD_001047,303.15,0,,,,
CUST_04290,PRDT_082,2026-08-08 19:09:00,ORD_001048,894.63,0,,,,
CUST_00252,PRDT_147,2026-06-18 23:16:00,ORD_001049,307.76,0,,,,
CUST_02377,PRDT_144,2026-07-10 14:16:00,ORD_001050,22.81,0,,,,
CUST_02907,PRDT_016,2026-07-22 09:52:00,ORD_001051,114.08,0,,,,
CUST_04588,PRDT_103,2026-07-07 06:41:00,ORD_001052,1410.21,0,,,,
CUST_01295,PRDT_119,2026-07-21 05:24:00,ORD_001053,75.71,0,,,,
CUST_00556,PRDT_200,2026-07-04 00:17:00,ORD_001054,689.76,0,,,,
CUST_03267,PRDT_050,2026-06-07 20:44:00,ORD_001055,850.64,0,,,,
CUST_01635,PRDT_045,2026-07-24 12:56:00,ORD_001056,143.89,0,,,,
CUST_02663,PRDT_092,2026-08-28 04:59:00,ORD_001057,136.97,0,,,,
CUST_00806,PRDT_045,2026-08-08 03:17:00,ORD_001058,143.89,0,,,,
CUST_02161,PRDT_193,2026-07-19 12:59:00,ORD_001059,353.13,0,,,,
CUST_00798,PRDT_079,2026-07-22 05:14:00,ORD_001060,188.88,0,,,,
CUST_04424,PRDT_189,2026-06-16 17:27:00,ORD_001061,142.49,0,,,,
CUST_02394,PRDT_051,2026-07-27 00:42:00,ORD_001062,78.57,0,,,,
CUST_04564,PRDT_159,2026-07-26 11:06:00,ORD_001063,29.81,0,,,,
CUST_01314,PRDT_180,2026-08-19 11:19:00,ORD_001064,121.51,0,,,,
CUST_00949,PRDT_040,2026-08-24 06:09:00,ORD_001065,1080.32,0,,,,
CUST_01520,PRDT_043,2026-07-11 15:47:00,ORD_001066,98.85,0,,,,
CUST_00974,PRDT_109,2026-06-17 14:34:00,ORD_001067,220.57,0,,,,
CUST_02871,PRDT_123,2026-07-14 12:34:00,ORD_001068,69.74,0,,,,
CUST_00368,PRDT_023,2026-07-09 10:36:00,ORD_001069,1375.82,0,,,,
CUST_01632,PRDT_008,2026-07-02 20:38:00,ORD_001070,114.91,0,,,,
CUST_03510,PRDT_186,2026-06-15 14:34:00,ORD_001071,70.61,0,,,,
CUST_04465,PRDT_191,2026-07-13 10:41:00,ORD_001072,2330.27,0,,,,
CUST_00469,PRDT_035,2026-08-15 06:29:00,ORD_001073,2382.17,0,,,,
CUST_01871,PRDT_079,2026-08-22 09:50:00,ORD_001074,188.88,0,,,,
CUST_01065,PRDT_058,2026-08-23 21:07:00,ORD_001075,64.28,0,,,,
CUST_04990,PRDT_127,2026-06-14 09:05:00,ORD_001076,1642.97,0,,,,
CUST_02366,PRDT_124,2026-07-10 00:09:00,ORD_001077,2248.76,0,,,,
CUST_03210,PRDT_014,2026-08-25 05:34:00,ORD_001078,319.34,0,,,,
CUST_04904,PRDT_080,2026-07-22 15:23:00,ORD_001079,509.71,0,,,,
CUST_01736,PRDT_022,2026-07-12 09:09:00,ORD_001080,101.95,0,,,,
CUST_03132,PRDT_043,2026-06-14 16:42:00,ORD_001081,98.85,0,,,,
CUST_00436,PRDT_073,2026-06-04 22:19:00,ORD_001082,73.75,0,,,,
CUST_04215,PRDT_054,2026-07-27 14:18:00,ORD_001083,1106.76,0,,,,
CUST_02182,PRDT_095,2026-08-28 04:59:00,ORD_001084,574.9,0,,,,
CUST_01026,PRDT_128,2026-08-20 11:45:00,ORD_001085,655.28,0,,,,
CUST_03090,PRDT_054,2026-08-21 15:52:00,ORD_001086,1106.76,0,,,,
CUST_02625,PRDT_170,2026-07-27 17:22:00,ORD_001087,169.92,0,,,,
CUST_04653,PRDT_077,2026-07-18 20:30:00,ORD_001088,901.05,0,,,,
CUST_01121,PRDT_092,2026-08-02 14:51:00,ORD_001089,136.97,0,,,,
CUST_03470,PRDT_120,2026-08-01 12:41:00,ORD_001090,135.63,0,,,,
CUST_02712,PRDT_032,2026-08-09 16:02:00,ORD_001091,110.18,0,,,,
CUST_02782,PRDT_172,2026-07-25 18:52:00,ORD_001092,187.76,0,,,,
CUST_01220,PRDT_062,2026-08-25 09:12:00,ORD_001093,65.28,0,,,,
CUST_04033,PRDT_159,2026-06-26 17:58:00,ORD_001094,29.81,0,,,,
CUST_03263,PRDT_010,2026-06-01 00:45:00,ORD_001095,115.38,0,,,,
CUST_03777,PRDT_155,2026-08-19 22:50:00,ORD_001096,279.65,0,,,,
CUST_01709,PRDT_179,2026-06-01 08:35:00,ORD_001097,55.69,0,,,,
CUST_01841,PRDT_182,2026-07-14 20:07:00,ORD_001098,987.5,0,,,,
CUST_01863,PRDT_010,2026-08-16 17:18:00,ORD_001099,115.38,0,,,,
CUST_02190,PRDT_114,2026-08-08 21:20:00,ORD_001100,168.5,0,,,,
CUST_03377,PRDT_065,2026-06-07 23:13:00,ORD_001101,142.85,0,,,,
CUST_04556,PRDT_167,2026-07-08 19:32:00,ORD_001102,187.29,0,,,,
CUST_00630,PRDT_196,2026-07-24 05:51:00,ORD_001103,141.04,0,,,,
CUST_04015,PRDT_039,2026-07-11 12:08:00,ORD_001104,246.26,0,,,,
CUST_00084,PRDT_120,2026-08-08 17:50:00,ORD_001105,135.63,0,,,,
CUST_00412,PRDT_168,2026-08-29 19:07:00,ORD_001106,2413.28,0,,,,
CUST_02891,PRDT_177,2026-08-24 07:53:00,ORD_001107,54.57,0,,,,
CUST_03643,PRDT_186,2026-08-03 14:36:00,ORD_001108,70.61,0,,,,
CUST_03926,PRDT_075,2026-08-12 12:33:00,ORD_001109,218.77,0,,,,
CUST_02358,PRDT_107,2026-06-10 03:54:00,ORD_001110,1947.77,0,,,,
CUST_04316,PRDT_027,2026-07-29 14:19:00,ORD_001111,183.0,0,,,,
CUST_02003,PRDT_050,2026-07-05 05:09:00,ORD_001112,850.64,0,,,,
CUST_01076,PRDT_018,2026-06-29 21:20:00,ORD_001113,76.3,0,,,,
CUST_00001,PRDT_127,2026-08-24 15:01:00,ORD_001114,1642.97,0,,,,
CUST_03300,PRDT_140,2026-08-27 16:54:00,ORD_001115,2011.11,0,,,,
CUST_04961,PRDT_150,2026-07-01 23:54:00,ORD_001116,124.27,0,,,,
CUST_00697,PRDT_017,2026-08-11 09:49:00,ORD_001117,392.21,0,,,,
CUST_01849,PRDT_159,2026-08-01 05:20:00,ORD_001118,29.81,0,,,,
CUST_00498,PRDT_144,2026-06-26 00:54:00,ORD_001119,22.81,0,,,,
CUST_00898,PRDT_178,2026-08-15 13:15:00,ORD_001120,668.45,0,,,,
CUST_00696,PRDT_048,2026-06-03 03:38:00,ORD_001121,20.5,0,,,,
CUST_04565,PRDT_001,2026-07-17 22:54:00,ORD_001122,74.12,0,,,,
CUST_04251,PRDT_199,2026-08-23 11:26:00,ORD_001123,296.03,0,,,,
CUST_04733,PRDT_032,2026-06-28 22:32:00,ORD_001124,110.18,0,,,,
CUST_04570,PRDT_004,2026-07-25 09:15:00,ORD_001125,102.98,0,,,,
CUST_03361,PRDT_171,2026-07-01 17:50:00,ORD_001126,338.78,0,,,,
CUST_02353,PRDT_146,2026-07-20 05:57:00,ORD_001127,254.53,0,,,,
CUST_00641,PRDT_150,2026-06-01 09:19:00,ORD_001128,124.27,0,,,,
CUST_03039,PRDT_130,2026-07-08 17:09:00,ORD_001129,160.05,0,,,,
CUST_03565,PRDT_037,2026-08-12 03:38:00,ORD_001130,349.54,0,,,,
CUST_04799,PRDT_170,2026-07-16 07:54:00,ORD_001131,169.92,0,,,,
CUST_01733,PRDT_109,2026-08-28 21:45:00,ORD_001132,220.57,0,,,,
CUST_02136,PRDT_025,2026-06-07 19:09:00,ORD_001133,52.59,0,,,,
CUST_01184,PRDT_169,2026-07-28 07:54:00,ORD_001134,27.52,0,,,,
CUST_03092,PRDT_028,2026-07-19 14:26:00,ORD_001135,947.88,0,,,,
CUST_00243,PRDT_080,2026-07-06 20:17:00,ORD_001136,509.71,0,,,,
CUST_02777,PRDT_193,2026-06-22 05:54:00,ORD_001137,353.13,0,,,,
CUST_04641,PRDT_022,2026-06-17 13:41:00,ORD_001138,101.95,0,,,,
CUST_03666,PRDT_162,2026-08-03 04:11:00,ORD_001139,58.28,0,,,,
CUST_03595,PRDT_144,2026-06-12 09:05:00,ORD_001140,22.81,0,,,,
CUST_01013,PRDT_195,2026-07-30 20:25:00,ORD_001141,414.28,0,,,,
CUST_00053,PRDT_019,2026-06-20 07:14:00,ORD_001142,8.35,0,,,,
CUST_01360,PRDT_091,2026-07-10 03:15:00,ORD_001143,239.85,0,,,,
CUST_01739,PRDT_137,2026-07-25 06:39:00,ORD_001144,110.22,0,,,,
CUST_02079,PRDT_150,2026-06-02 14:29:00,ORD_001145,124.27,0,,,,
CUST_02322,PRDT_135,2026-08-03 23:52:00,ORD_001146,185.09,0,,,,
CUST_03258,PRDT_174,2026-07-29 13:30:00,ORD_001147,1758.38,0,,,,
CUST_04138,PRDT_009,2026-06-08 01:53:00,ORD_001148,13.34,0,,,,
CUST_00207,PRDT_158,2026-07-11 15:15:00,ORD_001149,154.31,0,,,,
CUST_03013,PRDT_018,2026-07-07 15:27:00,ORD_001150,76.3,0,,,,
CUST_02342,PRDT_021,2026-06-20 09:02:00,ORD_001151,204.62,0,,,,
CUST_02631,PRDT_155,2026-07-24 15:43:00,ORD_001152,279.65,0,,,,
CUST_02175,PRDT_057,2026-07-14 12:28:00,ORD_001153,1831.39,0,,,,
CUST_02594,PRDT_018,2026-06-02 11:01:00,ORD_001154,76.3,0,,,,
CUST_04758,PRDT_002,2026-06-30 10:37:00,ORD_001155,89.49,0,,,,
CUST_04998,PRDT_057,2026-07-04 22:18:00,ORD_001156,1831.39,0,,,,
CUST_04933,PRDT_143,2026-08-29 16:52:00,ORD_001157,108.54,0,,,,
CUST_01317,PRDT_097,2026-08-01 04:01:00,ORD_001158,248.93,0,,,,
CUST_02417,PRDT_124,2026-06-29 00:02:00,ORD_001159,2248.76,0,,,,
CUST_04039,PRDT_004,2026-07-11 14:22:00,ORD_001160,102.98,0,,,,
CUST_01560,PRDT_153,2026-07-22 07:41:00,ORD_001161,90.83,0,,,,
CUST_01442,PRDT_104,2026-08-04 23:30:00,ORD_001162,487.9,0,,,,
CUST_02494,PRDT_143,2026-08-15 00:07:00,ORD_001163,108.54,0,,,,
CUST_04286,PRDT_077,2026-06-22 17:37:00,ORD_001164,901.05,0,,,,
CUST_01533,PRDT_128,2026-07-02 06:49:00,ORD_001165,655.28,0,,,,
CUST_01349,PRDT_071,2026-06-18 01:58:00,ORD_001166,159.75,0,,,,
CUST_01147,PRDT_054,2026-07-24 11:07:00,ORD_001167,1106.76,0,,,,
CUST_01936,PRDT_051,2026-08-19 10:27:00,ORD_001168,78.57,0,,,,
CUST_01754,PRDT_193,2026-06-14 14:16:00,ORD_001169,353.13,0,,,,
CUST_02958,PRDT_007,2026-06-24 16:45:00,ORD_001170,766.37,0,,,,
CUST_03717,PRDT_167,2026-08-27 18:29:00,ORD_001171,187.29,0,,,,
CUST_02079,PRDT_152,2026-08-29 12:13:00,ORD_001172,922.81,0,,,,
CUST_04766,PRDT_161,2026-07-20 02:20:00,ORD_001173,131.9,0,,,,
CUST_01556,PRDT_107,2026-08-13 19:35:00,ORD_001174,1947.77,0,,,,
CUST_00501,PRDT_094,2026-07-10 22:08:00,ORD_001175,130.86,0,,,,
CUST_01046,PRDT_098,2026-07-02 00:34:00,ORD_001176,112.97,0,,,,
CUST_02746,PRDT_071,2026-08-20 13:30:00,ORD_001177,159.75,0,,,,
CUST_00868,PRDT_002,2026-06-18 05:10:00,ORD_001178,89.49,0,,,,
CUST_03303,PRDT_083,2026-08-24 18:54:00,ORD_001179,131.69,0,,,,
CUST_00075,PRDT_149,2026-07-19 01:42:00,ORD_001180,115.45,0,,,,
CUST_02406,PRDT_029,2026-07-19 16:36:00,ORD_001181,52.3,0,,,,
CUST_03512,PRDT_169,2026-07-20 01:57:00,ORD_001182,27.52,0,,,,
CUST_00787,PRDT_029,2026-06-23 08:22:00,ORD_001183,52.3,0,,,,
CUST_04335,PRDT_179,2026-08-27 02:01:00,ORD_001184,55.69,0,,,,
CUST_00558,PRDT_171,2026-08-01 12:10:00,ORD_001185,338.78,0,,,,
CUST_00459,PRDT_165,2026-07-31 19:16:00,ORD_001186,166.0,0,,,,
CUST_02979,PRDT_072,2026-06-17 12:34:00,ORD_001187,90.01,0,,,,
CUST_02426,PRDT_145,2026-07-06 04:15:00,ORD_001188,1240.47,0,,,,
CUST_00553,PRDT_068,2026-07-31 19:59:00,ORD_001189,750.51,0,,,,
CUST_03532,PRDT_056,2026-06-17 02:16:00,ORD_001190,134.06,0,,,,
CUST_03297,PRDT_067,2026-06-12 08:05:00,ORD_001191,1550.74,0,,,,
CUST_03231,PRDT_179,2026-07-20 14:50:00,ORD_001192,55.69,0,,,,
CUST_03002,PRDT_009,2026-07-13 22:52:00,ORD_001193,13.34,0,,,,
CUST_04740,PRDT_193,2026-08-17 12:39:00,ORD_001194,353.13,0,,,,
CUST_02067,PRDT_011,2026-07-12 19:55:00,ORD_001195,40.62,0,,,,
CUST_04096,PRDT_063,2026-06-03 07:10:00,ORD_001196,375.93,0,,,,
CUST_02412,PRDT_150,2026-06-19 20:24:00,ORD_001197,124.27,0,,,,
CUST_00381,PRDT_064,2026-07-14 23:41:00,ORD_001198,482.29,0,,,,
CUST_02159,PRDT_107,2026-07-28 01:56:00,ORD_001199,1947.77,0,,,,
CUST_04321,PRDT_181,2026-06-11 04:34:00,ORD_001200,467.86,0,,,,
CUST_04739,PRDT_092,2026-08-21 19:35:00,ORD_001201,136.97,0,,,,
CUST_03397,PRDT_084,2026-06-29 17:29:00,ORD_001202,706.5,0,,,,
CUST_04846,PRDT_057,2026-06-01 23:45:00,ORD_001203,1831.39,0,,,,
CUST_04274,PRDT_070,2026-07-24 04:16:00,ORD_001204,948.7,0,,,,
CUST_01153,PRDT_136,2026-07-30 03:26:00,ORD_001205,74.62,0,,,,
CUST_02927,PRDT_099,2026-06-21 06:18:00,ORD_001206,100.84,0,,,,
CUST_02303,PRDT_058,2026-06-17 13:53:00,ORD_001207,64.28,0,,,,
CUST_01873,PRDT_125,2026-07-31 11:27:00,ORD_001208,85.5,0,,,,
CUST_02276,PRDT_063,2026-06-04 22:37:00,ORD_001209,375.93,0,,,,
CUST_02843,PRDT_156,2026-06-02 17:45:00,ORD_001210,139.49,0,,,,
CUST_01139,PRDT_075,2026-08-21 08:32:00,ORD_001211,218.77,0,,,,
CUST_04899,PRDT_136,2026-08-23 16:49:00,ORD_001212,74.62,0,,,,
CUST_01149,PRDT_015,2026-07-07 14:57:00,ORD_001213,55.78,0,,,,
CUST_01815,PRDT_188,2026-08-20 06:44:00,ORD_001214,191.08,0,,,,
CUST_00087,PRDT_157,2026-07-11 12:39:00,ORD_001215,528.89,0,,,,
CUST_02077,PRDT_171,2026-08-26 16:25:00,ORD_001216,338.78,0,,,,
CUST_00691,PRDT_084,2026-08-16 05:16:00,ORD_001217,706.5,0,,,,
CUST_01689,PRDT_024,2026-07-23 20:13:00,ORD_001218,1764.52,0,,,,
CUST_03576,PRDT_012,2026-06-01 14:01:00,ORD_001219,68.02,0,,,,
CUST_02445,PRDT_014,2026-06-11 07:20:00,ORD_001220,319.34,0,,,,
CUST_01584,PRDT_056,2026-07-28 17:19:00,ORD_001221,134.06,0,,,,
CUST_00531,PRDT_183,2026-08-20 08:57:00,ORD_001222,73.46,0,,,,
CUST_04473,PRDT_140,2026-08-05 22:11:00,ORD_001223,2011.11,0,,,,
CUST_04193,PRDT_117,2026-06-07 18:24:00,ORD_001224,715.65,0,,,,
CUST_03459,PRDT_196,2026-07-08 04:49:00,ORD_001225,141.04,0,,,,
CUST_04040,PRDT_114,2026-08-10 17:20:00,ORD_001226,168.5,0,,,,
CUST_02218,PRDT_174,2026-06-25 19:01:00,ORD_001227,1758.38,0,,,,
CUST_00339,PRDT_139,2026-07-31 02:31:00,ORD_001228,230.06,0,,,,
CUST_04618,PRDT_164,2026-08-27 01:46:00,ORD_001229,284.83,0,,,,
CUST_01499,PRDT_035,2026-08-18 01:30:00,ORD_001230,2382.17,0,,,,
CUST_02758,PRDT_170,2026-08-09 23:34:00,ORD_001231,169.92,0,,,,
CUST_03577,PRDT_069,2026-06-13 04:59:00,ORD_001232,148.6,0,,,,
CUST_01712,PRDT_182,2026-08-04 23:49:00,ORD_001233,987.5,0,,,,
CUST_02287,PRDT_071,2026-07-04 18:18:00,ORD_001234,159.75,0,,,,
CUST_01275,PRDT_148,2026-07-23 03:25:00,ORD_001235,1509.58,0,,,,
CUST_02289,PRDT_151,2026-06-08 03:26:00,ORD_001236,2453.59,0,,,,
CUST_01535,PRDT_114,2026-06-08 05:52:00,ORD_001237,168.5,0,,,,
CUST_03126,PRDT_049,2026-07-22 20:20:00,ORD_001238,124.11,0,,,,
CUST_02085,PRDT_115,2026-08-27 16:18:00,ORD_001239,1294.79,0,,,,
CUST_00452,PRDT_179,2026-07-22 04:08:00,ORD_001240,55.69,0,,,,
CUST_00910,PRDT_185,2026-07-13 01:42:00,ORD_001241,103.16,0,,,,
CUST_03722,PRDT_154,2026-08-28 23:03:00,ORD_001242,25.64,0,,,,
CUST_02947,PRDT_016,2026-06-12 06:28:00,ORD_001243,114.08,0,,,,
CUST_04884,PRDT_046,2026-07-04 21:25:00,ORD_001244,331.76,0,,,,
CUST_01599,PRDT_160,2026-06-15 02:22:00,ORD_001245,41.61,0,,,,
CUST_00104,PRDT_057,2026-07-29 06:51:00,ORD_001246,1831.39,0,,,,
CUST_04589,PRDT_199,2026-06-02 14:21:00,ORD_001247,296.03,0,,,,
CUST_04384,PRDT_114,2026-08-24 14:00:00,ORD_001248,168.5,0,,,,
CUST_01739,PRDT_179,2026-07-21 02:47:00,ORD_001249,55.69,0,,,,
CUST_01409,PRDT_036,2026-08-26 22:02:00,ORD_001250,191.64,0,,,,
CUST_02394,PRDT_172,2026-08-23 19:45:00,ORD_001251,187.76,0,,,,
CUST_01177,PRDT_051,2026-06-06 05:31:00,ORD_001252,78.57,0,,,,
CUST_03179,PRDT_188,2026-06-20 23:14:00,ORD_001253,191.08,0,,,,
CUST_01488,PRDT_111,2026-07-08 15:44:00,ORD_001254,1094.44,0,,,,
CUST_01511,PRDT_097,2026-07-13 07:50:00,ORD_001255,248.93,0,,,,
CUST_02049,PRDT_184,2026-06-17 08:33:00,ORD_001256,122.54,0,,,,
CUST_00400,PRDT_120,2026-08-12 04:13:00,ORD_001257,135.63,0,,,,
CUST_03910,PRDT_086,2026-06-28 02:52:00,ORD_001258,57.99,0,,,,
CUST_03053,PRDT_077,2026-08-03 15:03:00,ORD_001259,901.05,0,,,,
CUST_01120,PRDT_178,2026-06-30 06:33:00,ORD_001260,668.45,0,,,,
CUST_03724,PRDT_172,2026-08-26 01:55:00,ORD_001261,187.76,0,,,,
CUST_04209,PRDT_073,2026-07-03 01:59:00,ORD_001262,73.75,0,,,,
CUST_01222,PRDT_023,2026-06-24 01:42:00,ORD_001263,1375.82,0,,,,
CUST_04207,PRDT_056,2026-06-27 02:18:00,ORD_001264,134.06,0,,,,
CUST_02053,PRDT_134,2026-08-16 07:07:00,ORD_001265,1093.53,0,,,,
CUST_01187,PRDT_033,2026-07-23 11:59:00,ORD_001266,108.92,0,,,,
CUST_01735,PRDT_005,2026-07-20 10:24:00,ORD_001267,1485.06,1,CMP_039,EVT_011612,2026-07-15 22:17:00,4.5
CUST_02028,PRDT_080,2026-08-02 17:21:00,ORD_001268,509.71,0,,,,
CUST_01625,PRDT_037,2026-06-29 10:46:00,ORD_001269,349.54,0,,,,
CUST_02158,PRDT_149,2026-06-24 10:05:00,ORD_001270,115.45,0,,,,
CUST_03956,PRDT_155,2026-08-26 03:10:00,ORD_001271,279.65,0,,,,
CUST_04904,PRDT_011,2026-06-05 04:21:00,ORD_001272,40.62,0,,,,
CUST_04500,PRDT_137,2026-08-04 04:06:00,ORD_001273,110.22,0,,,,
CUST_02357,PRDT_160,2026-06-09 15:31:00,ORD_001274,41.61,0,,,,
CUST_03732,PRDT_040,2026-08-28 18:13:00,ORD_001275,1080.32,0,,,,
CUST_03251,PRDT_158,2026-08-07 18:14:00,ORD_001276,154.31,0,,,,
CUST_04767,PRDT_173,2026-08-23 11:13:00,ORD_001277,109.75,0,,,,
CUST_01581,PRDT_189,2026-07-12 12:21:00,ORD_001278,142.49,0,,,,
CUST_04592,PRDT_091,2026-07-08 19:35:00,ORD_001279,239.85,0,,,,
CUST_01079,PRDT_039,2026-07-04 22:28:00,ORD_001280,246.26,0,,,,
CUST_01966,PRDT_008,2026-08-06 07:01:00,ORD_001281,114.91,0,,,,
CUST_02822,PRDT_194,2026-06-26 23:44:00,ORD_001282,229.6,0,,,,
CUST_01263,PRDT_003,2026-07-18 23:45:00,ORD_001283,190.19,0,,,,
CUST_04814,PRDT_030,2026-08-03 07:14:00,ORD_001284,282.03,0,,,,
CUST_01368,PRDT_124,2026-08-22 06:57:00,ORD_001285,2248.76,0,,,,
CUST_04173,PRDT_134,2026-07-30 09:32:00,ORD_001286,1093.53,0,,,,
CUST_02783,PRDT_026,2026-07-10 13:05:00,ORD_001287,1433.89,0,,,,
CUST_00424,PRDT_102,2026-08-23 23:25:00,ORD_001288,41.66,0,,,,
CUST_04211,PRDT_195,2026-07-24 17:27:00,ORD_001289,414.28,0,,,,
CUST_03715,PRDT_033,2026-07-06 04:44:00,ORD_001290,108.92,0,,,,
CUST_04818,PRDT_193,2026-06-21 13:06:00,ORD_001291,353.13,0,,,,
CUST_00957,PRDT_156,2026-06-30 08:06:00,ORD_001292,139.49,0,,,,
CUST_04811,PRDT_030,2026-06-25 15:36:00,ORD_001293,282.03,0,,,,
CUST_01116,PRDT_169,2026-07-03 05:10:00,ORD_001294,27.52,0,,,,
CUST_03671,PRDT_192,2026-06-08 02:47:00,ORD_001295,34.45,0,,,,
CUST_00678,PRDT_194,2026-08-06 15:37:00,ORD_001296,229.6,0,,,,
CUST_00276,PRDT_088,2026-08-09 11:31:00,ORD_001297,384.25,0,,,,
CUST_00316,PRDT_048,2026-06-22 07:57:00,ORD_001298,20.5,0,,,,
CUST_04607,PRDT_149,2026-07-05 15:51:00,ORD_001299,115.45,0,,,,
CUST_00463,PRDT_012,2026-06-30 07:47:00,ORD_001300,68.02,0,,,,
CUST_00546,PRDT_123,2026-08-23 09:57:00,ORD_001301,69.74,0,,,,
CUST_00451,PRDT_080,2026-06-04 10:36:00,ORD_001302,509.71,0,,,,
CUST_03935,PRDT_074,2026-06-14 06:56:00,ORD_001303,151.43,0,,,,
CUST_01649,PRDT_153,2026-08-12 21:02:00,ORD_001304,90.83,0,,,,
CUST_01911,PRDT_105,2026-07-24 03:50:00,ORD_001305,149.47,0,,,,
CUST_02595,PRDT_153,2026-06-15 18:11:00,ORD_001306,90.83,0,,,,
CUST_00933,PRDT_026,2026-07-15 18:39:00,ORD_001307,1433.89,0,,,,
CUST_03113,PRDT_034,2026-08-08 03:11:00,ORD_001308,159.73,0,,,,
CUST_01059,PRDT_015,2026-06-05 22:15:00,ORD_001309,55.78,0,,,,
CUST_04687,PRDT_119,2026-07-11 12:00:00,ORD_001310,75.71,0,,,,
CUST_02821,PRDT_100,2026-07-05 05:31:00,ORD_001311,2387.01,0,,,,
CUST_00185,PRDT_108,2026-08-02 22:59:00,ORD_001312,90.97,0,,,,
CUST_01649,PRDT_123,2026-06-02 21:03:00,ORD_001313,69.74,0,,,,
CUST_01782,PRDT_020,2026-08-22 02:45:00,ORD_001314,2003.07,0,,,,
CUST_03283,PRDT_200,2026-07-09 08:22:00,ORD_001315,689.76,0,,,,
CUST_03749,PRDT_004,2026-06-20 17:24:00,ORD_001316,102.98,0,,,,
CUST_01683,PRDT_147,2026-06-12 16:32:00,ORD_001317,307.76,0,,,,
CUST_01119,PRDT_175,2026-07-06 02:54:00,ORD_001318,167.54,0,,,,
CUST_04150,PRDT_070,2026-06-22 14:56:00,ORD_001319,948.7,0,,,,
CUST_04432,PRDT_108,2026-07-23 08:50:00,ORD_001320,90.97,0,,,,
CUST_02595,PRDT_007,2026-08-06 05:52:00,ORD_001321,766.37,0,,,,
CUST_04020,PRDT_150,2026-08-26 00:01:00,ORD_001322,124.27,0,,,,
CUST_02865,PRDT_073,2026-08-08 08:56:00,ORD_001323,73.75,0,,,,
CUST_04965,PRDT_175,2026-06-06 02:28:00,ORD_001324,167.54,0,,,,
CUST_04105,PRDT_112,2026-06-15 20:16:00,ORD_001325,2157.62,0,,,,
CUST_04948,PRDT_136,2026-06-27 18:15:00,ORD_001326,74.62,0,,,,
CUST_00682,PRDT_024,2026-07-11 04:39:00,ORD_001327,1764.52,0,,,,
CUST_02634,PRDT_131,2026-06-07 18:27:00,ORD_001328,163.64,0,,,,
CUST_03370,PRDT_140,2026-06-25 22:21:00,ORD_001329,2011.11,0,,,,
CUST_00710,PRDT_030,2026-06-09 21:16:00,ORD_001330,282.03,0,,,,
CUST_00540,PRDT_113,2026-08-01 06:19:00,ORD_001331,1326.93,0,,,,
CUST_03069,PRDT_117,2026-08-11 14:19:00,ORD_001332,715.65,0,,,,
CUST_03498,PRDT_183,2026-07-19 11:33:00,ORD_001333,73.46,0,,,,
CUST_00214,PRDT_016,2026-07-01 18:58:00,ORD_001334,114.08,0,,,,
CUST_04607,PRDT_050,2026-06-03 00:24:00,ORD_001335,850.64,0,,,,
CUST_03513,PRDT_105,2026-07-09 13:04:00,ORD_001336,149.47,0,,,,
CUST_04742,PRDT_080,2026-07-28 12:03:00,ORD_001337,509.71,0,,,,
CUST_03692,PRDT_199,2026-08-01 09:11:00,ORD_001338,296.03,0,,,,
CUST_01880,PRDT_071,2026-06-06 11:00:00,ORD_001339,159.75,0,,,,
CUST_00060,PRDT_088,2026-07-13 23:33:00,ORD_001340,384.25,0,,,,
CUST_04609,PRDT_052,2026-07-12 12:05:00,ORD_001341,55.84,0,,,,
CUST_02580,PRDT_147,2026-06-04 10:42:00,ORD_001342,307.76,0,,,,
CUST_02965,PRDT_106,2026-06-24 05:07:00,ORD_001343,9.19,0,,,,
CUST_01535,PRDT_112,2026-06-06 02:08:00,ORD_001344,2157.62,0,,,,
CUST_01223,PRDT_124,2026-07-31 21:06:00,ORD_001345,2248.76,0,,,,
CUST_00339,PRDT_178,2026-07-20 11:00:00,ORD_001346,668.45,0,,,,
CUST_03744,PRDT_183,2026-07-09 01:10:00,ORD_001347,73.46,0,,,,
CUST_00610,PRDT_194,2026-08-01 08:33:00,ORD_001348,229.6,0,,,,
CUST_03962,PRDT_102,2026-06-18 00:24:00,ORD_001349,41.66,0,,,,
CUST_00142,PRDT_095,2026-06-14 03:24:00,ORD_001350,574.9,0,,,,
CUST_03130,PRDT_098,2026-06-18 08:40:00,ORD_001351,112.97,0,,,,
CUST_00595,PRDT_088,2026-06-10 09:27:00,ORD_001352,384.25,0,,,,
CUST_01120,PRDT_092,2026-07-08 08:00:00,ORD_001353,136.97,0,,,,
CUST_04730,PRDT_136,2026-07-17 08:21:00,ORD_001354,74.62,0,,,,
CUST_02460,PRDT_154,2026-08-27 14:09:00,ORD_001355,25.64,0,,,,
CUST_02323,PRDT_107,2026-08-05 07:03:00,ORD_001356,1947.77,0,,,,
CUST_02424,PRDT_121,2026-08-10 04:09:00,ORD_001357,84.98,0,,,,
CUST_03025,PRDT_022,2026-07-27 13:34:00,ORD_001358,101.95,0,,,,
CUST_03541,PRDT_020,2026-08-09 09:10:00,ORD_001359,2003.07,0,,,,
CUST_01851,PRDT_182,2026-07-31 11:46:00,ORD_001360,987.5,0,,,,
CUST_01380,PRDT_093,2026-06-01 19:49:00,ORD_001361,1413.29,0,,,,
CUST_00692,PRDT_132,2026-08-29 10:10:00,ORD_001362,287.93,0,,,,
CUST_03976,PRDT_104,2026-06-05 04:45:00,ORD_001363,487.9,0,,,,
CUST_02363,PRDT_013,2026-06-21 08:37:00,ORD_001364,101.28,0,,,,
CUST_02002,PRDT_193,2026-06-30 03:30:00,ORD_001365,353.13,0,,,,
CUST_01702,PRDT_100,2026-07-11 13:56:00,ORD_001366,2387.01,0,,,,
CUST_00972,PRDT_105,2026-08-05 09:47:00,ORD_001367,149.47,0,,,,
CUST_02867,PRDT_102,2026-06-04 09:49:00,ORD_001368,41.66,0,,,,
CUST_02935,PRDT_146,2026-08-10 05:22:00,ORD_001369,254.53,0,,,,
CUST_01356,PRDT_148,2026-07-06 07:59:00,ORD_001370,1509.58,0,,,,
CUST_01942,PRDT_025,2026-06-02 03:47:00,ORD_001371,52.59,0,,,,
CUST_00059,PRDT_042,2026-08-10 12:56:00,ORD_001372,36.71,0,,,,
CUST_03816,PRDT_068,2026-06-24 11:25:00,ORD_001373,750.51,0,,,,
CUST_00738,PRDT_116,2026-08-12 21:18:00,ORD_001374,48.93,0,,,,
CUST_04436,PRDT_114,2026-06-16 09:08:00,ORD_001375,168.5,0,,,,
CUST_03880,PRDT_036,2026-06-12 04:08:00,ORD_001376,191.64,0,,,,
CUST_02688,PRDT_014,2026-07-07 06:37:00,ORD_001377,319.34,0,,,,
CUST_00470,PRDT_170,2026-08-17 21:56:00,ORD_001378,169.92,0,,,,
CUST_01983,PRDT_178,2026-08-29 22:07:00,ORD_001379,668.45,0,,,,
CUST_01508,PRDT_083,2026-08-20 11:29:00,ORD_001380,131.69,0,,,,
CUST_02167,PRDT_019,2026-06-21 21:04:00,ORD_001381,8.35,0,,,,
CUST_02116,PRDT_155,2026-06-15 06:00:00,ORD_001382,279.65,0,,,,
CUST_03483,PRDT_165,2026-08-09 23:43:00,ORD_001383,166.0,0,,,,
CUST_00807,PRDT_022,2026-06-14 13:46:00,ORD_001384,101.95,0,,,,
CUST_00801,PRDT_060,2026-07-08 17:27:00,ORD_001385,844.85,0,,,,
CUST_03952,PRDT_022,2026-07-21 21:16:00,ORD_001386,101.95,0,,,,
CUST_00333,PRDT_137,2026-08-23 09:02:00,ORD_001387,110.22,0,,,,
CUST_02975,PRDT_045,2026-06-03 01:54:00,ORD_001388,143.89,0,,,,
CUST_01355,PRDT_158,2026-06-28 09:26:00,ORD_001389,154.31,0,,,,
CUST_01200,PRDT_173,2026-07-25 13:49:00,ORD_001390,109.75,0,,,,
CUST_02710,PRDT_061,2026-07-04 06:55:00,ORD_001391,1100.76,0,,,,
CUST_03576,PRDT_064,2026-08-02 01:53:00,ORD_001392,482.29,0,,,,
CUST_00525,PRDT_083,2026-06-14 13:52:00,ORD_001393,131.69,0,,,,
CUST_00961,PRDT_092,2026-08-25 20:02:00,ORD_001394,136.97,0,,,,
CUST_03328,PRDT_029,2026-07-03 11:31:00,ORD_001395,52.3,0,,,,
CUST_04164,PRDT_008,2026-06-26 15:26:00,ORD_001396,114.91,0,,,,
CUST_02988,PRDT_064,2026-08-23 22:30:00,ORD_001397,482.29,0,,,,
CUST_02393,PRDT_102,2026-06-26 08:19:00,ORD_001398,41.66,0,,,,
CUST_04247,PRDT_038,2026-08-04 04:53:00,ORD_001399,102.73,0,,,,
CUST_00283,PRDT_109,2026-07-14 12:40:00,ORD_001400,220.57,0,,,,
CUST_02095,PRDT_133,2026-06-23 23:11:00,ORD_001401,523.34,0,,,,
CUST_04222,PRDT_175,2026-07-02 13:21:00,ORD_001402,167.54,0,,,,
CUST_01481,PRDT_007,2026-07-06 17:14:00,ORD_001403,766.37,0,,,,
CUST_00499,PRDT_109,2026-06-11 17:57:00,ORD_001404,220.57,0,,,,
CUST_01290,PRDT_127,2026-08-19 04:22:00,ORD_001405,1642.97,0,,,,
CUST_02887,PRDT_046,2026-08-21 22:14:00,ORD_001406,331.76,0,,,,
CUST_00186,PRDT_023,2026-07-23 06:47:00,ORD_001407,1375.82,0,,,,
CUST_04604,PRDT_121,2026-07-20 14:28:00,ORD_001408,84.98,0,,,,
CUST_01097,PRDT_155,2026-07-12 12:08:00,ORD_001409,279.65,0,,,,
CUST_00790,PRDT_066,2026-08-11 16:24:00,ORD_001410,2431.92,0,,,,
CUST_02646,PRDT_025,2026-08-04 07:11:00,ORD_001411,52.59,0,,,,
CUST_04494,PRDT_075,2026-07-21 12:31:00,ORD_001412,218.77,0,,,,
CUST_01545,PRDT_016,2026-07-18 08:34:00,ORD_001413,114.08,0,,,,
CUST_04394,PRDT_175,2026-07-22 00:13:00,ORD_001414,167.54,0,,,,
CUST_00211,PRDT_177,2026-07-08 19:13:00,ORD_001415,54.57,0,,,,
CUST_04846,PRDT_078,2026-06-08 13:13:00,ORD_001416,71.19,0,,,,
CUST_03765,PRDT_009,2026-06-07 02:03:00,ORD_001417,13.34,0,,,,
CUST_00706,PRDT_004,2026-08-08 23:36:00,ORD_001418,102.98,0,,,,
CUST_01276,PRDT_089,2026-06-15 00:43:00,ORD_001419,214.08,0,,,,
CUST_00170,PRDT_069,2026-06-11 10:46:00,ORD_001420,148.6,0,,,,
CUST_02255,PRDT_038,2026-08-20 23:50:00,ORD_001421,102.73,0,,,,
CUST_01358,PRDT_162,2026-07-09 03:33:00,ORD_001422,58.28,0,,,,
CUST_04470,PRDT_118,2026-08-08 15:19:00,ORD_001423,1359.47,0,,,,
CUST_03313,PRDT_178,2026-08-27 12:09:00,ORD_001424,668.45,0,,,,
CUST_02692,PRDT_167,2026-08-29 12:36:00,ORD_001425,187.29,0,,,,
CUST_04415,PRDT_017,2026-06-09 20:25:00,ORD_001426,392.21,0,,,,
CUST_00811,PRDT_198,2026-08-14 23:01:00,ORD_001427,255.77,0,,,,
CUST_00027,PRDT_199,2026-06-30 08:09:00,ORD_001428,296.03,0,,,,
CUST_03795,PRDT_109,2026-06-20 14:58:00,ORD_001429,220.57,0,,,,
CUST_03742,PRDT_013,2026-07-03 07:48:00,ORD_001430,101.28,0,,,,
CUST_00763,PRDT_158,2026-08-19 10:35:00,ORD_001431,154.31,0,,,,
CUST_04930,PRDT_198,2026-06-22 23:01:00,ORD_001432,255.77,0,,,,
CUST_01123,PRDT_066,2026-06-05 09:23:00,ORD_001433,2431.92,0,,,,
CUST_00552,PRDT_147,2026-08-25 15:06:00,ORD_001434,307.76,0,,,,
CUST_04467,PRDT_140,2026-07-02 12:32:00,ORD_001435,2011.11,0,,,,
CUST_02337,PRDT_122,2026-06-14 16:40:00,ORD_001436,303.21,0,,,,
CUST_04021,PRDT_197,2026-07-23 07:14:00,ORD_001437,197.74,0,,,,
CUST_04019,PRDT_199,2026-06-03 10:37:00,ORD_001438,296.03,0,,,,
CUST_00102,PRDT_053,2026-06-25 11:45:00,ORD_001439,160.29,0,,,,
CUST_04417,PRDT_074,2026-07-09 22:02:00,ORD_001440,151.43,0,,,,
CUST_02193,PRDT_085,2026-08-14 02:33:00,ORD_001441,169.89,0,,,,
CUST_03082,PRDT_165,2026-06-20 11:51:00,ORD_001442,166.0,0,,,,
CUST_02848,PRDT_146,2026-07-07 07:15:00,ORD_001443,254.53,0,,,,
CUST_02236,PRDT_014,2026-07-03 16:57:00,ORD_001444,319.34,0,,,,
CUST_02484,PRDT_088,2026-06-28 17:49:00,ORD_001445,384.25,0,,,,
CUST_02530,PRDT_045,2026-06-28 18:54:00,ORD_001446,143.89,0,,,,
CUST_04749,PRDT_186,2026-07-13 15:52:00,ORD_001447,70.61,0,,,,
CUST_03482,PRDT_019,2026-07-12 09:43:00,ORD_001448,8.35,0,,,,
CUST_04152,PRDT_198,2026-08-09 22:05:00,ORD_001449,255.77,0,,,,
CUST_00409,PRDT_171,2026-08-01 14:18:00,ORD_001450,338.78,0,,,,
CUST_04461,PRDT_052,2026-06-08 19:44:00,ORD_001451,55.84,0,,,,
CUST_03224,PRDT_182,2026-08-29 03:01:00,ORD_001452,987.5,0,,,,
CUST_02492,PRDT_017,2026-08-12 08:06:00,ORD_001453,392.21,0,,,,
CUST_03259,PRDT_029,2026-06-15 15:35:00,ORD_001454,52.3,0,,,,
CUST_00477,PRDT_020,2026-08-06 03:31:00,ORD_001455,2003.07,0,,,,
CUST_04951,PRDT_081,2026-08-19 00:58:00,ORD_001456,103.77,0,,,,
CUST_02102,PRDT_127,2026-07-03 17:48:00,ORD_001457,1642.97,0,,,,
CUST_04391,PRDT_119,2026-08-26 19:58:00,ORD_001458,75.71,0,,,,
CUST_03705,PRDT_161,2026-06-14 18:54:00,ORD_001459,131.9,0,,,,
CUST_01206,PRDT_196,2026-08-20 11:32:00,ORD_001460,141.04,0,,,,
CUST_03345,PRDT_013,2026-08-01 21:11:00,ORD_001461,101.28,0,,,,
CUST_02907,PRDT_141,2026-08-08 13:30:00,ORD_001462,2127.86,0,,,,
CUST_02611,PRDT_065,2026-07-08 18:39:00,ORD_001463,142.85,0,,,,
CUST_00601,PRDT_124,2026-06-28 18:06:00,ORD_001464,2248.76,0,,,,
CUST_01015,PRDT_058,2026-07-16 23:22:00,ORD_001465,64.28,0,,,,
CUST_00960,PRDT_062,2026-07-16 02:11:00,ORD_001466,65.28,0,,,,
CUST_04956,PRDT_028,2026-06-12 16:25:00,ORD_001467,947.88,0,,,,
CUST_00096,PRDT_032,2026-07-11 09:02:00,ORD_001468,110.18,0,,,,
CUST_04163,PRDT_150,2026-07-10 16:32:00,ORD_001469,124.27,0,,,,
CUST_02755,PRDT_151,2026-06-05 16:57:00,ORD_001470,2453.59,0,,,,
CUST_02472,PRDT_158,2026-06-28 02:59:00,ORD_001471,154.31,0,,,,
CUST_00231,PRDT_019,2026-06-06 08:18:00,ORD_001472,8.35,0,,,,
CUST_02721,PRDT_171,2026-07-29 00:23:00,ORD_001473,338.78,0,,,,
CUST_00384,PRDT_009,2026-08-28 06:39:00,ORD_001474,13.34,0,,,,
CUST_03009,PRDT_016,2026-07-03 23:54:00,ORD_001475,114.08,0,,,,
CUST_02941,PRDT_155,2026-08-25 20:25:00,ORD_001476,279.65,0,,,,
CUST_03917,PRDT_009,2026-08-05 08:12:00,ORD_001477,13.34,0,,,,
CUST_03987,PRDT_098,2026-08-21 16:05:00,ORD_001478,112.97,0,,,,
CUST_02797,PRDT_169,2026-08-24 21:25:00,ORD_001479,27.52,0,,,,
CUST_01190,PRDT_039,2026-08-23 15:02:00,ORD_001480,246.26,0,,,,
CUST_04466,PRDT_195,2026-06-20 01:19:00,ORD_001481,414.28,0,,,,
CUST_00774,PRDT_140,2026-06-22 02:32:00,ORD_001482,2011.11,0,,,,
CUST_00153,PRDT_151,2026-08-21 08:40:00,ORD_001483,2453.59,0,,,,
CUST_01829,PRDT_031,2026-07-04 17:23:00,ORD_001484,851.35,0,,,,
CUST_00266,PRDT_160,2026-08-08 07:22:00,ORD_001485,41.61,0,,,,
CUST_03512,PRDT_058,2026-08-20 02:17:00,ORD_001486,64.28,0,,,,
CUST_03356,PRDT_067,2026-06-20 19:44:00,ORD_001487,1550.74,0,,,,
CUST_03032,PRDT_172,2026-08-26 09:06:00,ORD_001488,187.76,0,,,,
CUST_01195,PRDT_057,2026-06-29 04:11:00,ORD_001489,1831.39,0,,,,
CUST_01404,PRDT_166,2026-06-29 18:31:00,ORD_001490,160.57,0,,,,
CUST_01757,PRDT_053,2026-06-30 01:59:00,ORD_001491,160.29,0,,,,
CUST_00936,PRDT_028,2026-08-05 22:23:00,ORD_001492,947.88,0,,,,
CUST_03731,PRDT_024,2026-08-01 04:11:00,ORD_001493,1764.52,0,,,,
CUST_00134,PRDT_190,2026-08-04 10:25:00,ORD_001494,303.15,0,,,,
CUST_04492,PRDT_020,2026-08-03 08:12:00,ORD_001495,2003.07,0,,,,
CUST_02677,PRDT_117,2026-06-26 04:03:00,ORD_001496,715.65,0,,,,
CUST_04040,PRDT_022,2026-08-06 12:40:00,ORD_001497,101.95,0,,,,
CUST_00494,PRDT_101,2026-08-18 11:00:00,ORD_001498,1215.68,0,,,,
CUST_01476,PRDT_102,2026-08-23 08:58:00,ORD_001499,41.66,0,,,,
CUST_01865,PRDT_093,2026-07-29 21:24:00,ORD_001500,1413.29,0,,,,
CUST_04434,PRDT_083,2026-07-07 18:05:00,ORD_001501,131.69,0,,,,
CUST_02851,PRDT_151,2026-06-26 12:51:00,ORD_001502,2453.59,0,,,,
CUST_04963,PRDT_086,2026-06-03 04:35:00,ORD_001503,57.99,0,,,,
CUST_04832,PRDT_191,2026-06-07 07:33:00,ORD_001504,2330.27,0,,,,
CUST_02837,PRDT_159,2026-06-11 07:24:00,ORD_001505,29.81,0,,,,
CUST_02999,PRDT_093,2026-06-06 19:49:00,ORD_001506,1413.29,0,,,,
CUST_01164,PRDT_045,2026-08-26 13:14:00,ORD_001507,143.89,0,,,,
CUST_01182,PRDT_154,2026-08-25 23:27:00,ORD_001508,25.64,0,,,,
CUST_00054,PRDT_099,2026-08-15 07:45:00,ORD_001509,100.84,0,,,,
CUST_03989,PRDT_014,2026-07-28 09:19:00,ORD_001510,319.34,0,,,,
CUST_00546,PRDT_064,2026-06-28 09:33:00,ORD_001511,482.29,0,,,,
CUST_00040,PRDT_171,2026-07-20 00:02:00,ORD_001512,338.78,0,,,,
CUST_01925,PRDT_007,2026-07-13 10:26:00,ORD_001513,766.37,0,,,,
CUST_03515,PRDT_167,2026-08-22 07:07:00,ORD_001514,187.29,0,,,,
CUST_01964,PRDT_097,2026-08-06 07:06:00,ORD_001515,248.93,0,,,,
CUST_03081,PRDT_133,2026-08-07 06:27:00,ORD_001516,523.34,0,,,,
CUST_00678,PRDT_102,2026-06-14 15:17:00,ORD_001517,41.66,0,,,,
CUST_02149,PRDT_174,2026-08-11 18:26:00,ORD_001518,1758.38,0,,,,
CUST_03372,PRDT_024,2026-07-27 09:01:00,ORD_001519,1764.52,0,,,,
CUST_03085,PRDT_113,2026-08-14 12:10:00,ORD_001520,1326.93,0,,,,
CUST_01997,PRDT_150,2026-06-15 16:13:00,ORD_001521,124.27,0,,,,
CUST_04451,PRDT_162,2026-07-03 09:30:00,ORD_001522,58.28,0,,,,
CUST_01984,PRDT_071,2026-07-29 18:35:00,ORD_001523,159.75,0,,,,
CUST_02640,PRDT_066,2026-07-24 11:01:00,ORD_001524,2431.92,0,,,,
CUST_02840,PRDT_055,2026-07-06 23:38:00,ORD_001525,132.87,0,,,,
CUST_02130,PRDT_092,2026-07-09 19:59:00,ORD_001526,136.97,0,,,,
CUST_01726,PRDT_118,2026-08-26 11:40:00,ORD_001527,1359.47,0,,,,
CUST_04614,PRDT_023,2026-07-06 00:34:00,ORD_001528,1375.82,0,,,,
CUST_03905,PRDT_074,2026-06-07 14:24:00,ORD_001529,151.43,0,,,,
CUST_00090,PRDT_114,2026-07-19 09:02:00,ORD_001530,168.5,0,,,,
CUST_00988,PRDT_031,2026-07-12 03:02:00,ORD_001531,851.35,0,,,,
CUST_00030,PRDT_089,2026-07-07 21:46:00,ORD_001532,214.08,0,,,,
CUST_00321,PRDT_152,2026-08-02 06:11:00,ORD_001533,922.81,0,,,,
CUST_02597,PRDT_065,2026-06-08 02:16:00,ORD_001534,142.85,0,,,,
CUST_01292,PRDT_073,2026-06-10 17:39:00,ORD_001535,73.75,0,,,,
CUST_01216,PRDT_147,2026-07-22 03:00:00,ORD_001536,307.76,0,,,,
CUST_03970,PRDT_156,2026-08-17 01:48:00,ORD_001537,139.49,0,,,,
CUST_02087,PRDT_050,2026-07-31 16:17:00,ORD_001538,850.64,0,,,,
CUST_04251,PRDT_148,2026-08-14 20:06:00,ORD_001539,1509.58,0,,,,
CUST_00315,PRDT_139,2026-08-16 22:57:00,ORD_001540,230.06,0,,,,
CUST_04884,PRDT_090,2026-08-02 18:55:00,ORD_001541,661.38,0,,,,
CUST_02298,PRDT_180,2026-08-15 12:00:00,ORD_001542,121.51,0,,,,
CUST_00156,PRDT_191,2026-06-04 09:53:00,ORD_001543,2330.27,0,,,,
CUST_00181,PRDT_061,2026-07-17 14:09:00,ORD_001544,1100.76,0,,,,
CUST_01457,PRDT_137,2026-07-03 02:36:00,ORD_001545,110.22,0,,,,
CUST_03467,PRDT_052,2026-07-19 06:28:00,ORD_001546,55.84,0,,,,
CUST_02874,PRDT_074,2026-07-06 07:08:00,ORD_001547,151.43,0,,,,
CUST_01005,PRDT_092,2026-08-14 20:11:00,ORD_001548,136.97,0,,,,
CUST_00889,PRDT_134,2026-06-13 13:52:00,ORD_001549,1093.53,0,,,,
CUST_00316,PRDT_080,2026-07-16 04:34:00,ORD_001550,509.71,0,,,,
CUST_02285,PRDT_157,2026-07-03 02:33:00,ORD_001551,528.89,0,,,,
CUST_03527,PRDT_071,2026-07-26 14:31:00,ORD_001552,159.75,0,,,,
CUST_02228,PRDT_192,2026-08-19 04:08:00,ORD_001553,34.45,0,,,,
CUST_00633,PRDT_093,2026-07-17 15:10:00,ORD_001554,1413.29,0,,,,
CUST_02982,PRDT_174,2026-08-22 04:31:00,ORD_001555,1758.38,0,,,,
CUST_01341,PRDT_131,2026-08-11 21:59:00,ORD_001556,163.64,0,,,,
CUST_01063,PRDT_059,2026-06-22 05:02:00,ORD_001557,53.89,0,,,,
CUST_00524,PRDT_002,2026-06-26 14:24:00,ORD_001558,89.49,0,,,,
CUST_00552,PRDT_092,2026-08-18 06:14:00,ORD_001559,136.97,0,,,,
CUST_04654,PRDT_053,2026-07-29 19:01:00,ORD_001560,160.29,0,,,,
CUST_02472,PRDT_068,2026-06-27 02:56:00,ORD_001561,750.51,0,,,,
CUST_03485,PRDT_070,2026-06-03 14:48:00,ORD_001562,948.7,0,,,,
CUST_02097,PRDT_041,2026-07-28 12:56:00,ORD_001563,94.54,0,,,,
CUST_02449,PRDT_157,2026-06-19 09:37:00,ORD_001564,528.89,0,,,,
CUST_01968,PRDT_046,2026-07-09 05:35:00,ORD_001565,331.76,0,,,,
CUST_02969,PRDT_091,2026-08-19 12:45:00,ORD_001566,239.85,0,,,,
CUST_04521,PRDT_095,2026-07-13 03:06:00,ORD_001567,574.9,0,,,,
CUST_00003,PRDT_052,2026-06-13 19:45:00,ORD_001568,55.84,0,,,,
CUST_00127,PRDT_137,2026-06-09 13:54:00,ORD_001569,110.22,0,,,,
CUST_04836,PRDT_011,2026-06-08 23:50:00,ORD_001570,40.62,0,,,,
CUST_00784,PRDT_169,2026-06-23 14:08:00,ORD_001571,27.52,0,,,,
CUST_03318,PRDT_098,2026-08-11 10:45:00,ORD_001572,112.97,0,,,,
CUST_04649,PRDT_101,2026-07-30 23:55:00,ORD_001573,1215.68,0,,,,
CUST_02229,PRDT_033,2026-08-04 15:23:00,ORD_001574,108.92,0,,,,
CUST_02776,PRDT_073,2026-07-19 22:00:00,ORD_001575,73.75,0,,,,
CUST_01651,PRDT_031,2026-07-21 14:42:00,ORD_001576,851.35,0,,,,
CUST_02767,PRDT_148,2026-07-01 20:25:00,ORD_001577,1509.58,0,,,,
CUST_03885,PRDT_194,2026-06-12 22:52:00,ORD_001578,229.6,0,,,,
CUST_04956,PRDT_054,2026-07-01 13:46:00,ORD_001579,1106.76,0,,,,
CUST_01271,PRDT_046,2026-06-07 14:40:00,ORD_001580,331.76,0,,,,
CUST_04923,PRDT_177,2026-06-28 04:38:00,ORD_001581,54.57,0,,,,
CUST_04572,PRDT_023,2026-06-20 19:29:00,ORD_001582,1375.82,0,,,,
CUST_00214,PRDT_142,2026-07-09 09:51:00,ORD_001583,1962.84,0,,,,
CUST_00300,PRDT_197,2026-08-20 11:15:00,ORD_001584,197.74,0,,,,
CUST_00217,PRDT_136,2026-08-11 09:01:00,ORD_001585,74.62,0,,,,
CUST_03796,PRDT_139,2026-06-09 01:43:00,ORD_001586,230.06,0,,,,
CUST_00440,PRDT_102,2026-08-01 12:04:00,ORD_001587,41.66,0,,,,
CUST_00509,PRDT_073,2026-08-25 10:49:00,ORD_001588,73.75,0,,,,
CUST_04583,PRDT_187,2026-06-20 20:01:00,ORD_001589,299.06,0,,,,
CUST_04914,PRDT_015,2026-06-15 04:43:00,ORD_001590,55.78,0,,,,
CUST_01233,PRDT_111,2026-06-03 15:13:00,ORD_001591,1094.44,0,,,,
CUST_00896,PRDT_112,2026-08-23 22:21:00,ORD_001592,2157.62,0,,,,
CUST_02489,PRDT_066,2026-07-10 17:03:00,ORD_001593,2431.92,0,,,,
CUST_00816,PRDT_045,2026-07-13 11:46:00,ORD_001594,143.89,0,,,,
CUST_04176,PRDT_111,2026-06-12 05:05:00,ORD_001595,1094.44,0,,,,
CUST_04253,PRDT_050,2026-06-10 16:02:00,ORD_001596,850.64,0,,,,
CUST_02600,PRDT_020,2026-08-29 10:58:00,ORD_001597,2003.07,0,,,,
CUST_01442,PRDT_066,2026-08-20 08:37:00,ORD_001598,2431.92,0,,,,
CUST_01690,PRDT_168,2026-06-21 21:59:00,ORD_001599,2413.28,0,,,,
CUST_00698,PRDT_144,2026-06-29 15:42:00,ORD_001600,22.81,0,,,,
CUST_03431,PRDT_141,2026-06-19 18:02:00,ORD_001601,2127.86,0,,,,
CUST_04450,PRDT_140,2026-07-18 11:38:00,ORD_001602,2011.11,0,,,,
CUST_03199,PRDT_046,2026-08-10 13:48:00,ORD_001603,331.76,0,,,,
CUST_04780,PRDT_090,2026-08-10 07:18:00,ORD_001604,661.38,0,,,,
CUST_04398,PRDT_058,2026-06-29 03:32:00,ORD_001605,64.28,0,,,,
CUST_00554,PRDT_165,2026-08-27 15:45:00,ORD_001606,166.0,0,,,,
CUST_03878,PRDT_197,2026-08-08 18:09:00,ORD_001607,197.74,0,,,,
CUST_03556,PRDT_042,2026-07-01 12:20:00,ORD_001608,36.71,0,,,,
CUST_04449,PRDT_023,2026-08-06 04:29:00,ORD_001609,1375.82,0,,,,
CUST_01804,PRDT_041,2026-06-02 21:07:00,ORD_001610,94.54,0,,,,
CUST_01108,PRDT_171,2026-06-29 10:09:00,ORD_001611,338.78,0,,,,
CUST_02850,PRDT_164,2026-08-12 02:14:00,ORD_001612,284.83,0,,,,
CUST_03145,PRDT_045,2026-06-21 16:31:00,ORD_001613,143.89,0,,,,
CUST_02004,PRDT_011,2026-07-27 14:44:00,ORD_001614,40.62,0,,,,
CUST_02963,PRDT_181,2026-06-18 15:27:00,ORD_001615,467.86,0,,,,
CUST_00954,PRDT_049,2026-07-11 00:50:00,ORD_001616,124.11,0,,,,
CUST_03860,PRDT_020,2026-07-23 02:19:00,ORD_001617,2003.07,0,,,,
CUST_01446,PRDT_030,2026-08-17 22:51:00,ORD_001618,282.03,0,,,,
CUST_04972,PRDT_178,2026-08-17 00:28:00,ORD_001619,668.45,0,,,,
CUST_03339,PRDT_176,2026-07-23 15:22:00,ORD_001620,49.82,0,,,,
CUST_04583,PRDT_125,2026-08-09 04:27:00,ORD_001621,85.5,0,,,,
CUST_02491,PRDT_001,2026-06-02 06:40:00,ORD_001622,74.12,0,,,,
CUST_01383,PRDT_186,2026-07-05 07:48:00,ORD_001623,70.61,0,,,,
CUST_04275,PRDT_107,2026-07-31 14:01:00,ORD_001624,1947.77,0,,,,
CUST_02891,PRDT_158,2026-06-23 12:01:00,ORD_001625,154.31,0,,,,
CUST_02077,PRDT_111,2026-06-10 14:52:00,ORD_001626,1094.44,0,,,,
CUST_03673,PRDT_096,2026-06-07 08:46:00,ORD_001627,63.76,0,,,,
CUST_04821,PRDT_166,2026-06-27 13:15:00,ORD_001628,160.57,0,,,,
CUST_04532,PRDT_139,2026-06-14 06:31:00,ORD_001629,230.06,0,,,,
CUST_00619,PRDT_191,2026-08-02 06:29:00,ORD_001630,2330.27,0,,,,
CUST_01719,PRDT_069,2026-07-15 01:45:00,ORD_001631,148.6,0,,,,
CUST_00100,PRDT_190,2026-08-02 17:35:00,ORD_001632,303.15,0,,,,
CUST_02075,PRDT_038,2026-07-20 07:35:00,ORD_001633,102.73,0,,,,
CUST_00730,PRDT_053,2026-06-12 11:25:00,ORD_001634,160.29,0,,,,
CUST_00768,PRDT_105,2026-08-07 09:23:00,ORD_001635,149.47,0,,,,
CUST_04187,PRDT_190,2026-08-16 00:57:00,ORD_001636,303.15,0,,,,
CUST_01456,PRDT_030,2026-08-03 14:43:00,ORD_001637,282.03,0,,,,
CUST_00052,PRDT_092,2026-06-03 05:33:00,ORD_001638,136.97,0,,,,
CUST_00948,PRDT_098,2026-06-11 18:41:00,ORD_001639,112.97,0,,,,
CUST_02399,PRDT_051,2026-06-14 20:09:00,ORD_001640,78.57,0,,,,
CUST_04488,PRDT_096,2026-07-18 23:37:00,ORD_001641,63.76,0,,,,
CUST_00942,PRDT_107,2026-06-02 10:15:00,ORD_001642,1947.77,0,,,,
CUST_01695,PRDT_051,2026-07-13 00:27:00,ORD_001643,78.57,0,,,,
CUST_04645,PRDT_142,2026-06-05 07:06:00,ORD_001644,1962.84,0,,,,
CUST_04302,PRDT_158,2026-08-02 18:21:00,ORD_001645,154.31,0,,,,
CUST_01673,PRDT_104,2026-08-08 06:00:00,ORD_001646,487.9,0,,,,
CUST_04737,PRDT_061,2026-08-03 12:23:00,ORD_001647,1100.76,0,,,,
CUST_00069,PRDT_175,2026-08-20 15:56:00,ORD_001648,167.54,0,,,,
CUST_03957,PRDT_026,2026-06-27 00:26:00,ORD_001649,1433.89,0,,,,
CUST_03723,PRDT_114,2026-06-03 03:33:00,ORD_001650,168.5,0,,,,
CUST_01763,PRDT_137,2026-08-29 04:59:00,ORD_001651,110.22,0,,,,
CUST_02326,PRDT_108,2026-06-11 10:56:00,ORD_001652,90.97,0,,,,
CUST_00719,PRDT_039,2026-07-09 01:00:00,ORD_001653,246.26,0,,,,
CUST_01945,PRDT_049,2026-08-11 10:32:00,ORD_001654,124.11,0,,,,
CUST_01507,PRDT_008,2026-07-20 12:47:00,ORD_001655,114.91,0,,,,
CUST_03760,PRDT_083,2026-07-04 12:14:00,ORD_001656,131.69,0,,,,
CUST_01697,PRDT_090,2026-08-05 13:05:00,ORD_001657,661.38,0,,,,
CUST_04882,PRDT_098,2026-06-30 06:00:00,ORD_001658,112.97,0,,,,
CUST_02253,PRDT_173,2026-06-05 11:52:00,ORD_001659,109.75,0,,,,
CUST_04108,PRDT_050,2026-07-06 10:06:00,ORD_001660,850.64,0,,,,
CUST_01907,PRDT_179,2026-08-19 21:48:00,ORD_001661,55.69,0,,,,
CUST_01168,PRDT_002,2026-06-12 11:52:00,ORD_001662,89.49,0,,,,
CUST_01297,PRDT_063,2026-08-14 17:08:00,ORD_001663,375.93,0,,,,
CUST_00071,PRDT_030,2026-06-16 19:57:00,ORD_001664,282.03,0,,,,
CUST_01742,PRDT_189,2026-07-21 10:11:00,ORD_001665,142.49,0,,,,
CUST_01940,PRDT_075,2026-07-24 22:13:00,ORD_001666,218.77,0,,,,
CUST_03854,PRDT_125,2026-07-06 07:49:00,ORD_001667,85.5,0,,,,
CUST_02691,PRDT_161,2026-06-01 14:33:00,ORD_001668,131.9,0,,,,
CUST_02914,PRDT_104,2026-08-20 05:39:00,ORD_001669,487.9,0,,,,
CUST_03334,PRDT_013,2026-08-13 15:09:00,ORD_001670,101.28,0,,,,
CUST_03367,PRDT_082,2026-08-04 02:05:00,ORD_001671,894.63,0,,,,
CUST_04694,PRDT_028,2026-06-04 06:55:00,ORD_001672,947.88,0,,,,
CUST_04112,PRDT_042,2026-07-02 02:57:00,ORD_001673,36.71,0,,,,
CUST_04117,PRDT_016,2026-07-28 00:04:00,ORD_001674,114.08,0,,,,
CUST_03018,PRDT_017,2026-08-08 11:30:00,ORD_001675,392.21,0,,,,
CUST_02355,PRDT_018,2026-08-13 10:14:00,ORD_001676,76.3,0,,,,
CUST_00177,PRDT_123,2026-07-29 08:38:00,ORD_001677,69.74,0,,,,
CUST_03536,PRDT_162,2026-06-16 17:11:00,ORD_001678,58.28,0,,,,
CUST_04774,PRDT_120,2026-06-02 11:45:00,ORD_001679,135.63,0,,,,
CUST_04812,PRDT_109,2026-08-01 15:15:00,ORD_001680,220.57,0,,,,
CUST_02900,PRDT_124,2026-07-05 06:54:00,ORD_001681,2248.76,0,,,,
CUST_03814,PRDT_082,2026-07-20 15:41:00,ORD_001682,894.63,0,,,,
CUST_02885,PRDT_009,2026-06-05 19:29:00,ORD_001683,13.34,0,,,,
CUST_01207,PRDT_095,2026-06-06 00:15:00,ORD_001684,574.9,0,,,,
CUST_03359,PRDT_168,2026-08-01 19:09:00,ORD_001685,2413.28,0,,,,
CUST_04043,PRDT_081,2026-08-01 05:09:00,ORD_001686,103.77,0,,,,
CUST_04581,PRDT_103,2026-08-26 04:07:00,ORD_001687,1410.21,0,,,,
CUST_04002,PRDT_094,2026-06-11 05:34:00,ORD_001688,130.86,0,,,,
CUST_03843,PRDT_024,2026-07-29 11:45:00,ORD_001689,1764.52,0,,,,
CUST_01441,PRDT_177,2026-08-24 18:59:00,ORD_001690,54.57,0,,,,
CUST_01756,PRDT_023,2026-07-22 03:58:00,ORD_001691,1375.82,0,,,,
CUST_03852,PRDT_047,2026-08-11 00:31:00,ORD_001692,147.72,0,,,,
CUST_00906,PRDT_061,2026-06-29 04:58:00,ORD_001693,1100.76,0,,,,
CUST_00553,PRDT_002,2026-07-28 01:55:00,ORD_001694,89.49,0,,,,
CUST_01337,PRDT_178,2026-06-24 21:22:00,ORD_001695,668.45,0,,,,
CUST_01436,PRDT_050,2026-06-02 01:10:00,ORD_001696,850.64,0,,,,
CUST_04621,PRDT_150,2026-06-17 09:45:00,ORD_001697,124.27,0,,,,
CUST_03374,PRDT_063,2026-08-27 15:46:00,ORD_001698,375.93,0,,,,
CUST_03943,PRDT_125,2026-07-08 02:01:00,ORD_001699,85.5,0,,,,
CUST_03992,PRDT_043,2026-07-27 01:15:00,ORD_001700,98.85,0,,,,
CUST_02469,PRDT_179,2026-07-05 19:27:00,ORD_001701,55.69,0,,,,
CUST_02106,PRDT_045,2026-08-18 14:09:00,ORD_001702,143.89,0,,,,
CUST_01040,PRDT_024,2026-08-27 09:29:00,ORD_001703,1764.52,0,,,,
CUST_01259,PRDT_076,2026-08-11 09:15:00,ORD_001704,1579.92,0,,,,
CUST_01568,PRDT_180,2026-08-09 19:04:00,ORD_001705,121.51,0,,,,
CUST_00743,PRDT_013,2026-07-31 18:06:00,ORD_001706,101.28,0,,,,
CUST_00095,PRDT_196,2026-07-27 07:52:00,ORD_001707,141.04,0,,,,
CUST_00355,PRDT_027,2026-07-26 07:02:00,ORD_001708,183.0,0,,,,
CUST_01615,PRDT_059,2026-06-09 23:20:00,ORD_001709,53.89,0,,,,
CUST_04813,PRDT_034,2026-06-04 12:47:00,ORD_001710,159.73,0,,,,
CUST_02958,PRDT_160,2026-06-27 17:13:00,ORD_001711,41.61,0,,,,
CUST_00482,PRDT_178,2026-06-12 17:33:00,ORD_001712,668.45,0,,,,
CUST_01249,PRDT_065,2026-08-03 12:32:00,ORD_001713,142.85,0,,,,
CUST_00727,PRDT_121,2026-08-07 04:46:00,ORD_001714,84.98,0,,,,
CUST_03875,PRDT_097,2026-07-27 08:13:00,ORD_001715,248.93,0,,,,
CUST_01974,PRDT_119,2026-07-13 15:07:00,ORD_001716,75.71,0,,,,
CUST_04040,PRDT_019,2026-07-30 19:34:00,ORD_001717,8.35,0,,,,
CUST_00251,PRDT_048,2026-06-29 21:03:00,ORD_001718,20.5,0,,,,
CUST_04347,PRDT_181,2026-07-09 11:56:00,ORD_001719,467.86,0,,,,
CUST_00732,PRDT_184,2026-08-27 09:00:00,ORD_001720,122.54,0,,,,
CUST_04813,PRDT_059,2026-06-08 09:49:00,ORD_001721,53.89,0,,,,
CUST_03883,PRDT_187,2026-07-04 17:49:00,ORD_001722,299.06,0,,,,
CUST_04548,PRDT_109,2026-06-18 11:19:00,ORD_001723,220.57,0,,,,
CUST_01612,PRDT_091,2026-06-11 14:04:00,ORD_001724,239.85,0,,,,
CUST_04371,PRDT_197,2026-08-02 16:21:00,ORD_001725,197.74,0,,,,
CUST_03134,PRDT_145,2026-08-04 11:33:00,ORD_001726,1240.47,0,,,,
CUST_01080,PRDT_031,2026-08-03 04:02:00,ORD_001727,851.35,0,,,,
CUST_03397,PRDT_172,2026-06-25 23:29:00,ORD_001728,187.76,0,,,,
CUST_02093,PRDT_084,2026-08-28 19:06:00,ORD_001729,706.5,0,,,,
CUST_00648,PRDT_101,2026-08-08 10:25:00,ORD_001730,1215.68,0,,,,
CUST_04070,PRDT_034,2026-06-29 11:10:00,ORD_001731,159.73,0,,,,
CUST_03655,PRDT_197,2026-06-04 12:53:00,ORD_001732,197.74,0,,,,
CUST_02409,PRDT_069,2026-07-05 17:35:00,ORD_001733,148.6,0,,,,
CUST_02480,PRDT_120,2026-08-27 00:40:00,ORD_001734,135.63,0,,,,
CUST_01839,PRDT_170,2026-07-09 15:49:00,ORD_001735,169.92,0,,,,
CUST_04193,PRDT_176,2026-08-17 02:09:00,ORD_001736,49.82,0,,,,
CUST_00246,PRDT_058,2026-06-09 17:32:00,ORD_001737,64.28,0,,,,
CUST_00344,PRDT_057,2026-07-13 12:09:00,ORD_001738,1831.39,0,,,,
CUST_02993,PRDT_107,2026-07-11 12:52:00,ORD_001739,1947.77,0,,,,
CUST_00101,PRDT_133,2026-08-17 06:30:00,ORD_001740,523.34,0,,,,
CUST_00727,PRDT_027,2026-08-29 16:22:00,ORD_001741,183.0,0,,,,
CUST_03570,PRDT_046,2026-06-06 16:32:00,ORD_001742,331.76,0,,,,
CUST_01911,PRDT_182,2026-08-24 08:11:00,ORD_001743,987.5,0,,,,
CUST_02685,PRDT_132,2026-08-12 04:38:00,ORD_001744,287.93,0,,,,
CUST_04575,PRDT_089,2026-07-03 20:23:00,ORD_001745,214.08,0,,,,
CUST_03938,PRDT_182,2026-08-16 13:24:00,ORD_001746,987.5,0,,,,
CUST_01761,PRDT_105,2026-07-13 19:26:00,ORD_001747,149.47,0,,,,
CUST_01113,PRDT_069,2026-07-18 14:48:00,ORD_001748,148.6,0,,,,
CUST_00400,PRDT_010,2026-06-13 01:43:00,ORD_001749,115.38,0,,,,
CUST_01296,PRDT_052,2026-07-07 18:19:00,ORD_001750,55.84,0,,,,
CUST_03503,PRDT_092,2026-07-30 02:22:00,ORD_001751,136.97,0,,,,
CUST_04989,PRDT_096,2026-07-09 15:00:00,ORD_001752,63.76,0,,,,
CUST_02134,PRDT_147,2026-07-10 07:11:00,ORD_001753,307.76,0,,,,
CUST_03440,PRDT_100,2026-08-06 01:19:00,ORD_001754,2387.01,0,,,,
CUST_04821,PRDT_110,2026-08-17 05:59:00,ORD_001755,485.27,0,,,,
CUST_01189,PRDT_036,2026-06-21 20:56:00,ORD_001756,191.64,0,,,,
CUST_03354,PRDT_046,2026-06-30 16:08:00,ORD_001757,331.76,0,,,,
CUST_04787,PRDT_138,2026-07-26 23:28:00,ORD_001758,94.29,0,,,,
CUST_03254,PRDT_045,2026-07-23 23:36:00,ORD_001759,143.89,0,,,,
CUST_02557,PRDT_029,2026-07-19 17:26:00,ORD_001760,52.3,0,,,,
CUST_03719,PRDT_064,2026-08-28 02:54:00,ORD_001761,482.29,0,,,,
CUST_02634,PRDT_138,2026-08-26 05:34:00,ORD_001762,94.29,0,,,,
CUST_00782,PRDT_140,2026-07-19 04:01:00,ORD_001763,2011.11,0,,,,
CUST_04410,PRDT_035,2026-07-18 08:16:00,ORD_001764,2382.17,0,,,,
CUST_03763,PRDT_014,2026-07-21 16:27:00,ORD_001765,319.34,0,,,,
CUST_03283,PRDT_122,2026-07-09 14:13:00,ORD_001766,303.21,0,,,,
CUST_00237,PRDT_181,2026-08-18 17:24:00,ORD_001767,467.86,0,,,,
CUST_03881,PRDT_041,2026-07-01 23:16:00,ORD_001768,94.54,0,,,,
CUST_01040,PRDT_030,2026-06-17 09:19:00,ORD_001769,282.03,0,,,,
CUST_00599,PRDT_149,2026-07-05 10:32:00,ORD_001770,115.45,0,,,,
CUST_00416,PRDT_160,2026-08-19 05:16:00,ORD_001771,41.61,0,,,,
CUST_01766,PRDT_148,2026-07-30 03:44:00,ORD_001772,1509.58,0,,,,
CUST_03739,PRDT_006,2026-06-21 22:06:00,ORD_001773,1779.93,0,,,,
CUST_02205,PRDT_047,2026-06-22 03:18:00,ORD_001774,147.72,0,,,,
CUST_03016,PRDT_134,2026-06-08 17:05:00,ORD_001775,1093.53,0,,,,
CUST_00508,PRDT_049,2026-06-13 11:39:00,ORD_001776,124.11,0,,,,
CUST_01040,PRDT_141,2026-06-11 02:03:00,ORD_001777,2127.86,0,,,,
CUST_00452,PRDT_133,2026-07-15 02:15:00,ORD_001778,523.34,0,,,,
CUST_04268,PRDT_034,2026-08-28 15:52:00,ORD_001779,159.73,0,,,,
CUST_04319,PRDT_027,2026-06-04 06:53:00,ORD_001780,183.0,0,,,,
CUST_01960,PRDT_082,2026-08-10 02:28:00,ORD_001781,894.63,0,,,,
CUST_02726,PRDT_105,2026-06-25 16:44:00,ORD_001782,149.47,0,,,,
CUST_02058,PRDT_162,2026-06-17 03:12:00,ORD_001783,58.28,0,,,,
CUST_04174,PRDT_093,2026-07-09 17:24:00,ORD_001784,1413.29,0,,,,
CUST_00744,PRDT_053,2026-07-10 04:24:00,ORD_001785,160.29,0,,,,
CUST_02361,PRDT_105,2026-06-05 07:06:00,ORD_001786,149.47,0,,,,
CUST_04773,PRDT_026,2026-06-14 23:19:00,ORD_001787,1433.89,0,,,,
CUST_03384,PRDT_024,2026-07-30 19:51:00,ORD_001788,1764.52,0,,,,
CUST_01929,PRDT_109,2026-07-26 21:26:00,ORD_001789,220.57,0,,,,
CUST_03250,PRDT_024,2026-06-15 04:00:00,ORD_001790,1764.52,0,,,,
CUST_00540,PRDT_033,2026-06-29 08:28:00,ORD_001791,108.92,0,,,,
CUST_02060,PRDT_094,2026-06-09 08:56:00,ORD_001792,130.86,0,,,,
CUST_02636,PRDT_184,2026-08-19 21:36:00,ORD_001793,122.54,0,,,,
CUST_03669,PRDT_013,2026-08-01 21:51:00,ORD_001794,101.28,0,,,,
CUST_01433,PRDT_094,2026-08-27 13:32:00,ORD_001795,130.86,0,,,,
CUST_00348,PRDT_006,2026-08-05 14:28:00,ORD_001796,1779.93,0,,,,
CUST_03688,PRDT_006,2026-07-31 05:21:00,ORD_001797,1779.93,0,,,,
CUST_01011,PRDT_153,2026-06-04 13:23:00,ORD_001798,90.83,0,,,,
CUST_01349,PRDT_036,2026-08-23 04:20:00,ORD_001799,191.64,0,,,,
CUST_01947,PRDT_084,2026-06-24 09:00:00,ORD_001800,706.5,0,,,,
CUST_01606,PRDT_090,2026-08-28 14:15:00,ORD_001801,661.38,0,,,,
CUST_04217,PRDT_058,2026-08-15 05:47:00,ORD_001802,64.28,0,,,,
CUST_04615,PRDT_048,2026-06-30 17:32:00,ORD_001803,20.5,0,,,,
CUST_00817,PRDT_126,2026-07-06 05:05:00,ORD_001804,1380.0,0,,,,
CUST_03356,PRDT_184,2026-06-05 21:14:00,ORD_001805,122.54,0,,,,
CUST_04645,PRDT_149,2026-06-17 22:26:00,ORD_001806,115.45,0,,,,
CUST_00305,PRDT_058,2026-06-09 05:35:00,ORD_001807,64.28,0,,,,
CUST_04160,PRDT_013,2026-08-21 10:09:00,ORD_001808,101.28,0,,,,
CUST_00325,PRDT_098,2026-07-09 22:02:00,ORD_001809,112.97,0,,,,
CUST_03220,PRDT_133,2026-07-03 21:45:00,ORD_001810,523.34,0,,,,
CUST_04892,PRDT_082,2026-07-31 10:47:00,ORD_001811,894.63,0,,,,
CUST_00278,PRDT_028,2026-08-25 22:23:00,ORD_001812,947.88,0,,,,
CUST_00056,PRDT_126,2026-06-04 03:12:00,ORD_001813,1380.0,0,,,,
CUST_04488,PRDT_027,2026-08-20 03:20:00,ORD_001814,183.0,0,,,,
CUST_00044,PRDT_189,2026-08-06 00:40:00,ORD_001815,142.49,0,,,,
CUST_00453,PRDT_154,2026-07-13 03:56:00,ORD_001816,25.64,0,,,,
CUST_03553,PRDT_003,2026-06-16 20:42:00,ORD_001817,190.19,0,,,,
CUST_01107,PRDT_186,2026-08-06 21:44:00,ORD_001818,70.61,0,,,,
CUST_04586,PRDT_065,2026-08-15 19:19:00,ORD_001819,142.85,0,,,,
CUST_02254,PRDT_102,2026-06-27 12:49:00,ORD_001820,41.66,0,,,,
CUST_02763,PRDT_161,2026-08-28 12:46:00,ORD_001821,131.9,0,,,,
CUST_00025,PRDT_113,2026-07-14 17:55:00,ORD_001822,1326.93,0,,,,
CUST_00883,PRDT_091,2026-08-14 01:51:00,ORD_001823,239.85,0,,,,
CUST_00524,PRDT_044,2026-08-12 09:22:00,ORD_001824,331.84,0,,,,
CUST_04984,PRDT_094,2026-06-21 06:21:00,ORD_001825,130.86,0,,,,
CUST_01413,PRDT_196,2026-07-20 15:30:00,ORD_001826,141.04,0,,,,
CUST_00706,PRDT_046,2026-08-24 04:07:00,ORD_001827,331.76,0,,,,
CUST_00836,PRDT_134,2026-06-17 03:02:00,ORD_001828,1093.53,0,,,,
CUST_04342,PRDT_013,2026-08-15 22:16:00,ORD_001829,101.28,0,,,,
CUST_04008,PRDT_093,2026-08-27 23:29:00,ORD_001830,1413.29,0,,,,
CUST_02138,PRDT_045,2026-06-29 17:18:00,ORD_001831,143.89,0,,,,
CUST_04607,PRDT_083,2026-06-14 21:23:00,ORD_001832,131.69,0,,,,
CUST_01355,PRDT_042,2026-06-05 06:58:00,ORD_001833,36.71,0,,,,
CUST_03945,PRDT_177,2026-08-22 16:36:00,ORD_001834,54.57,0,,,,
CUST_04121,PRDT_161,2026-08-21 11:58:00,ORD_001835,131.9,0,,,,
CUST_00035,PRDT_101,2026-07-18 01:46:00,ORD_001836,1215.68,0,,,,
CUST_01123,PRDT_142,2026-07-18 21:30:00,ORD_001837,1962.84,0,,,,
CUST_03211,PRDT_196,2026-08-16 20:55:00,ORD_001838,141.04,0,,,,
CUST_03826,PRDT_183,2026-06-10 10:32:00,ORD_001839,73.46,0,,,,
CUST_02849,PRDT_195,2026-07-01 05:42:00,ORD_001840,414.28,0,,,,
CUST_04394,PRDT_026,2026-08-12 07:41:00,ORD_001841,1433.89,0,,,,
CUST_01048,PRDT_021,2026-07-25 08:20:00,ORD_001842,204.62,0,,,,
CUST_02505,PRDT_155,2026-06-09 06:38:00,ORD_001843,279.65,0,,,,
CUST_00741,PRDT_003,2026-08-25 22:57:00,ORD_001844,190.19,0,,,,
CUST_00074,PRDT_173,2026-07-23 18:09:00,ORD_001845,109.75,0,,,,
CUST_04479,PRDT_064,2026-08-06 20:04:00,ORD_001846,482.29,0,,,,
CUST_02330,PRDT_009,2026-07-14 06:22:00,ORD_001847,13.34,0,,,,
CUST_04191,PRDT_008,2026-08-11 00:07:00,ORD_001848,114.91,0,,,,
CUST_03555,PRDT_056,2026-06-05 20:22:00,ORD_001849,134.06,0,,,,
CUST_02845,PRDT_171,2026-06-17 23:53:00,ORD_001850,338.78,0,,,,
CUST_03575,PRDT_158,2026-07-02 20:43:00,ORD_001851,154.31,0,,,,
CUST_03572,PRDT_013,2026-08-13 20:44:00,ORD_001852,101.28,0,,,,
CUST_03171,PRDT_066,2026-08-27 10:38:00,ORD_001853,2431.92,0,,,,
CUST_03549,PRDT_184,2026-07-06 02:08:00,ORD_001854,122.54,0,,,,
CUST_01957,PRDT_095,2026-07-10 07:35:00,ORD_001855,574.9,0,,,,
CUST_00486,PRDT_027,2026-06-04 13:41:00,ORD_001856,183.0,0,,,,
CUST_02459,PRDT_186,2026-06-12 09:57:00,ORD_001857,70.61,0,,,,
CUST_01304,PRDT_141,2026-08-02 04:44:00,ORD_001858,2127.86,0,,,,
CUST_01215,PRDT_029,2026-06-10 07:54:00,ORD_001859,52.3,0,,,,
CUST_03746,PRDT_150,2026-07-15 15:51:00,ORD_001860,124.27,0,,,,
CUST_01247,PRDT_080,2026-07-09 22:49:00,ORD_001861,509.71,0,,,,
CUST_01644,PRDT_133,2026-06-25 00:01:00,ORD_001862,523.34,0,,,,
CUST_04425,PRDT_182,2026-06-24 23:49:00,ORD_001863,987.5,0,,,,
CUST_00221,PRDT_168,2026-06-28 00:16:00,ORD_001864,2413.28,0,,,,
CUST_01763,PRDT_181,2026-06-06 07:31:00,ORD_001865,467.86,0,,,,
CUST_04995,PRDT_144,2026-06-25 22:45:00,ORD_001866,22.81,0,,,,
CUST_01829,PRDT_128,2026-08-24 01:40:00,ORD_001867,655.28,0,,,,
CUST_03355,PRDT_108,2026-06-26 03:05:00,ORD_001868,90.97,0,,,,
CUST_04655,PRDT_125,2026-08-11 21:59:00,ORD_001869,85.5,0,,,,
CUST_01183,PRDT_075,2026-08-12 06:21:00,ORD_001870,218.77,0,,,,
CUST_02041,PRDT_083,2026-07-29 06:55:00,ORD_001871,131.69,0,,,,
CUST_00267,PRDT_110,2026-07-07 07:00:00,ORD_001872,485.27,0,,,,
CUST_03237,PRDT_037,2026-07-03 02:54:00,ORD_001873,349.54,0,,,,
CUST_01109,PRDT_071,2026-07-11 02:24:00,ORD_001874,159.75,0,,,,
CUST_02878,PRDT_076,2026-07-22 08:05:00,ORD_001875,1579.92,0,,,,
CUST_01766,PRDT_008,2026-06-26 03:15:00,ORD_001876,114.91,0,,,,
CUST_00487,PRDT_040,2026-08-03 07:07:00,ORD_001877,1080.32,0,,,,
CUST_03185,PRDT_009,2026-07-21 10:32:00,ORD_001878,13.34,0,,,,
CUST_02906,PRDT_076,2026-07-15 17:48:00,ORD_001879,1579.92,0,,,,
CUST_02255,PRDT_004,2026-06-20 10:42:00,ORD_001880,102.98,0,,,,
CUST_02124,PRDT_134,2026-06-23 21:05:00,ORD_001881,1093.53,0,,,,
CUST_00402,PRDT_019,2026-07-04 15:47:00,ORD_001882,8.35,0,,,,
CUST_01735,PRDT_137,2026-06-23 18:57:00,ORD_001883,110.22,0,,,,
CUST_03260,PRDT_003,2026-08-09 03:16:00,ORD_001884,190.19,0,,,,
CUST_03428,PRDT_015,2026-06-16 04:57:00,ORD_001885,55.78,0,,,,
CUST_00218,PRDT_131,2026-07-31 03:05:00,ORD_001886,163.64,0,,,,
CUST_03636,PRDT_104,2026-08-28 08:34:00,ORD_001887,487.9,0,,,,
CUST_02512,PRDT_009,2026-07-25 06:21:00,ORD_001888,13.34,0,,,,
CUST_04609,PRDT_002,2026-06-05 17:49:00,ORD_001889,89.49,0,,,,
CUST_04327,PRDT_145,2026-06-11 04:09:00,ORD_001890,1240.47,0,,,,
CUST_03426,PRDT_024,2026-06-02 00:28:00,ORD_001891,1764.52,0,,,,
CUST_00805,PRDT_091,2026-06-24 16:30:00,ORD_001892,239.85,0,,,,
CUST_00745,PRDT_045,2026-08-18 18:37:00,ORD_001893,143.89,0,,,,
CUST_04515,PRDT_142,2026-06-17 11:50:00,ORD_001894,1962.84,0,,,,
CUST_02565,PRDT_022,2026-08-11 14:44:00,ORD_001895,101.95,0,,,,
CUST_03286,PRDT_019,2026-07-04 00:53:00,ORD_001896,8.35,0,,,,
CUST_02521,PRDT_138,2026-08-29 23:10:00,ORD_001897,94.29,0,,,,
CUST_03481,PRDT_136,2026-08-02 04:14:00,ORD_001898,74.62,0,,,,
CUST_03040,PRDT_158,2026-06-14 09:22:00,ORD_001899,154.31,0,,,,
CUST_04458,PRDT_159,2026-08-09 10:02:00,ORD_001900,29.81,0,,,,
CUST_01724,PRDT_171,2026-06-11 01:47:00,ORD_001901,338.78,0,,,,
CUST_02653,PRDT_043,2026-07-22 18:51:00,ORD_001902,98.85,0,,,,
CUST_03754,PRDT_180,2026-06-23 15:41:00,ORD_001903,121.51,0,,,,
CUST_04742,PRDT_108,2026-08-27 23:46:00,ORD_001904,90.97,0,,,,
CUST_03015,PRDT_171,2026-08-22 00:04:00,ORD_001905,338.78,0,,,,
CUST_03922,PRDT_065,2026-08-11 13:58:00,ORD_001906,142.85,0,,,,
CUST_01028,PRDT_100,2026-07-12 02:54:00,ORD_001907,2387.01,0,,,,
CUST_03067,PRDT_074,2026-06-12 11:51:00,ORD_001908,151.43,0,,,,
CUST_02342,PRDT_166,2026-06-21 13:17:00,ORD_001909,160.57,0,,,,
CUST_02723,PRDT_178,2026-07-29 09:25:00,ORD_001910,668.45,0,,,,
CUST_03040,PRDT_029,2026-08-24 01:17:00,ORD_001911,52.3,0,,,,
CUST_01308,PRDT_181,2026-06-27 16:36:00,ORD_001912,467.86,0,,,,
CUST_02517,PRDT_075,2026-06-02 16:06:00,ORD_001913,218.77,0,,,,
CUST_03834,PRDT_077,2026-06-22 20:33:00,ORD_001914,901.05,0,,,,
CUST_01953,PRDT_063,2026-08-09 23:16:00,ORD_001915,375.93,0,,,,
CUST_01319,PRDT_179,2026-07-17 06:11:00,ORD_001916,55.69,0,,,,
CUST_01812,PRDT_120,2026-07-29 15:08:00,ORD_001917,135.63,0,,,,
CUST_01074,PRDT_177,2026-07-07 05:27:00,ORD_001918,54.57,0,,,,
CUST_04648,PRDT_110,2026-07-15 11:37:00,ORD_001919,485.27,0,,,,
CUST_01789,PRDT_145,2026-06-23 19:30:00,ORD_001920,1240.47,0,,,,
CUST_04046,PRDT_152,2026-07-27 04:50:00,ORD_001921,922.81,0,,,,
CUST_00026,PRDT_127,2026-07-18 21:21:00,ORD_001922,1642.97,0,,,,
CUST_01059,PRDT_064,2026-07-02 05:35:00,ORD_001923,482.29,0,,,,
CUST_04224,PRDT_092,2026-08-26 08:41:00,ORD_001924,136.97,0,,,,
CUST_04982,PRDT_083,2026-07-07 04:44:00,ORD_001925,131.69,0,,,,
CUST_01992,PRDT_040,2026-08-13 13:38:00,ORD_001926,1080.32,0,,,,
CUST_00125,PRDT_009,2026-06-04 20:32:00,ORD_001927,13.34,0,,,,
CUST_01558,PRDT_131,2026-07-30 18:12:00,ORD_001928,163.64,0,,,,
CUST_00023,PRDT_190,2026-06-02 05:22:00,ORD_001929,303.15,0,,,,
CUST_03772,PRDT_104,2026-06-24 16:06:00,ORD_001930,487.9,0,,,,
CUST_03279,PRDT_182,2026-08-25 10:34:00,ORD_001931,987.5,0,,,,
CUST_03351,PRDT_083,2026-06-05 17:06:00,ORD_001932,131.69,0,,,,
CUST_04801,PRDT_160,2026-07-05 03:01:00,ORD_001933,41.61,0,,,,
CUST_01684,PRDT_067,2026-06-05 15:20:00,ORD_001934,1550.74,0,,,,
CUST_02330,PRDT_049,2026-08-07 06:00:00,ORD_001935,124.11,0,,,,
CUST_04207,PRDT_120,2026-08-22 02:31:00,ORD_001936,135.63,0,,,,
CUST_00130,PRDT_126,2026-08-17 06:59:00,ORD_001937,1380.0,0,,,,
CUST_02819,PRDT_127,2026-08-03 03:49:00,ORD_001938,1642.97,0,,,,
CUST_00628,PRDT_168,2026-08-28 15:01:00,ORD_001939,2413.28,0,,,,
CUST_01044,PRDT_165,2026-08-06 02:55:00,ORD_001940,166.0,0,,,,
CUST_02924,PRDT_138,2026-08-01 15:30:00,ORD_001941,94.29,0,,,,
CUST_01546,PRDT_084,2026-06-26 09:21:00,ORD_001942,706.5,0,,,,
CUST_00541,PRDT_177,2026-07-20 07:54:00,ORD_001943,54.57,0,,,,
CUST_04800,PRDT_159,2026-07-01 13:55:00,ORD_001944,29.81,0,,,,
CUST_00279,PRDT_173,2026-06-08 22:20:00,ORD_001945,109.75,0,,,,
CUST_04667,PRDT_176,2026-06-26 23:22:00,ORD_001946,49.82,0,,,,
CUST_02334,PRDT_039,2026-07-09 17:14:00,ORD_001947,246.26,0,,,,
CUST_02756,PRDT_091,2026-08-26 09:13:00,ORD_001948,239.85,0,,,,
CUST_04632,PRDT_066,2026-08-28 17:42:00,ORD_001949,2431.92,0,,,,
CUST_00595,PRDT_016,2026-08-24 07:34:00,ORD_001950,114.08,0,,,,
CUST_00325,PRDT_187,2026-08-25 19:15:00,ORD_001951,299.06,0,,,,
CUST_03469,PRDT_006,2026-07-27 20:32:00,ORD_001952,1779.93,0,,,,
CUST_00014,PRDT_139,2026-06-19 16:00:00,ORD_001953,230.06,0,,,,
CUST_00196,PRDT_088,2026-06-24 22:52:00,ORD_001954,384.25,0,,,,
CUST_00836,PRDT_022,2026-07-02 18:25:00,ORD_001955,101.95,0,,,,
CUST_01280,PRDT_143,2026-07-17 02:48:00,ORD_001956,108.54,0,,,,
CUST_01859,PRDT_068,2026-06-21 03:39:00,ORD_001957,750.51,0,,,,
CUST_02215,PRDT_142,2026-08-17 18:24:00,ORD_001958,1962.84,0,,,,
CUST_04734,PRDT_054,2026-08-16 01:36:00,ORD_001959,1106.76,0,,,,
CUST_01561,PRDT_200,2026-08-03 10:15:00,ORD_001960,689.76,0,,,,
CUST_04231,PRDT_031,2026-08-22 01:40:00,ORD_001961,851.35,0,,,,
CUST_00360,PRDT_014,2026-07-14 17:19:00,ORD_001962,319.34,0,,,,
CUST_03374,PRDT_127,2026-07-06 19:25:00,ORD_001963,1642.97,0,,,,
CUST_00537,PRDT_111,2026-07-08 11:08:00,ORD_001964,1094.44,0,,,,
CUST_03996,PRDT_010,2026-06-02 05:55:00,ORD_001965,115.38,0,,,,
CUST_00752,PRDT_116,2026-07-23 14:58:00,ORD_001966,48.93,0,,,,
CUST_02053,PRDT_139,2026-06-07 20:45:00,ORD_001967,230.06,0,,,,
CUST_04411,PRDT_065,2026-06-21 18:37:00,ORD_001968,142.85,0,,,,
CUST_02117,PRDT_150,2026-08-11 09:11:00,ORD_001969,124.27,0,,,,
CUST_02466,PRDT_006,2026-06-15 16:46:00,ORD_001970,1779.93,0,,,,
CUST_00722,PRDT_048,2026-08-28 06:56:00,ORD_001971,20.5,0,,,,
CUST_04133,PRDT_159,2026-06-29 09:12:00,ORD_001972,29.81,0,,,,
CUST_03836,PRDT_018,2026-06-30 10:18:00,ORD_001973,76.3,0,,,,
CUST_00998,PRDT_182,2026-08-23 03:22:00,ORD_001974,987.5,0,,,,
CUST_01021,PRDT_110,2026-06-30 19:22:00,ORD_001975,485.27,0,,,,
CUST_00852,PRDT_165,2026-08-23 22:49:00,ORD_001976,166.0,0,,,,
CUST_04893,PRDT_045,2026-06-26 19:13:00,ORD_001977,143.89,0,,,,
CUST_01592,PRDT_094,2026-08-23 12:17:00,ORD_001978,130.86,0,,,,
CUST_03921,PRDT_148,2026-06-02 19:51:00,ORD_001979,1509.58,0,,,,
CUST_00027,PRDT_135,2026-07-21 16:57:00,ORD_001980,185.09,0,,,,
CUST_02794,PRDT_088,2026-07-18 11:15:00,ORD_001981,384.25,0,,,,
CUST_01790,PRDT_175,2026-08-06 17:03:00,ORD_001982,167.54,0,,,,
CUST_04270,PRDT_030,2026-07-18 04:02:00,ORD_001983,282.03,0,,,,
CUST_04137,PRDT_126,2026-07-16 09:43:00,ORD_001984,1380.0,0,,,,
CUST_03460,PRDT_148,2026-07-04 14:50:00,ORD_001985,1509.58,0,,,,
CUST_03697,PRDT_045,2026-07-09 20:44:00,ORD_001986,143.89,0,,,,
CUST_04468,PRDT_009,2026-08-20 06:16:00,ORD_001987,13.34,0,,,,
CUST_00882,PRDT_041,2026-08-14 20:25:00,ORD_001988,94.54,0,,,,
CUST_02432,PRDT_145,2026-08-14 03:29:00,ORD_001989,1240.47,0,,,,
CUST_01152,PRDT_190,2026-06-01 13:59:00,ORD_001990,303.15,0,,,,
CUST_01818,PRDT_098,2026-06-19 23:34:00,ORD_001991,112.97,0,,,,
CUST_01868,PRDT_055,2026-07-26 02:33:00,ORD_001992,132.87,0,,,,
CUST_03541,PRDT_081,2026-07-01 12:13:00,ORD_001993,103.77,0,,,,
CUST_04491,PRDT_045,2026-07-02 16:02:00,ORD_001994,143.89,0,,,,
CUST_03861,PRDT_084,2026-08-09 18:55:00,ORD_001995,706.5,0,,,,
CUST_04319,PRDT_053,2026-07-03 08:39:00,ORD_001996,160.29,0,,,,
CUST_00223,PRDT_047,2026-07-04 13:13:00,ORD_001997,147.72,0,,,,
CUST_04588,PRDT_167,2026-08-26 14:01:00,ORD_001998,187.29,0,,,,
CUST_00195,PRDT_016,2026-06-23 18:51:00,ORD_001999,114.08,0,,,,
CUST_00169,PRDT_123,2026-07-04 09:30:00,ORD_002000,69.74,0,,,,
CUST_02104,PRDT_161,2026-07-14 21:54:00,ORD_002001,131.9,0,,,,
CUST_02079,PRDT_069,2026-07-31 22:53:00,ORD_002002,148.6,0,,,,
CUST_01357,PRDT_091,2026-06-21 11:32:00,ORD_002003,239.85,0,,,,
CUST_00068,PRDT_015,2026-08-18 08:09:00,ORD_002004,55.78,0,,,,
CUST_01503,PRDT_050,2026-06-02 23:10:00,ORD_002005,850.64,0,,,,
CUST_03913,PRDT_146,2026-08-28 20:55:00,ORD_002006,254.53,0,,,,
CUST_02431,PRDT_135,2026-07-02 08:08:00,ORD_002007,185.09,0,,,,
CUST_04154,PRDT_048,2026-07-21 08:03:00,ORD_002008,20.5,0,,,,
CUST_00777,PRDT_071,2026-08-08 10:16:00,ORD_002009,159.75,0,,,,
CUST_00215,PRDT_194,2026-08-19 15:36:00,ORD_002010,229.6,0,,,,
CUST_02273,PRDT_185,2026-06-27 06:57:00,ORD_002011,103.16,0,,,,
CUST_01389,PRDT_117,2026-08-29 14:38:00,ORD_002012,715.65,0,,,,
CUST_04797,PRDT_129,2026-07-22 18:22:00,ORD_002013,1887.18,0,,,,
CUST_02358,PRDT_076,2026-08-01 05:32:00,ORD_002014,1579.92,0,,,,
CUST_02354,PRDT_166,2026-06-04 01:57:00,ORD_002015,160.57,0,,,,
CUST_01239,PRDT_170,2026-08-11 09:20:00,ORD_002016,169.92,0,,,,
CUST_00514,PRDT_134,2026-08-17 00:26:00,ORD_002017,1093.53,0,,,,
CUST_04247,PRDT_069,2026-07-22 22:24:00,ORD_002018,148.6,0,,,,
CUST_02369,PRDT_155,2026-07-03 02:42:00,ORD_002019,279.65,0,,,,
CUST_03710,PRDT_174,2026-08-16 04:32:00,ORD_002020,1758.38,0,,,,
CUST_04931,PRDT_172,2026-08-19 21:54:00,ORD_002021,187.76,0,,,,
CUST_00613,PRDT_121,2026-06-09 00:28:00,ORD_002022,84.98,0,,,,
CUST_01166,PRDT_162,2026-08-27 15:14:00,ORD_002023,58.28,0,,,,
CUST_01201,PRDT_100,2026-08-27 08:58:00,ORD_002024,2387.01,0,,,,
CUST_02834,PRDT_058,2026-07-18 12:01:00,ORD_002025,64.28,0,,,,
CUST_01862,PRDT_183,2026-06-25 07:14:00,ORD_002026,73.46,0,,,,
CUST_03640,PRDT_146,2026-07-18 01:50:00,ORD_002027,254.53,0,,,,
CUST_01591,PRDT_046,2026-08-25 11:52:00,ORD_002028,331.76,0,,,,
CUST_00817,PRDT_057,2026-07-08 01:39:00,ORD_002029,1831.39,0,,,,
CUST_01915,PRDT_025,2026-07-05 10:37:00,ORD_002030,52.59,0,,,,
CUST_02630,PRDT_124,2026-08-13 08:49:00,ORD_002031,2248.76,0,,,,
CUST_03194,PRDT_085,2026-07-09 21:59:00,ORD_002032,169.89,0,,,,
CUST_02811,PRDT_143,2026-08-23 02:34:00,ORD_002033,108.54,0,,,,
CUST_03979,PRDT_077,2026-06-23 16:33:00,ORD_002034,901.05,0,,,,
CUST_00961,PRDT_060,2026-08-19 18:38:00,ORD_002035,844.85,0,,,,
CUST_01161,PRDT_012,2026-08-25 14:00:00,ORD_002036,68.02,0,,,,
CUST_00089,PRDT_131,2026-07-04 22:40:00,ORD_002037,163.64,0,,,,
CUST_00322,PRDT_008,2026-06-01 14:15:00,ORD_002038,114.91,0,,,,
CUST_01018,PRDT_099,2026-06-09 20:17:00,ORD_002039,100.84,0,,,,
CUST_00987,PRDT_079,2026-08-25 04:09:00,ORD_002040,188.88,0,,,,
CUST_01042,PRDT_116,2026-08-17 18:51:00,ORD_002041,48.93,0,,,,
CUST_03417,PRDT_194,2026-08-07 15:24:00,ORD_002042,229.6,0,,,,
CUST_02330,PRDT_015,2026-06-21 13:28:00,ORD_002043,55.78,0,,,,
CUST_01276,PRDT_120,2026-07-24 08:52:00,ORD_002044,135.63,0,,,,
CUST_00710,PRDT_100,2026-07-10 01:58:00,ORD_002045,2387.01,0,,,,
CUST_00630,PRDT_147,2026-08-02 19:19:00,ORD_002046,307.76,0,,,,
CUST_04500,PRDT_016,2026-08-24 15:04:00,ORD_002047,114.08,0,,,,
CUST_03031,PRDT_186,2026-06-01 22:09:00,ORD_002048,70.61,0,,,,
CUST_00578,PRDT_173,2026-06-15 19:28:00,ORD_002049,109.75,0,,,,
CUST_01418,PRDT_133,2026-08-28 09:57:00,ORD_002050,523.34,0,,,,
CUST_01857,PRDT_086,2026-07-24 00:02:00,ORD_002051,57.99,0,,,,
CUST_02131,PRDT_171,2026-06-16 10:35:00,ORD_002052,338.78,0,,,,
CUST_01216,PRDT_104,2026-07-08 21:46:00,ORD_002053,487.9,0,,,,
CUST_02115,PRDT_173,2026-07-26 19:13:00,ORD_002054,109.75,0,,,,
CUST_00199,PRDT_086,2026-07-26 21:12:00,ORD_002055,57.99,0,,,,
CUST_01285,PRDT_091,2026-07-31 13:54:00,ORD_002056,239.85,0,,,,
CUST_03382,PRDT_107,2026-06-21 03:30:00,ORD_002057,1947.77,0,,,,
CUST_04821,PRDT_135,2026-07-31 04:21:00,ORD_002058,185.09,0,,,,
CUST_00583,PRDT_159,2026-07-01 18:39:00,ORD_002059,29.81,0,,,,
CUST_02843,PRDT_059,2026-07-14 05:59:00,ORD_002060,53.89,0,,,,
CUST_01150,PRDT_050,2026-06-20 17:50:00,ORD_002061,850.64,0,,,,
CUST_02825,PRDT_040,2026-07-25 22:01:00,ORD_002062,1080.32,0,,,,
CUST_01471,PRDT_093,2026-07-31 08:57:00,ORD_002063,1413.29,0,,,,
CUST_01596,PRDT_123,2026-06-14 03:50:00,ORD_002064,69.74,0,,,,
CUST_00518,PRDT_086,2026-08-21 06:22:00,ORD_002065,57.99,0,,,,
CUST_00899,PRDT_175,2026-07-18 23:16:00,ORD_002066,167.54,0,,,,
CUST_01108,PRDT_196,2026-06-05 04:54:00,ORD_002067,141.04,0,,,,
CUST_01294,PRDT_005,2026-08-16 06:33:00,ORD_002068,1485.06,0,,,,
CUST_02181,PRDT_162,2026-07-10 08:41:00,ORD_002069,58.28,0,,,,
CUST_02003,PRDT_152,2026-06-21 14:38:00,ORD_002070,922.81,0,,,,
CUST_00006,PRDT_002,2026-07-12 07:33:00,ORD_002071,89.49,0,,,,
CUST_02279,PRDT_162,2026-08-04 08:07:00,ORD_002072,58.28,0,,,,
CUST_04279,PRDT_106,2026-08-16 03:17:00,ORD_002073,9.19,0,,,,
CUST_04744,PRDT_171,2026-07-03 00:36:00,ORD_002074,338.78,0,,,,
CUST_03772,PRDT_139,2026-06-27 23:41:00,ORD_002075,230.06,0,,,,
CUST_01469,PRDT_133,2026-06-28 09:16:00,ORD_002076,523.34,0,,,,
CUST_03339,PRDT_018,2026-07-12 11:54:00,ORD_002077,76.3,0,,,,
CUST_01397,PRDT_134,2026-08-22 11:35:00,ORD_002078,1093.53,0,,,,
CUST_01641,PRDT_033,2026-07-07 02:55:00,ORD_002079,108.92,0,,,,
CUST_00723,PRDT_109,2026-08-02 15:44:00,ORD_002080,220.57,0,,,,
CUST_02767,PRDT_087,2026-07-22 10:32:00,ORD_002081,27.57,0,,,,
CUST_02566,PRDT_079,2026-08-28 04:32:00,ORD_002082,188.88,0,,,,
CUST_03452,PRDT_013,2026-08-28 07:08:00,ORD_002083,101.28,0,,,,
CUST_04760,PRDT_115,2026-07-16 07:31:00,ORD_002084,1294.79,0,,,,
CUST_04656,PRDT_153,2026-06-24 13:28:00,ORD_002085,90.83,0,,,,
CUST_00087,PRDT_045,2026-07-19 23:28:00,ORD_002086,143.89,0,,,,
CUST_04708,PRDT_033,2026-07-22 00:04:00,ORD_002087,108.92,0,,,,
CUST_01944,PRDT_196,2026-06-06 02:52:00,ORD_002088,141.04,0,,,,
CUST_04701,PRDT_089,2026-08-07 20:11:00,ORD_002089,214.08,0,,,,
CUST_04113,PRDT_171,2026-07-28 01:37:00,ORD_002090,338.78,0,,,,
CUST_02180,PRDT_065,2026-08-02 04:02:00,ORD_002091,142.85,0,,,,
CUST_00871,PRDT_071,2026-06-06 10:50:00,ORD_002092,159.75,0,,,,
CUST_00212,PRDT_104,2026-07-31 12:23:00,ORD_002093,487.9,0,,,,
CUST_03693,PRDT_036,2026-06-05 03:28:00,ORD_002094,191.64,0,,,,
CUST_00630,PRDT_193,2026-07-25 03:32:00,ORD_002095,353.13,0,,,,
CUST_00369,PRDT_015,2026-06-20 13:39:00,ORD_002096,55.78,0,,,,
CUST_02510,PRDT_189,2026-06-04 09:29:00,ORD_002097,142.49,0,,,,
CUST_04294,PRDT_184,2026-07-06 03:45:00,ORD_002098,122.54,0,,,,
CUST_00865,PRDT_092,2026-06-24 16:06:00,ORD_002099,136.97,0,,,,
CUST_01972,PRDT_043,2026-07-16 09:58:00,ORD_002100,98.85,0,,,,
CUST_00239,PRDT_012,2026-07-07 21:55:00,ORD_002101,68.02,0,,,,
CUST_01269,PRDT_106,2026-06-09 14:31:00,ORD_002102,9.19,0,,,,
CUST_01834,PRDT_108,2026-07-30 14:18:00,ORD_002103,90.97,0,,,,
CUST_04055,PRDT_115,2026-08-19 16:20:00,ORD_002104,1294.79,0,,,,
CUST_04560,PRDT_190,2026-06-09 10:59:00,ORD_002105,303.15,0,,,,
CUST_04046,PRDT_058,2026-07-04 10:29:00,ORD_002106,64.28,0,,,,
CUST_00138,PRDT_178,2026-06-16 23:58:00,ORD_002107,668.45,0,,,,
CUST_04257,PRDT_148,2026-08-06 20:31:00,ORD_002108,1509.58,0,,,,
CUST_00119,PRDT_069,2026-06-06 02:47:00,ORD_002109,148.6,0,,,,
CUST_03298,PRDT_059,2026-06-03 04:02:00,ORD_002110,53.89,0,,,,
CUST_03750,PRDT_183,2026-08-01 02:31:00,ORD_002111,73.46,0,,,,
CUST_03833,PRDT_059,2026-08-23 19:21:00,ORD_002112,53.89,0,,,,
CUST_03186,PRDT_071,2026-07-30 01:35:00,ORD_002113,159.75,0,,,,
CUST_00699,PRDT_193,2026-07-09 22:39:00,ORD_002114,353.13,0,,,,
CUST_00029,PRDT_009,2026-07-09 09:38:00,ORD_002115,13.34,0,,,,
CUST_02715,PRDT_014,2026-06-13 19:16:00,ORD_002116,319.34,0,,,,
CUST_01044,PRDT_116,2026-08-10 08:11:00,ORD_002117,48.93,0,,,,
CUST_02123,PRDT_141,2026-08-06 09:50:00,ORD_002118,2127.86,0,,,,
CUST_03108,PRDT_102,2026-07-30 05:25:00,ORD_002119,41.66,0,,,,
CUST_01395,PRDT_047,2026-08-18 11:39:00,ORD_002120,147.72,0,,,,
CUST_00589,PRDT_198,2026-08-25 11:52:00,ORD_002121,255.77,0,,,,
CUST_03392,PRDT_129,2026-07-27 08:17:00,ORD_002122,1887.18,0,,,,
CUST_02011,PRDT_192,2026-07-24 22:12:00,ORD_002123,34.45,0,,,,
CUST_02973,PRDT_080,2026-08-27 11:58:00,ORD_002124,509.71,0,,,,
CUST_01490,PRDT_025,2026-07-27 09:38:00,ORD_002125,52.59,0,,,,
CUST_00905,PRDT_079,2026-06-23 15:00:00,ORD_002126,188.88,0,,,,
CUST_02556,PRDT_055,2026-06-16 19:22:00,ORD_002127,132.87,0,,,,
CUST_03569,PRDT_120,2026-06-06 06:40:00,ORD_002128,135.63,0,,,,
CUST_01074,PRDT_159,2026-06-09 20:07:00,ORD_002129,29.81,0,,,,
CUST_04255,PRDT_089,2026-08-27 03:03:00,ORD_002130,214.08,0,,,,
CUST_00808,PRDT_102,2026-08-09 14:35:00,ORD_002131,41.66,0,,,,
CUST_04473,PRDT_057,2026-06-03 09:10:00,ORD_002132,1831.39,0,,,,
CUST_04407,PRDT_040,2026-06-16 18:55:00,ORD_002133,1080.32,0,,,,
CUST_01618,PRDT_038,2026-08-24 19:49:00,ORD_002134,102.73,0,,,,
CUST_01622,PRDT_076,2026-08-19 19:40:00,ORD_002135,1579.92,0,,,,
CUST_03890,PRDT_089,2026-08-03 15:08:00,ORD_002136,214.08,0,,,,
CUST_01679,PRDT_175,2026-06-15 21:18:00,ORD_002137,167.54,0,,,,
CUST_00952,PRDT_113,2026-08-26 20:02:00,ORD_002138,1326.93,0,,,,
CUST_01318,PRDT_078,2026-08-09 22:54:00,ORD_002139,71.19,0,,,,
CUST_02002,PRDT_170,2026-07-28 14:05:00,ORD_002140,169.92,0,,,,
CUST_01306,PRDT_200,2026-08-20 20:53:00,ORD_002141,689.76,0,,,,
CUST_00598,PRDT_008,2026-07-13 18:22:00,ORD_002142,114.91,0,,,,
CUST_04619,PRDT_030,2026-06-03 10:41:00,ORD_002143,282.03,0,,,,
CUST_03918,PRDT_106,2026-08-17 00:03:00,ORD_002144,9.19,0,,,,
CUST_02694,PRDT_117,2026-06-07 09:55:00,ORD_002145,715.65,0,,,,
CUST_04624,PRDT_061,2026-08-11 11:20:00,ORD_002146,1100.76,0,,,,
CUST_03812,PRDT_189,2026-07-03 21:20:00,ORD_002147,142.49,0,,,,
CUST_01679,PRDT_036,2026-07-27 16:51:00,ORD_002148,191.64,0,,,,
CUST_02719,PRDT_004,2026-08-03 15:31:00,ORD_002149,102.98,0,,,,
CUST_01837,PRDT_140,2026-07-06 07:55:00,ORD_002150,2011.11,0,,,,
CUST_03287,PRDT_119,2026-07-21 04:27:00,ORD_002151,75.71,0,,,,
CUST_01219,PRDT_085,2026-08-06 19:23:00,ORD_002152,169.89,0,,,,
CUST_02777,PRDT_003,2026-07-17 18:57:00,ORD_002153,190.19,0,,,,
CUST_03914,PRDT_066,2026-06-27 15:14:00,ORD_002154,2431.92,0,,,,
CUST_01667,PRDT_107,2026-08-02 12:47:00,ORD_002155,1947.77,0,,,,
CUST_03818,PRDT_078,2026-06-25 03:12:00,ORD_002156,71.19,0,,,,
CUST_01582,PRDT_199,2026-08-06 19:11:00,ORD_002157,296.03,0,,,,
CUST_01719,PRDT_055,2026-06-07 04:25:00,ORD_002158,132.87,0,,,,
CUST_00787,PRDT_125,2026-07-13 08:35:00,ORD_002159,85.5,0,,,,
CUST_00166,PRDT_111,2026-06-12 18:14:00,ORD_002160,1094.44,0,,,,
CUST_00078,PRDT_123,2026-06-26 12:53:00,ORD_002161,69.74,0,,,,
CUST_00578,PRDT_127,2026-08-05 06:10:00,ORD_002162,1642.97,0,,,,
CUST_02184,PRDT_165,2026-08-28 10:26:00,ORD_002163,166.0,0,,,,
CUST_02239,PRDT_084,2026-07-17 11:28:00,ORD_002164,706.5,0,,,,
CUST_03736,PRDT_094,2026-08-24 10:01:00,ORD_002165,130.86,0,,,,
CUST_02757,PRDT_099,2026-06-04 15:17:00,ORD_002166,100.84,0,,,,
CUST_02300,PRDT_045,2026-08-23 06:39:00,ORD_002167,143.89,0,,,,
CUST_00065,PRDT_037,2026-06-19 09:57:00,ORD_002168,349.54,0,,,,
CUST_02604,PRDT_039,2026-07-07 03:06:00,ORD_002169,246.26,0,,,,
CUST_04255,PRDT_116,2026-07-31 11:17:00,ORD_002170,48.93,0,,,,
CUST_01163,PRDT_137,2026-06-22 20:27:00,ORD_002171,110.22,0,,,,
CUST_01220,PRDT_090,2026-08-27 23:58:00,ORD_002172,661.38,0,,,,
CUST_04566,PRDT_182,2026-06-30 01:35:00,ORD_002173,987.5,0,,,,
CUST_04388,PRDT_186,2026-08-14 14:05:00,ORD_002174,70.61,0,,,,
CUST_00298,PRDT_157,2026-07-29 01:46:00,ORD_002175,528.89,0,,,,
CUST_01456,PRDT_005,2026-06-15 03:44:00,ORD_002176,1485.06,0,,,,
CUST_01365,PRDT_019,2026-06-09 04:40:00,ORD_002177,8.35,0,,,,
CUST_02485,PRDT_038,2026-08-07 17:17:00,ORD_002178,102.73,0,,,,
CUST_00934,PRDT_187,2026-06-10 03:55:00,ORD_002179,299.06,0,,,,
CUST_03258,PRDT_133,2026-08-15 07:18:00,ORD_002180,523.34,0,,,,
CUST_02951,PRDT_153,2026-06-28 08:27:00,ORD_002181,90.83,0,,,,
CUST_00381,PRDT_022,2026-08-12 02:25:00,ORD_002182,101.95,0,,,,
CUST_03761,PRDT_063,2026-07-14 15:12:00,ORD_002183,375.93,0,,,,
CUST_00829,PRDT_171,2026-08-18 12:19:00,ORD_002184,338.78,0,,,,
CUST_02211,PRDT_198,2026-08-03 18:21:00,ORD_002185,255.77,0,,,,
CUST_01215,PRDT_147,2026-08-11 16:25:00,ORD_002186,307.76,0,,,,
CUST_01443,PRDT_104,2026-08-28 16:25:00,ORD_002187,487.9,0,,,,
CUST_02258,PRDT_035,2026-06-05 03:23:00,ORD_002188,2382.17,0,,,,
CUST_00721,PRDT_055,2026-07-10 07:07:00,ORD_002189,132.87,0,,,,
CUST_01056,PRDT_144,2026-06-01 09:29:00,ORD_002190,22.81,0,,,,
CUST_03846,PRDT_064,2026-07-03 07:52:00,ORD_002191,482.29,0,,,,
CUST_01050,PRDT_061,2026-08-11 21:40:00,ORD_002192,1100.76,0,,,,
CUST_01179,PRDT_122,2026-07-04 23:05:00,ORD_002193,303.21,0,,,,
CUST_02173,PRDT_185,2026-07-02 17:02:00,ORD_002194,103.16,0,,,,
CUST_02067,PRDT_105,2026-07-24 12:53:00,ORD_002195,149.47,0,,,,
CUST_00269,PRDT_064,2026-08-26 14:17:00,ORD_002196,482.29,0,,,,
CUST_02705,PRDT_102,2026-08-19 07:07:00,ORD_002197,41.66,0,,,,
CUST_04904,PRDT_054,2026-07-08 07:26:00,ORD_002198,1106.76,0,,,,
CUST_00419,PRDT_173,2026-06-21 12:36:00,ORD_002199,109.75,0,,,,
CUST_00473,PRDT_013,2026-06-22 05:53:00,ORD_002200,101.28,0,,,,
CUST_03120,PRDT_140,2026-08-03 10:22:00,ORD_002201,2011.11,0,,,,
CUST_02043,PRDT_021,2026-08-10 08:51:00,ORD_002202,204.62,0,,,,
CUST_03449,PRDT_160,2026-06-02 19:09:00,ORD_002203,41.61,0,,,,
CUST_03940,PRDT_181,2026-06-26 20:37:00,ORD_002204,467.86,0,,,,
CUST_02768,PRDT_183,2026-08-19 15:25:00,ORD_002205,73.46,0,,,,
CUST_04117,PRDT_161,2026-07-05 02:24:00,ORD_002206,131.9,0,,,,
CUST_01997,PRDT_105,2026-06-11 11:16:00,ORD_002207,149.47,0,,,,
CUST_04127,PRDT_050,2026-07-06 12:45:00,ORD_002208,850.64,0,,,,
CUST_03653,PRDT_200,2026-08-25 03:49:00,ORD_002209,689.76,0,,,,
CUST_02576,PRDT_053,2026-06-07 06:41:00,ORD_002210,160.29,0,,,,
CUST_02967,PRDT_155,2026-08-16 08:46:00,ORD_002211,279.65,0,,,,
CUST_04393,PRDT_019,2026-08-07 03:42:00,ORD_002212,8.35,0,,,,
CUST_03739,PRDT_019,2026-07-30 18:50:00,ORD_002213,8.35,0,,,,
CUST_02726,PRDT_021,2026-07-18 03:47:00,ORD_002214,204.62,0,,,,
CUST_00940,PRDT_168,2026-07-30 07:29:00,ORD_002215,2413.28,0,,,,
CUST_01697,PRDT_094,2026-06-17 16:55:00,ORD_002216,130.86,0,,,,
CUST_01472,PRDT_072,2026-08-06 23:38:00,ORD_002217,90.01,0,,,,
CUST_03650,PRDT_126,2026-07-09 19:58:00,ORD_002218,1380.0,0,,,,
CUST_00679,PRDT_057,2026-06-10 02:50:00,ORD_002219,1831.39,0,,,,
CUST_03462,PRDT_169,2026-06-08 20:23:00,ORD_002220,27.52,0,,,,
CUST_01503,PRDT_173,2026-06-18 16:41:00,ORD_002221,109.75,0,,,,
CUST_02323,PRDT_194,2026-06-23 06:43:00,ORD_002222,229.6,0,,,,
CUST_02149,PRDT_007,2026-06-12 07:20:00,ORD_002223,766.37,0,,,,
CUST_02697,PRDT_095,2026-07-30 01:01:00,ORD_002224,574.9,0,,,,
CUST_01166,PRDT_057,2026-07-03 23:05:00,ORD_002225,1831.39,0,,,,
CUST_03642,PRDT_087,2026-06-30 11:25:00,ORD_002226,27.57,0,,,,
CUST_04034,PRDT_066,2026-06-01 22:32:00,ORD_002227,2431.92,0,,,,
CUST_02286,PRDT_101,2026-07-26 05:33:00,ORD_002228,1215.68,0,,,,
CUST_03652,PRDT_074,2026-07-16 12:35:00,ORD_002229,151.43,0,,,,
CUST_03474,PRDT_083,2026-07-09 02:22:00,ORD_002230,131.69,0,,,,
CUST_03477,PRDT_016,2026-07-14 23:23:00,ORD_002231,114.08,0,,,,
CUST_04403,PRDT_128,2026-06-23 00:32:00,ORD_002232,655.28,0,,,,
CUST_00387,PRDT_189,2026-07-30 23:10:00,ORD_002233,142.49,0,,,,
CUST_04755,PRDT_136,2026-08-24 17:43:00,ORD_002234,74.62,0,,,,
CUST_03233,PRDT_195,2026-06-09 15:55:00,ORD_002235,414.28,0,,,,
CUST_02944,PRDT_048,2026-07-23 06:48:00,ORD_002236,20.5,0,,,,
CUST_00336,PRDT_146,2026-07-12 07:01:00,ORD_002237,254.53,0,,,,
CUST_01454,PRDT_071,2026-08-14 05:42:00,ORD_002238,159.75,0,,,,
CUST_02906,PRDT_077,2026-07-09 05:43:00,ORD_002239,901.05,0,,,,
CUST_02788,PRDT_160,2026-07-02 20:33:00,ORD_002240,41.61,0,,,,
CUST_02725,PRDT_116,2026-08-23 16:03:00,ORD_002241,48.93,0,,,,
CUST_00174,PRDT_053,2026-08-05 05:24:00,ORD_002242,160.29,0,,,,
CUST_02329,PRDT_164,2026-06-13 03:22:00,ORD_002243,284.83,0,,,,
CUST_02738,PRDT_072,2026-07-07 16:28:00,ORD_002244,90.01,0,,,,
CUST_04311,PRDT_009,2026-08-27 07:15:00,ORD_002245,13.34,0,,,,
CUST_02994,PRDT_024,2026-06-06 22:37:00,ORD_002246,1764.52,0,,,,
CUST_03127,PRDT_104,2026-06-21 06:58:00,ORD_002247,487.9,0,,,,
CUST_03577,PRDT_038,2026-07-12 22:20:00,ORD_002248,102.73,0,,,,
CUST_02389,PRDT_082,2026-06-20 18:29:00,ORD_002249,894.63,0,,,,
CUST_03955,PRDT_044,2026-08-17 03:07:00,ORD_002250,331.84,0,,,,
CUST_04719,PRDT_128,2026-07-31 17:18:00,ORD_002251,655.28,0,,,,
CUST_00464,PRDT_185,2026-07-04 09:42:00,ORD_002252,103.16,0,,,,
CUST_02800,PRDT_069,2026-08-12 05:29:00,ORD_002253,148.6,0,,,,
CUST_02827,PRDT_116,2026-08-25 14:11:00,ORD_002254,48.93,0,,,,
CUST_00726,PRDT_080,2026-08-01 23:47:00,ORD_002255,509.71,0,,,,
CUST_00747,PRDT_167,2026-07-09 00:31:00,ORD_002256,187.29,0,,,,
CUST_02553,PRDT_003,2026-07-16 02:13:00,ORD_002257,190.19,0,,,,
CUST_04680,PRDT_154,2026-08-26 19:21:00,ORD_002258,25.64,0,,,,
CUST_03529,PRDT_042,2026-06-15 18:37:00,ORD_002259,36.71,0,,,,
CUST_02006,PRDT_002,2026-07-09 17:25:00,ORD_002260,89.49,0,,,,
CUST_03290,PRDT_003,2026-06-12 12:04:00,ORD_002261,190.19,0,,,,
CUST_01876,PRDT_046,2026-08-25 09:24:00,ORD_002262,331.76,0,,,,
CUST_03398,PRDT_156,2026-08-14 16:54:00,ORD_002263,139.49,0,,,,
CUST_03247,PRDT_038,2026-08-18 15:21:00,ORD_002264,102.73,0,,,,
CUST_03251,PRDT_072,2026-06-04 11:16:00,ORD_002265,90.01,0,,,,
CUST_00743,PRDT_104,2026-07-10 21:07:00,ORD_002266,487.9,0,,,,
CUST_04077,PRDT_087,2026-08-14 04:47:00,ORD_002267,27.57,0,,,,
CUST_03417,PRDT_054,2026-07-06 06:30:00,ORD_002268,1106.76,0,,,,
CUST_02688,PRDT_016,2026-08-29 21:26:00,ORD_002269,114.08,0,,,,
CUST_00170,PRDT_173,2026-06-18 11:12:00,ORD_002270,109.75,0,,,,
CUST_02777,PRDT_026,2026-06-21 21:47:00,ORD_002271,1433.89,0,,,,
CUST_00004,PRDT_196,2026-06-29 20:16:00,ORD_002272,141.04,0,,,,
CUST_01095,PRDT_188,2026-06-30 00:30:00,ORD_002273,191.08,0,,,,
CUST_04223,PRDT_149,2026-06-12 15:17:00,ORD_002274,115.45,0,,,,
CUST_01713,PRDT_056,2026-06-01 15:20:00,ORD_002275,134.06,0,,,,
CUST_02480,PRDT_193,2026-08-14 20:50:00,ORD_002276,353.13,0,,,,
CUST_00552,PRDT_134,2026-08-07 20:36:00,ORD_002277,1093.53,0,,,,
CUST_01228,PRDT_199,2026-08-08 16:32:00,ORD_002278,296.03,0,,,,
CUST_04827,PRDT_066,2026-08-03 07:17:00,ORD_002279,2431.92,0,,,,
CUST_02408,PRDT_005,2026-08-03 02:27:00,ORD_002280,1485.06,0,,,,
CUST_04975,PRDT_166,2026-08-22 10:24:00,ORD_002281,160.57,0,,,,
CUST_03634,PRDT_122,2026-08-23 10:54:00,ORD_002282,303.21,0,,,,
CUST_01275,PRDT_074,2026-06-02 07:30:00,ORD_002283,151.43,0,,,,
CUST_01205,PRDT_153,2026-08-05 10:38:00,ORD_002284,90.83,0,,,,
CUST_00641,PRDT_135,2026-08-25 17:52:00,ORD_002285,185.09,0,,,,
CUST_02972,PRDT_100,2026-07-17 01:07:00,ORD_002286,2387.01,0,,,,
CUST_04196,PRDT_011,2026-07-12 03:48:00,ORD_002287,40.62,0,,,,
CUST_01595,PRDT_147,2026-08-11 22:28:00,ORD_002288,307.76,0,,,,
CUST_02647,PRDT_121,2026-06-17 08:11:00,ORD_002289,84.98,0,,,,
CUST_02629,PRDT_064,2026-06-20 02:54:00,ORD_002290,482.29,0,,,,
CUST_02188,PRDT_175,2026-07-22 20:07:00,ORD_002291,167.54,0,,,,
CUST_03412,PRDT_171,2026-08-03 12:47:00,ORD_002292,338.78,0,,,,
CUST_04195,PRDT_185,2026-07-18 01:28:00,ORD_002293,103.16,0,,,,
CUST_03209,PRDT_094,2026-07-14 21:21:00,ORD_002294,130.86,0,,,,
CUST_00759,PRDT_153,2026-07-06 11:23:00,ORD_002295,90.83,0,,,,
CUST_00225,PRDT_135,2026-08-02 13:18:00,ORD_002296,185.09,0,,,,
CUST_01195,PRDT_055,2026-06-12 05:11:00,ORD_002297,132.87,0,,,,
CUST_03006,PRDT_055,2026-07-06 12:35:00,ORD_002298,132.87,0,,,,
CUST_01671,PRDT_003,2026-06-09 03:49:00,ORD_002299,190.19,0,,,,
CUST_00690,PRDT_067,2026-07-15 04:35:00,ORD_002300,1550.74,0,,,,
CUST_03230,PRDT_192,2026-07-10 23:45:00,ORD_002301,34.45,0,,,,
CUST_04819,PRDT_024,2026-08-10 11:52:00,ORD_002302,1764.52,0,,,,
CUST_03461,PRDT_078,2026-07-05 03:05:00,ORD_002303,71.19,0,,,,
CUST_03914,PRDT_003,2026-07-03 00:33:00,ORD_002304,190.19,0,,,,
CUST_04043,PRDT_088,2026-06-22 01:52:00,ORD_002305,384.25,0,,,,
CUST_02023,PRDT_146,2026-07-17 13:50:00,ORD_002306,254.53,0,,,,
CUST_02638,PRDT_187,2026-07-18 03:43:00,ORD_002307,299.06,0,,,,
CUST_00294,PRDT_188,2026-07-29 12:26:00,ORD_002308,191.08,0,,,,
CUST_04234,PRDT_084,2026-06-23 17:15:00,ORD_002309,706.5,0,,,,
CUST_00016,PRDT_197,2026-08-04 00:05:00,ORD_002310,197.74,0,,,,
CUST_03179,PRDT_074,2026-06-20 11:53:00,ORD_002311,151.43,0,,,,
CUST_01486,PRDT_063,2026-07-08 17:20:00,ORD_002312,375.93,0,,,,
CUST_02926,PRDT_125,2026-06-28 17:01:00,ORD_002313,85.5,0,,,,
CUST_02036,PRDT_158,2026-08-13 01:20:00,ORD_002314,154.31,0,,,,
CUST_02328,PRDT_019,2026-08-20 22:31:00,ORD_002315,8.35,0,,,,
CUST_00682,PRDT_131,2026-08-29 13:32:00,ORD_002316,163.64,0,,,,
CUST_03846,PRDT_164,2026-06-29 18:37:00,ORD_002317,284.83,0,,,,
CUST_04808,PRDT_084,2026-08-21 19:03:00,ORD_002318,706.5,0,,,,
CUST_00964,PRDT_045,2026-07-31 18:13:00,ORD_002319,143.89,0,,,,
CUST_01062,PRDT_197,2026-06-03 13:51:00,ORD_002320,197.74,0,,,,
CUST_03646,PRDT_074,2026-07-02 19:05:00,ORD_002321,151.43,0,,,,
CUST_04388,PRDT_067,2026-06-21 12:35:00,ORD_002322,1550.74,0,,,,
CUST_00451,PRDT_044,2026-08-13 16:29:00,ORD_002323,331.84,0,,,,
CUST_02124,PRDT_142,2026-08-27 07:09:00,ORD_002324,1962.84,0,,,,
CUST_00747,PRDT_037,2026-08-01 16:48:00,ORD_002325,349.54,0,,,,
CUST_01785,PRDT_041,2026-08-13 13:28:00,ORD_002326,94.54,0,,,,
CUST_02862,PRDT_022,2026-06-23 11:02:00,ORD_002327,101.95,0,,,,
CUST_04056,PRDT_181,2026-07-01 02:40:00,ORD_002328,467.86,0,,,,
CUST_03241,PRDT_191,2026-08-05 13:21:00,ORD_002329,2330.27,0,,,,
CUST_04647,PRDT_022,2026-08-18 04:53:00,ORD_002330,101.95,0,,,,
CUST_02132,PRDT_163,2026-06-28 07:37:00,ORD_002331,2491.25,0,,,,
CUST_02779,PRDT_124,2026-06-17 17:36:00,ORD_002332,2248.76,0,,,,
CUST_01164,PRDT_124,2026-06-28 07:31:00,ORD_002333,2248.76,0,,,,
CUST_02140,PRDT_038,2026-08-21 22:11:00,ORD_002334,102.73,0,,,,
CUST_03043,PRDT_051,2026-08-05 09:33:00,ORD_002335,78.57,0,,,,
CUST_03382,PRDT_124,2026-08-23 12:15:00,ORD_002336,2248.76,0,,,,
CUST_03239,PRDT_100,2026-07-31 23:47:00,ORD_002337,2387.01,0,,,,
CUST_03797,PRDT_016,2026-06-20 13:46:00,ORD_002338,114.08,0,,,,
CUST_02229,PRDT_049,2026-08-27 14:12:00,ORD_002339,124.11,0,,,,
CUST_00328,PRDT_018,2026-08-17 23:05:00,ORD_002340,76.3,0,,,,
CUST_01007,PRDT_068,2026-08-29 18:19:00,ORD_002341,750.51,0,,,,
CUST_02408,PRDT_183,2026-07-25 04:10:00,ORD_002342,73.46,0,,,,
CUST_01929,PRDT_113,2026-08-27 11:03:00,ORD_002343,1326.93,0,,,,
CUST_00965,PRDT_018,2026-06-19 23:44:00,ORD_002344,76.3,0,,,,
CUST_02244,PRDT_123,2026-07-17 08:52:00,ORD_002345,69.74,0,,,,
CUST_03717,PRDT_087,2026-06-28 22:35:00,ORD_002346,27.57,0,,,,
CUST_00543,PRDT_164,2026-08-15 08:54:00,ORD_002347,284.83,0,,,,
CUST_03341,PRDT_146,2026-08-12 12:24:00,ORD_002348,254.53,0,,,,
CUST_02778,PRDT_055,2026-06-10 11:18:00,ORD_002349,132.87,0,,,,
CUST_02302,PRDT_096,2026-06-21 19:15:00,ORD_002350,63.76,0,,,,
CUST_02890,PRDT_192,2026-06-24 08:11:00,ORD_002351,34.45,0,,,,
CUST_00507,PRDT_037,2026-07-09 20:21:00,ORD_002352,349.54,0,,,,
CUST_02956,PRDT_095,2026-08-01 16:23:00,ORD_002353,574.9,0,,,,
CUST_01872,PRDT_192,2026-06-22 14:08:00,ORD_002354,34.45,0,,,,
CUST_03279,PRDT_119,2026-07-03 19:00:00,ORD_002355,75.71,0,,,,
CUST_03367,PRDT_025,2026-08-08 21:36:00,ORD_002356,52.59,0,,,,
CUST_01176,PRDT_096,2026-07-25 23:51:00,ORD_002357,63.76,0,,,,
CUST_02476,PRDT_111,2026-08-08 13:03:00,ORD_002358,1094.44,0,,,,
CUST_00662,PRDT_142,2026-07-05 05:35:00,ORD_002359,1962.84,0,,,,
CUST_03263,PRDT_112,2026-08-02 02:50:00,ORD_002360,2157.62,0,,,,
CUST_01375,PRDT_018,2026-08-21 14:41:00,ORD_002361,76.3,0,,,,
CUST_02874,PRDT_121,2026-08-28 21:39:00,ORD_002362,84.98,0,,,,
CUST_03468,PRDT_122,2026-08-03 03:47:00,ORD_002363,303.21,0,,,,
CUST_00011,PRDT_006,2026-08-08 10:57:00,ORD_002364,1779.93,0,,,,
CUST_01206,PRDT_107,2026-08-22 16:23:00,ORD_002365,1947.77,0,,,,
CUST_04021,PRDT_107,2026-08-13 03:02:00,ORD_002366,1947.77,0,,,,
CUST_02884,PRDT_066,2026-08-14 11:10:00,ORD_002367,2431.92,0,,,,
CUST_02413,PRDT_074,2026-07-23 11:41:00,ORD_002368,151.43,0,,,,
CUST_01903,PRDT_052,2026-07-04 07:06:00,ORD_002369,55.84,0,,,,
CUST_03907,PRDT_066,2026-08-13 03:08:00,ORD_002370,2431.92,0,,,,
CUST_02864,PRDT_196,2026-08-23 12:08:00,ORD_002371,141.04,0,,,,
CUST_03193,PRDT_047,2026-07-02 06:14:00,ORD_002372,147.72,0,,,,
CUST_00727,PRDT_133,2026-07-10 04:05:00,ORD_002373,523.34,0,,,,
CUST_00770,PRDT_192,2026-07-07 14:54:00,ORD_002374,34.45,0,,,,
CUST_04132,PRDT_169,2026-08-08 05:42:00,ORD_002375,27.52,0,,,,
CUST_02484,PRDT_032,2026-08-18 18:30:00,ORD_002376,110.18,0,,,,
CUST_02689,PRDT_126,2026-07-25 01:32:00,ORD_002377,1380.0,0,,,,
CUST_04850,PRDT_173,2026-07-18 18:56:00,ORD_002378,109.75,0,,,,
CUST_04422,PRDT_055,2026-06-23 16:12:00,ORD_002379,132.87,0,,,,
CUST_04192,PRDT_074,2026-07-09 01:39:00,ORD_002380,151.43,0,,,,
CUST_04648,PRDT_016,2026-07-05 10:36:00,ORD_002381,114.08,0,,,,
CUST_04133,PRDT_126,2026-06-21 15:20:00,ORD_002382,1380.0,0,,,,
CUST_03310,PRDT_171,2026-07-27 05:36:00,ORD_002383,338.78,0,,,,
CUST_00221,PRDT_076,2026-07-09 23:06:00,ORD_002384,1579.92,0,,,,
CUST_04400,PRDT_152,2026-06-09 22:44:00,ORD_002385,922.81,0,,,,
CUST_02825,PRDT_191,2026-08-27 23:43:00,ORD_002386,2330.27,0,,,,
CUST_03742,PRDT_131,2026-07-29 18:59:00,ORD_002387,163.64,0,,,,
CUST_03047,PRDT_112,2026-07-12 09:32:00,ORD_002388,2157.62,0,,,,
CUST_04079,PRDT_109,2026-06-04 08:30:00,ORD_002389,220.57,0,,,,
CUST_03848,PRDT_084,2026-08-20 01:32:00,ORD_002390,706.5,0,,,,
CUST_04948,PRDT_096,2026-08-17 17:05:00,ORD_002391,63.76,0,,,,
CUST_03256,PRDT_115,2026-08-01 15:35:00,ORD_002392,1294.79,0,,,,
CUST_01814,PRDT_087,2026-06-15 22:04:00,ORD_002393,27.57,0,,,,
CUST_01666,PRDT_104,2026-07-24 18:33:00,ORD_002394,487.9,0,,,,
CUST_00897,PRDT_051,2026-08-11 02:25:00,ORD_002395,78.57,0,,,,
CUST_03749,PRDT_032,2026-07-21 11:49:00,ORD_002396,110.18,0,,,,
CUST_03824,PRDT_129,2026-06-27 18:12:00,ORD_002397,1887.18,0,,,,
CUST_03416,PRDT_091,2026-07-09 16:13:00,ORD_002398,239.85,0,,,,
CUST_00854,PRDT_162,2026-06-06 16:51:00,ORD_002399,58.28,0,,,,
CUST_04881,PRDT_198,2026-06-17 02:38:00,ORD_002400,255.77,0,,,,
CUST_01218,PRDT_200,2026-06-18 13:59:00,ORD_002401,689.76,0,,,,
CUST_00338,PRDT_156,2026-07-01 03:03:00,ORD_002402,139.49,0,,,,
CUST_01728,PRDT_173,2026-07-03 08:35:00,ORD_002403,109.75,0,,,,
CUST_02433,PRDT_100,2026-08-15 19:12:00,ORD_002404,2387.01,0,,,,
CUST_00495,PRDT_124,2026-07-06 15:40:00,ORD_002405,2248.76,0,,,,
CUST_01788,PRDT_196,2026-06-08 14:47:00,ORD_002406,141.04,0,,,,
CUST_01053,PRDT_159,2026-07-07 09:23:00,ORD_002407,29.81,0,,,,
CUST_00369,PRDT_014,2026-08-22 04:26:00,ORD_002408,319.34,0,,,,
CUST_01282,PRDT_162,2026-08-24 18:14:00,ORD_002409,58.28,0,,,,
CUST_00313,PRDT_100,2026-08-09 07:04:00,ORD_002410,2387.01,0,,,,
CUST_04115,PRDT_111,2026-08-11 02:09:00,ORD_002411,1094.44,0,,,,
CUST_04903,PRDT_127,2026-07-18 00:18:00,ORD_002412,1642.97,0,,,,
CUST_02783,PRDT_132,2026-06-08 08:27:00,ORD_002413,287.93,0,,,,
CUST_03190,PRDT_076,2026-07-19 22:09:00,ORD_002414,1579.92,0,,,,
CUST_00195,PRDT_152,2026-07-18 08:50:00,ORD_002415,922.81,0,,,,
CUST_03175,PRDT_096,2026-07-16 17:00:00,ORD_002416,63.76,0,,,,
CUST_02688,PRDT_122,2026-08-26 11:57:00,ORD_002417,303.21,0,,,,
CUST_00214,PRDT_115,2026-08-02 18:04:00,ORD_002418,1294.79,0,,,,
CUST_01515,PRDT_057,2026-07-02 08:48:00,ORD_002419,1831.39,0,,,,
CUST_03653,PRDT_072,2026-08-01 19:15:00,ORD_002420,90.01,0,,,,
CUST_01312,PRDT_175,2026-07-15 11:14:00,ORD_002421,167.54,0,,,,
CUST_03896,PRDT_060,2026-07-22 05:13:00,ORD_002422,844.85,0,,,,
CUST_00294,PRDT_177,2026-08-27 11:04:00,ORD_002423,54.57,0,,,,
CUST_00094,PRDT_071,2026-06-12 09:36:00,ORD_002424,159.75,0,,,,
CUST_00421,PRDT_079,2026-06-02 18:04:00,ORD_002425,188.88,0,,,,
CUST_04441,PRDT_071,2026-08-20 07:37:00,ORD_002426,159.75,0,,,,
CUST_04404,PRDT_196,2026-07-14 15:27:00,ORD_002427,141.04,0,,,,
CUST_04821,PRDT_086,2026-06-26 04:51:00,ORD_002428,57.99,0,,,,
CUST_04461,PRDT_106,2026-08-22 12:14:00,ORD_002429,9.19,0,,,,
CUST_03997,PRDT_174,2026-06-16 19:25:00,ORD_002430,1758.38,0,,,,
CUST_02894,PRDT_137,2026-08-28 21:49:00,ORD_002431,110.22,0,,,,
CUST_00769,PRDT_162,2026-08-06 16:38:00,ORD_002432,58.28,0,,,,
CUST_04477,PRDT_105,2026-07-27 13:57:00,ORD_002433,149.47,0,,,,
CUST_00537,PRDT_015,2026-08-16 09:25:00,ORD_002434,55.78,0,,,,
CUST_03137,PRDT_063,2026-07-02 07:05:00,ORD_002435,375.93,0,,,,
CUST_03023,PRDT_162,2026-07-23 11:35:00,ORD_002436,58.28,0,,,,
CUST_02049,PRDT_137,2026-07-18 12:19:00,ORD_002437,110.22,0,,,,
CUST_03307,PRDT_130,2026-07-22 21:00:00,ORD_002438,160.05,0,,,,
CUST_03869,PRDT_083,2026-08-06 11:22:00,ORD_002439,131.69,0,,,,
CUST_03726,PRDT_024,2026-06-28 03:43:00,ORD_002440,1764.52,0,,,,
CUST_04719,PRDT_029,2026-07-26 11:50:00,ORD_002441,52.3,0,,,,
CUST_01047,PRDT_172,2026-08-25 13:27:00,ORD_002442,187.76,0,,,,
CUST_02811,PRDT_113,2026-06-03 13:00:00,ORD_002443,1326.93,0,,,,
CUST_02342,PRDT_018,2026-06-22 00:38:00,ORD_002444,76.3,0,,,,
CUST_01653,PRDT_191,2026-07-09 09:46:00,ORD_002445,2330.27,0,,,,
CUST_00104,PRDT_018,2026-06-14 03:11:00,ORD_002446,76.3,0,,,,
CUST_01371,PRDT_155,2026-07-10 12:08:00,ORD_002447,279.65,0,,,,
CUST_03097,PRDT_197,2026-06-17 12:48:00,ORD_002448,197.74,0,,,,
CUST_02282,PRDT_188,2026-08-18 01:54:00,ORD_002449,191.08,0,,,,
CUST_03532,PRDT_179,2026-07-14 08:48:00,ORD_002450,55.69,0,,,,
CUST_04119,PRDT_124,2026-07-03 04:51:00,ORD_002451,2248.76,0,,,,
CUST_01060,PRDT_192,2026-08-07 01:06:00,ORD_002452,34.45,0,,,,
CUST_02866,PRDT_143,2026-07-10 08:17:00,ORD_002453,108.54,0,,,,
CUST_00274,PRDT_182,2026-07-11 13:12:00,ORD_002454,987.5,0,,,,
CUST_00055,PRDT_186,2026-07-14 00:02:00,ORD_002455,70.61,0,,,,
CUST_00831,PRDT_041,2026-08-13 19:56:00,ORD_002456,94.54,0,,,,
CUST_03956,PRDT_091,2026-06-10 13:32:00,ORD_002457,239.85,0,,,,
CUST_02665,PRDT_092,2026-08-15 06:37:00,ORD_002458,136.97,0,,,,
CUST_01980,PRDT_101,2026-06-11 09:33:00,ORD_002459,1215.68,0,,,,
CUST_00805,PRDT_096,2026-06-07 23:37:00,ORD_002460,63.76,0,,,,
CUST_04540,PRDT_110,2026-08-18 02:32:00,ORD_002461,485.27,0,,,,
CUST_02561,PRDT_082,2026-06-27 08:52:00,ORD_002462,894.63,0,,,,
CUST_04054,PRDT_033,2026-08-17 14:18:00,ORD_002463,108.92,0,,,,
CUST_00202,PRDT_117,2026-08-04 20:07:00,ORD_002464,715.65,0,,,,
CUST_01176,PRDT_195,2026-06-21 19:13:00,ORD_002465,414.28,0,,,,
CUST_04032,PRDT_150,2026-08-25 22:19:00,ORD_002466,124.27,0,,,,
CUST_04804,PRDT_190,2026-07-13 07:00:00,ORD_002467,303.15,0,,,,
CUST_00152,PRDT_069,2026-08-09 15:26:00,ORD_002468,148.6,0,,,,
CUST_01776,PRDT_144,2026-06-30 23:09:00,ORD_002469,22.81,0,,,,
CUST_02358,PRDT_054,2026-07-30 07:47:00,ORD_002470,1106.76,0,,,,
CUST_02895,PRDT_076,2026-06-22 14:21:00,ORD_002471,1579.92,0,,,,
CUST_02887,PRDT_121,2026-08-17 02:44:00,ORD_002472,84.98,0,,,,
CUST_01441,PRDT_017,2026-08-15 05:50:00,ORD_002473,392.21,0,,,,
CUST_04998,PRDT_025,2026-06-22 09:34:00,ORD_002474,52.59,0,,,,
CUST_02653,PRDT_020,2026-07-01 19:55:00,ORD_002475,2003.07,0,,,,
CUST_01007,PRDT_013,2026-08-08 08:41:00,ORD_002476,101.28,0,,,,
CUST_03504,PRDT_007,2026-08-19 19:27:00,ORD_002477,766.37,0,,,,
CUST_01323,PRDT_172,2026-06-02 17:36:00,ORD_002478,187.76,0,,,,
CUST_03546,PRDT_031,2026-06-03 06:37:00,ORD_002479,851.35,0,,,,
CUST_00929,PRDT_115,2026-07-26 23:55:00,ORD_002480,1294.79,0,,,,
CUST_00478,PRDT_090,2026-08-03 07:27:00,ORD_002481,661.38,0,,,,
CUST_02659,PRDT_016,2026-06-19 05:51:00,ORD_002482,114.08,0,,,,
CUST_01506,PRDT_187,2026-06-12 08:17:00,ORD_002483,299.06,0,,,,
CUST_01745,PRDT_052,2026-07-27 18:44:00,ORD_002484,55.84,0,,,,
CUST_03724,PRDT_135,2026-07-14 03:10:00,ORD_002485,185.09,0,,,,
CUST_02368,PRDT_004,2026-07-20 04:30:00,ORD_002486,102.98,0,,,,
CUST_01067,PRDT_154,2026-06-28 08:32:00,ORD_002487,25.64,0,,,,
CUST_04698,PRDT_144,2026-08-20 06:07:00,ORD_002488,22.81,0,,,,
CUST_00476,PRDT_154,2026-08-01 13:34:00,ORD_002489,25.64,0,,,,
CUST_02791,PRDT_009,2026-06-12 23:54:00,ORD_002490,13.34,0,,,,
CUST_01338,PRDT_087,2026-08-24 06:35:00,ORD_002491,27.57,0,,,,
CUST_01455,PRDT_025,2026-06-16 10:00:00,ORD_002492,52.59,0,,,,
CUST_04409,PRDT_095,2026-06-21 06:30:00,ORD_002493,574.9,0,,,,
CUST_01668,PRDT_030,2026-06-13 12:24:00,ORD_002494,282.03,0,,,,
CUST_00611,PRDT_150,2026-07-10 06:52:00,ORD_002495,124.27,0,,,,
CUST_01399,PRDT_016,2026-07-08 04:19:00,ORD_002496,114.08,0,,,,
CUST_01983,PRDT_155,2026-06-03 03:42:00,ORD_002497,279.65,0,,,,
CUST_03587,PRDT_088,2026-07-25 20:36:00,ORD_002498,384.25,0,,,,
CUST_00226,PRDT_078,2026-06-27 04:03:00,ORD_002499,71.19,0,,,,
CUST_03458,PRDT_073,2026-07-21 15:07:00,ORD_002500,73.75,0,,,,
CUST_03469,PRDT_148,2026-08-12 04:37:00,ORD_002501,1509.58,0,,,,
CUST_03410,PRDT_144,2026-06-16 14:38:00,ORD_002502,22.81,0,,,,
CUST_01565,PRDT_034,2026-06-16 19:46:00,ORD_002503,159.73,0,,,,
CUST_00357,PRDT_145,2026-06-01 14:55:00,ORD_002504,1240.47,0,,,,
CUST_02324,PRDT_045,2026-07-09 05:07:00,ORD_002505,143.89,0,,,,
CUST_03255,PRDT_192,2026-08-06 17:29:00,ORD_002506,34.45,0,,,,
CUST_01574,PRDT_043,2026-08-06 16:25:00,ORD_002507,98.85,0,,,,
CUST_03973,PRDT_072,2026-08-10 16:57:00,ORD_002508,90.01,0,,,,
CUST_01632,PRDT_075,2026-07-12 07:18:00,ORD_002509,218.77,0,,,,
CUST_04436,PRDT_025,2026-07-14 11:33:00,ORD_002510,52.59,0,,,,
CUST_03938,PRDT_114,2026-06-13 00:54:00,ORD_002511,168.5,0,,,,
CUST_00943,PRDT_167,2026-07-06 10:36:00,ORD_002512,187.29,0,,,,
CUST_04152,PRDT_048,2026-08-19 03:24:00,ORD_002513,20.5,0,,,,
CUST_04107,PRDT_112,2026-07-05 15:45:00,ORD_002514,2157.62,0,,,,
CUST_02301,PRDT_011,2026-06-10 11:33:00,ORD_002515,40.62,0,,,,
CUST_04047,PRDT_146,2026-06-18 05:17:00,ORD_002516,254.53,0,,,,
CUST_04863,PRDT_088,2026-08-05 12:13:00,ORD_002517,384.25,0,,,,
CUST_03048,PRDT_063,2026-07-07 11:31:00,ORD_002518,375.93,0,,,,
CUST_01841,PRDT_027,2026-08-20 09:01:00,ORD_002519,183.0,0,,,,
CUST_03892,PRDT_149,2026-07-08 21:17:00,ORD_002520,115.45,0,,,,
CUST_04159,PRDT_075,2026-08-02 14:05:00,ORD_002521,218.77,0,,,,
CUST_04630,PRDT_177,2026-08-01 03:25:00,ORD_002522,54.57,0,,,,
CUST_03477,PRDT_106,2026-08-03 05:54:00,ORD_002523,9.19,0,,,,
CUST_03759,PRDT_042,2026-06-15 18:20:00,ORD_002524,36.71,0,,,,
CUST_04280,PRDT_169,2026-08-04 00:02:00,ORD_002525,27.52,0,,,,
CUST_01239,PRDT_061,2026-07-13 06:57:00,ORD_002526,1100.76,0,,,,
CUST_02413,PRDT_020,2026-07-01 07:57:00,ORD_002527,2003.07,0,,,,
CUST_00065,PRDT_090,2026-07-26 14:25:00,ORD_002528,661.38,0,,,,
CUST_01632,PRDT_002,2026-06-15 17:13:00,ORD_002529,89.49,0,,,,
CUST_01617,PRDT_101,2026-06-27 00:58:00,ORD_002530,1215.68,0,,,,
CUST_03500,PRDT_080,2026-06-08 00:59:00,ORD_002531,509.71,0,,,,
CUST_00502,PRDT_067,2026-07-15 07:46:00,ORD_002532,1550.74,0,,,,
CUST_02089,PRDT_026,2026-06-14 11:38:00,ORD_002533,1433.89,0,,,,
CUST_01460,PRDT_093,2026-06-24 23:51:00,ORD_002534,1413.29,0,,,,
CUST_04776,PRDT_005,2026-08-26 14:29:00,ORD_002535,1485.06,0,,,,
CUST_02072,PRDT_161,2026-08-04 21:34:00,ORD_002536,131.9,0,,,,
CUST_02817,PRDT_013,2026-08-27 22:25:00,ORD_002537,101.28,0,,,,
CUST_00403,PRDT_176,2026-06-24 19:05:00,ORD_002538,49.82,0,,,,
CUST_01784,PRDT_085,2026-08-26 04:20:00,ORD_002539,169.89,0,,,,
CUST_03628,PRDT_026,2026-07-12 14:06:00,ORD_002540,1433.89,0,,,,
CUST_02062,PRDT_131,2026-06-11 09:55:00,ORD_002541,163.64,0,,,,
CUST_01088,PRDT_162,2026-06-25 15:01:00,ORD_002542,58.28,0,,,,
CUST_02346,PRDT_010,2026-06-09 22:22:00,ORD_002543,115.38,0,,,,
CUST_02060,PRDT_069,2026-06-05 10:51:00,ORD_002544,148.6,0,,,,
CUST_03681,PRDT_125,2026-07-08 11:17:00,ORD_002545,85.5,0,,,,
CUST_04312,PRDT_125,2026-08-03 21:10:00,ORD_002546,85.5,0,,,,
CUST_03957,PRDT_122,2026-08-26 03:27:00,ORD_002547,303.21,0,,,,
CUST_04112,PRDT_162,2026-08-11 14:47:00,ORD_002548,58.28,0,,,,
CUST_03593,PRDT_124,2026-07-20 12:03:00,ORD_002549,2248.76,0,,,,
CUST_00597,PRDT_111,2026-08-16 19:17:00,ORD_002550,1094.44,0,,,,
CUST_03235,PRDT_191,2026-08-27 09:37:00,ORD_002551,2330.27,0,,,,
CUST_04117,PRDT_020,2026-06-29 08:53:00,ORD_002552,2003.07,0,,,,
CUST_03017,PRDT_062,2026-08-20 22:35:00,ORD_002553,65.28,0,,,,
CUST_01635,PRDT_129,2026-08-02 07:13:00,ORD_002554,1887.18,0,,,,
CUST_02064,PRDT_003,2026-08-04 02:15:00,ORD_002555,190.19,0,,,,
CUST_02284,PRDT_116,2026-08-14 05:47:00,ORD_002556,48.93,0,,,,
CUST_00364,PRDT_128,2026-06-14 10:33:00,ORD_002557,655.28,0,,,,
CUST_04056,PRDT_125,2026-08-19 02:13:00,ORD_002558,85.5,0,,,,
CUST_00028,PRDT_081,2026-08-08 05:16:00,ORD_002559,103.77,0,,,,
CUST_01831,PRDT_152,2026-07-14 07:49:00,ORD_002560,922.81,0,,,,
CUST_04266,PRDT_116,2026-07-27 12:33:00,ORD_002561,48.93,0,,,,
CUST_02649,PRDT_061,2026-07-23 01:21:00,ORD_002562,1100.76,0,,,,
CUST_02348,PRDT_078,2026-07-17 14:46:00,ORD_002563,71.19,0,,,,
CUST_01685,PRDT_098,2026-08-07 00:25:00,ORD_002564,112.97,0,,,,
CUST_04017,PRDT_168,2026-07-13 16:37:00,ORD_002565,2413.28,0,,,,
CUST_00564,PRDT_158,2026-07-12 10:13:00,ORD_002566,154.31,0,,,,
CUST_01944,PRDT_039,2026-07-06 13:07:00,ORD_002567,246.26,0,,,,
CUST_00656,PRDT_178,2026-07-21 12:57:00,ORD_002568,668.45,0,,,,
CUST_01609,PRDT_145,2026-08-12 12:54:00,ORD_002569,1240.47,0,,,,
CUST_04045,PRDT_051,2026-06-06 04:53:00,ORD_002570,78.57,0,,,,
CUST_04848,PRDT_036,2026-07-16 03:28:00,ORD_002571,191.64,0,,,,
CUST_00260,PRDT_024,2026-07-21 01:17:00,ORD_002572,1764.52,0,,,,
CUST_03823,PRDT_113,2026-07-13 18:19:00,ORD_002573,1326.93,0,,,,
CUST_01169,PRDT_133,2026-06-12 15:21:00,ORD_002574,523.34,0,,,,
CUST_04410,PRDT_034,2026-06-29 17:01:00,ORD_002575,159.73,0,,,,
CUST_03420,PRDT_024,2026-06-26 16:20:00,ORD_002576,1764.52,0,,,,
CUST_03728,PRDT_063,2026-07-12 18:14:00,ORD_002577,375.93,0,,,,
CUST_04978,PRDT_169,2026-07-14 21:32:00,ORD_002578,27.52,0,,,,
CUST_01665,PRDT_178,2026-06-25 18:42:00,ORD_002579,668.45,0,,,,
CUST_04531,PRDT_070,2026-08-10 18:58:00,ORD_002580,948.7,0,,,,
CUST_03886,PRDT_067,2026-08-13 06:04:00,ORD_002581,1550.74,0,,,,
CUST_02468,PRDT_141,2026-07-23 00:14:00,ORD_002582,2127.86,0,,,,
CUST_03909,PRDT_045,2026-06-04 19:09:00,ORD_002583,143.89,0,,,,
CUST_02603,PRDT_180,2026-06-08 09:50:00,ORD_002584,121.51,0,,,,
CUST_03804,PRDT_117,2026-08-26 22:18:00,ORD_002585,715.65,0,,,,
CUST_02740,PRDT_196,2026-06-01 12:00:00,ORD_002586,141.04,0,,,,
CUST_02148,PRDT_165,2026-06-28 01:12:00,ORD_002587,166.0,0,,,,
CUST_04662,PRDT_057,2026-07-03 17:35:00,ORD_002588,1831.39,0,,,,
CUST_02300,PRDT_134,2026-07-12 03:18:00,ORD_002589,1093.53,0,,,,
CUST_01334,PRDT_080,2026-07-08 07:20:00,ORD_002590,509.71,0,,,,
CUST_01470,PRDT_025,2026-07-15 02:59:00,ORD_002591,52.59,0,,,,
CUST_04306,PRDT_035,2026-07-04 12:28:00,ORD_002592,2382.17,0,,,,
CUST_00024,PRDT_076,2026-06-02 18:46:00,ORD_002593,1579.92,0,,,,
CUST_01769,PRDT_082,2026-07-30 17:28:00,ORD_002594,894.63,0,,,,
CUST_04991,PRDT_123,2026-06-25 01:41:00,ORD_002595,69.74,0,,,,
CUST_01580,PRDT_192,2026-06-24 14:21:00,ORD_002596,34.45,0,,,,
CUST_02760,PRDT_194,2026-08-16 00:07:00,ORD_002597,229.6,0,,,,
CUST_03915,PRDT_176,2026-08-17 13:42:00,ORD_002598,49.82,0,,,,
CUST_04782,PRDT_100,2026-08-11 02:18:00,ORD_002599,2387.01,0,,,,
CUST_00313,PRDT_132,2026-07-19 14:13:00,ORD_002600,287.93,0,,,,
CUST_01644,PRDT_138,2026-06-04 08:30:00,ORD_002601,94.29,0,,,,
CUST_04253,PRDT_124,2026-08-07 06:13:00,ORD_002602,2248.76,0,,,,
CUST_04149,PRDT_095,2026-08-25 03:02:00,ORD_002603,574.9,0,,,,
CUST_03223,PRDT_170,2026-06-08 08:17:00,ORD_002604,169.92,0,,,,
CUST_03883,PRDT_164,2026-07-19 08:22:00,ORD_002605,284.83,0,,,,
CUST_00551,PRDT_127,2026-07-05 17:41:00,ORD_002606,1642.97,0,,,,
CUST_00930,PRDT_086,2026-07-02 15:55:00,ORD_002607,57.99,0,,,,
CUST_01307,PRDT_190,2026-08-14 05:19:00,ORD_002608,303.15,0,,,,
CUST_01640,PRDT_114,2026-08-19 01:44:00,ORD_002609,168.5,0,,,,
CUST_00519,PRDT_146,2026-06-21 10:22:00,ORD_002610,254.53,0,,,,
CUST_04114,PRDT_013,2026-08-16 15:25:00,ORD_002611,101.28,0,,,,
CUST_02685,PRDT_175,2026-07-18 10:06:00,ORD_002612,167.54,0,,,,
CUST_04049,PRDT_076,2026-08-03 18:41:00,ORD_002613,1579.92,0,,,,
CUST_02209,PRDT_157,2026-07-27 05:48:00,ORD_002614,528.89,0,,,,
CUST_00197,PRDT_133,2026-07-31 11:48:00,ORD_002615,523.34,0,,,,
CUST_00329,PRDT_101,2026-06-10 03:01:00,ORD_002616,1215.68,0,,,,
CUST_03503,PRDT_063,2026-07-22 19:09:00,ORD_002617,375.93,0,,,,
CUST_02956,PRDT_165,2026-06-04 23:24:00,ORD_002618,166.0,0,,,,
CUST_03835,PRDT_142,2026-06-02 18:21:00,ORD_002619,1962.84,0,,,,
CUST_02662,PRDT_107,2026-07-11 15:09:00,ORD_002620,1947.77,0,,,,
CUST_03499,PRDT_136,2026-06-16 00:23:00,ORD_002621,74.62,0,,,,
CUST_03970,PRDT_170,2026-06-22 22:01:00,ORD_002622,169.92,0,,,,
CUST_04990,PRDT_108,2026-06-04 05:36:00,ORD_002623,90.97,0,,,,
CUST_00699,PRDT_071,2026-06-07 20:27:00,ORD_002624,159.75,0,,,,
CUST_02769,PRDT_124,2026-07-15 16:38:00,ORD_002625,2248.76,0,,,,
CUST_04884,PRDT_156,2026-06-07 16:03:00,ORD_002626,139.49,0,,,,
CUST_01698,PRDT_023,2026-08-05 15:25:00,ORD_002627,1375.82,0,,,,
CUST_01953,PRDT_154,2026-08-16 11:11:00,ORD_002628,25.64,0,,,,
CUST_03774,PRDT_073,2026-07-11 14:11:00,ORD_002629,73.75,0,,,,
CUST_01244,PRDT_196,2026-07-05 19:19:00,ORD_002630,141.04,0,,,,
CUST_01015,PRDT_095,2026-08-17 10:02:00,ORD_002631,574.9,0,,,,
CUST_04027,PRDT_030,2026-06-19 11:05:00,ORD_002632,282.03,0,,,,
CUST_00210,PRDT_127,2026-06-03 23:20:00,ORD_002633,1642.97,0,,,,
CUST_03699,PRDT_191,2026-08-07 02:18:00,ORD_002634,2330.27,0,,,,
CUST_04649,PRDT_079,2026-08-12 02:54:00,ORD_002635,188.88,0,,,,
CUST_03334,PRDT_177,2026-06-26 12:54:00,ORD_002636,54.57,0,,,,
CUST_03273,PRDT_158,2026-07-05 20:48:00,ORD_002637,154.31,0,,,,
CUST_01910,PRDT_137,2026-06-04 22:07:00,ORD_002638,110.22,0,,,,
CUST_04281,PRDT_072,2026-06-27 17:33:00,ORD_002639,90.01,0,,,,
CUST_04715,PRDT_159,2026-08-28 05:39:00,ORD_002640,29.81,0,,,,
CUST_04008,PRDT_132,2026-07-08 12:00:00,ORD_002641,287.93,0,,,,
CUST_02874,PRDT_137,2026-06-14 23:42:00,ORD_002642,110.22,0,,,,
CUST_01248,PRDT_178,2026-07-14 23:15:00,ORD_002643,668.45,0,,,,
CUST_03132,PRDT_029,2026-08-07 03:07:00,ORD_002644,52.3,0,,,,
CUST_01015,PRDT_057,2026-07-05 08:47:00,ORD_002645,1831.39,0,,,,
CUST_03590,PRDT_071,2026-06-24 01:36:00,ORD_002646,159.75,0,,,,
CUST_04142,PRDT_120,2026-06-13 17:40:00,ORD_002647,135.63,0,,,,
CUST_03547,PRDT_006,2026-08-01 08:50:00,ORD_002648,1779.93,0,,,,
CUST_00210,PRDT_142,2026-06-30 12:32:00,ORD_002649,1962.84,0,,,,
CUST_01720,PRDT_142,2026-06-29 06:52:00,ORD_002650,1962.84,0,,,,
CUST_01098,PRDT_022,2026-08-28 13:37:00,ORD_002651,101.95,0,,,,
CUST_04374,PRDT_078,2026-07-10 18:42:00,ORD_002652,71.19,0,,,,
CUST_02308,PRDT_154,2026-07-11 15:33:00,ORD_002653,25.64,0,,,,
CUST_04540,PRDT_148,2026-08-28 14:29:00,ORD_002654,1509.58,0,,,,
CUST_00098,PRDT_188,2026-08-18 20:20:00,ORD_002655,191.08,0,,,,
CUST_03323,PRDT_173,2026-07-21 08:06:00,ORD_002656,109.75,0,,,,
CUST_04814,PRDT_037,2026-07-09 07:16:00,ORD_002657,349.54,0,,,,
CUST_03261,PRDT_093,2026-06-21 10:41:00,ORD_002658,1413.29,0,,,,
CUST_03344,PRDT_059,2026-08-04 20:03:00,ORD_002659,53.89,0,,,,
CUST_04114,PRDT_070,2026-08-17 21:45:00,ORD_002660,948.7,0,,,,
CUST_00317,PRDT_007,2026-06-05 22:57:00,ORD_002661,766.37,0,,,,
CUST_03145,PRDT_133,2026-08-15 06:23:00,ORD_002662,523.34,0,,,,
CUST_02471,PRDT_030,2026-06-21 01:19:00,ORD_002663,282.03,0,,,,
CUST_04393,PRDT_013,2026-06-23 10:40:00,ORD_002664,101.28,0,,,,
CUST_00666,PRDT_151,2026-08-20 20:21:00,ORD_002665,2453.59,0,,,,
CUST_01738,PRDT_045,2026-07-19 13:39:00,ORD_002666,143.89,0,,,,
CUST_01312,PRDT_037,2026-06-16 07:38:00,ORD_002667,349.54,0,,,,
CUST_00145,PRDT_113,2026-06-06 05:07:00,ORD_002668,1326.93,0,,,,
CUST_01340,PRDT_175,2026-07-28 02:09:00,ORD_002669,167.54,0,,,,
CUST_01886,PRDT_068,2026-08-27 03:35:00,ORD_002670,750.51,0,,,,
CUST_00035,PRDT_049,2026-07-14 23:18:00,ORD_002671,124.11,0,,,,
CUST_04129,PRDT_174,2026-08-20 03:32:00,ORD_002672,1758.38,0,,,,
CUST_00132,PRDT_193,2026-07-27 01:40:00,ORD_002673,353.13,0,,,,
CUST_04250,PRDT_120,2026-08-21 05:07:00,ORD_002674,135.63,0,,,,
CUST_03956,PRDT_125,2026-07-18 10:09:00,ORD_002675,85.5,0,,,,
CUST_02343,PRDT_148,2026-08-18 21:07:00,ORD_002676,1509.58,0,,,,
CUST_00082,PRDT_082,2026-07-15 09:01:00,ORD_002677,894.63,0,,,,
CUST_03493,PRDT_046,2026-07-15 10:56:00,ORD_002678,331.76,0,,,,
CUST_03880,PRDT_012,2026-06-28 08:01:00,ORD_002679,68.02,0,,,,
CUST_00245,PRDT_128,2026-07-13 10:23:00,ORD_002680,655.28,0,,,,
CUST_04220,PRDT_061,2026-07-21 16:31:00,ORD_002681,1100.76,0,,,,
CUST_00815,PRDT_097,2026-07-10 06:45:00,ORD_002682,248.93,0,,,,
CUST_04036,PRDT_054,2026-07-30 22:09:00,ORD_002683,1106.76,0,,,,
CUST_02296,PRDT_160,2026-07-18 09:46:00,ORD_002684,41.61,0,,,,
CUST_02230,PRDT_130,2026-06-01 19:21:00,ORD_002685,160.05,0,,,,
CUST_04640,PRDT_015,2026-06-03 13:43:00,ORD_002686,55.78,0,,,,
CUST_00138,PRDT_139,2026-07-13 00:23:00,ORD_002687,230.06,0,,,,
CUST_04933,PRDT_117,2026-08-13 01:35:00,ORD_002688,715.65,0,,,,
CUST_02939,PRDT_119,2026-06-18 13:53:00,ORD_002689,75.71,0,,,,
CUST_03224,PRDT_133,2026-07-28 11:31:00,ORD_002690,523.34,0,,,,
CUST_03044,PRDT_051,2026-07-15 19:03:00,ORD_002691,78.57,0,,,,
CUST_02267,PRDT_102,2026-07-14 01:24:00,ORD_002692,41.66,0,,,,
CUST_00809,PRDT_014,2026-06-14 21:09:00,ORD_002693,319.34,0,,,,
CUST_03543,PRDT_174,2026-08-09 05:50:00,ORD_002694,1758.38,0,,,,
CUST_02812,PRDT_055,2026-07-17 03:33:00,ORD_002695,132.87,0,,,,
CUST_01061,PRDT_014,2026-08-09 04:03:00,ORD_002696,319.34,0,,,,
CUST_04980,PRDT_029,2026-07-07 11:12:00,ORD_002697,52.3,0,,,,
CUST_03129,PRDT_075,2026-07-14 14:09:00,ORD_002698,218.77,0,,,,
CUST_01076,PRDT_045,2026-07-31 05:46:00,ORD_002699,143.89,0,,,,
CUST_02764,PRDT_070,2026-08-22 03:35:00,ORD_002700,948.7,0,,,,
CUST_01261,PRDT_181,2026-08-15 00:44:00,ORD_002701,467.86,0,,,,
CUST_02035,PRDT_132,2026-06-19 07:32:00,ORD_002702,287.93,0,,,,
CUST_02576,PRDT_116,2026-08-10 05:59:00,ORD_002703,48.93,0,,,,
CUST_04207,PRDT_159,2026-07-27 18:14:00,ORD_002704,29.81,0,,,,
CUST_01321,PRDT_078,2026-07-30 19:39:00,ORD_002705,71.19,0,,,,
CUST_01985,PRDT_074,2026-06-12 13:18:00,ORD_002706,151.43,0,,,,
CUST_00867,PRDT_088,2026-06-22 18:04:00,ORD_002707,384.25,0,,,,
CUST_03266,PRDT_063,2026-07-24 06:52:00,ORD_002708,375.93,0,,,,
CUST_03698,PRDT_014,2026-08-02 20:23:00,ORD_002709,319.34,0,,,,
CUST_03876,PRDT_114,2026-08-04 19:29:00,ORD_002710,168.5,0,,,,
CUST_00882,PRDT_098,2026-07-20 03:40:00,ORD_002711,112.97,0,,,,
CUST_03790,PRDT_120,2026-06-16 21:10:00,ORD_002712,135.63,0,,,,
CUST_03534,PRDT_103,2026-06-25 04:46:00,ORD_002713,1410.21,0,,,,
CUST_01901,PRDT_091,2026-08-06 08:05:00,ORD_002714,239.85,0,,,,
CUST_01467,PRDT_047,2026-07-13 17:29:00,ORD_002715,147.72,0,,,,
CUST_04809,PRDT_196,2026-08-10 04:13:00,ORD_002716,141.04,0,,,,
CUST_00505,PRDT_084,2026-06-06 03:49:00,ORD_002717,706.5,0,,,,
CUST_04503,PRDT_058,2026-07-20 18:34:00,ORD_002718,64.28,0,,,,
CUST_02672,PRDT_196,2026-07-21 07:45:00,ORD_002719,141.04,0,,,,
CUST_01502,PRDT_043,2026-07-24 19:56:00,ORD_002720,98.85,0,,,,
CUST_01472,PRDT_103,2026-07-27 16:03:00,ORD_002721,1410.21,0,,,,
CUST_04165,PRDT_199,2026-08-01 00:30:00,ORD_002722,296.03,0,,,,
CUST_04387,PRDT_187,2026-07-01 04:15:00,ORD_002723,299.06,0,,,,
CUST_02272,PRDT_055,2026-08-12 03:10:00,ORD_002724,132.87,0,,,,
CUST_02791,PRDT_008,2026-06-27 16:55:00,ORD_002725,114.91,0,,,,
CUST_04640,PRDT_172,2026-07-07 18:16:00,ORD_002726,187.76,0,,,,
CUST_00159,PRDT_077,2026-06-13 17:57:00,ORD_002727,901.05,0,,,,
CUST_01244,PRDT_131,2026-07-16 15:03:00,ORD_002728,163.64,0,,,,
CUST_00828,PRDT_167,2026-06-27 06:29:00,ORD_002729,187.29,0,,,,
CUST_02866,PRDT_188,2026-06-10 08:08:00,ORD_002730,191.08,0,,,,
CUST_01785,PRDT_142,2026-06-27 14:32:00,ORD_002731,1962.84,0,,,,
CUST_01729,PRDT_119,2026-07-17 21:11:00,ORD_002732,75.71,0,,,,
CUST_04678,PRDT_132,2026-08-13 03:04:00,ORD_002733,287.93,0,,,,
CUST_01303,PRDT_057,2026-08-04 19:15:00,ORD_002734,1831.39,0,,,,
CUST_04491,PRDT_024,2026-08-21 10:28:00,ORD_002735,1764.52,0,,,,
CUST_04554,PRDT_012,2026-08-17 13:19:00,ORD_002736,68.02,0,,,,
CUST_02314,PRDT_087,2026-07-03 21:10:00,ORD_002737,27.57,0,,,,
CUST_01761,PRDT_150,2026-07-23 22:33:00,ORD_002738,124.27,0,,,,
CUST_03992,PRDT_106,2026-07-29 00:55:00,ORD_002739,9.19,0,,,,
CUST_02482,PRDT_181,2026-08-04 22:58:00,ORD_002740,467.86,0,,,,
CUST_00646,PRDT_022,2026-06-28 14:12:00,ORD_002741,101.95,0,,,,
CUST_04629,PRDT_068,2026-07-02 10:26:00,ORD_002742,750.51,0,,,,
CUST_02596,PRDT_098,2026-08-07 07:43:00,ORD_002743,112.97,0,,,,
CUST_01136,PRDT_001,2026-06-22 22:29:00,ORD_002744,74.12,0,,,,
CUST_02236,PRDT_013,2026-08-06 09:56:00,ORD_002745,101.28,0,,,,
CUST_01412,PRDT_195,2026-08-07 07:00:00,ORD_002746,414.28,0,,,,
CUST_02426,PRDT_100,2026-06-09 06:07:00,ORD_002747,2387.01,0,,,,
CUST_00274,PRDT_114,2026-07-25 04:35:00,ORD_002748,168.5,0,,,,
CUST_02022,PRDT_021,2026-07-09 19:39:00,ORD_002749,204.62,0,,,,
CUST_03616,PRDT_167,2026-06-08 05:04:00,ORD_002750,187.29,0,,,,
CUST_03640,PRDT_042,2026-08-27 01:58:00,ORD_002751,36.71,0,,,,
CUST_00978,PRDT_137,2026-08-01 19:34:00,ORD_002752,110.22,0,,,,
CUST_03273,PRDT_098,2026-06-08 13:17:00,ORD_002753,112.97,0,,,,
CUST_02042,PRDT_065,2026-08-10 22:52:00,ORD_002754,142.85,0,,,,
CUST_02210,PRDT_026,2026-07-09 17:39:00,ORD_002755,1433.89,0,,,,
CUST_01075,PRDT_185,2026-08-26 06:47:00,ORD_002756,103.16,0,,,,
CUST_04530,PRDT_160,2026-06-13 19:05:00,ORD_002757,41.61,0,,,,
CUST_02897,PRDT_094,2026-07-23 05:08:00,ORD_002758,130.86,0,,,,
CUST_00632,PRDT_065,2026-07-14 11:28:00,ORD_002759,142.85,0,,,,
CUST_03502,PRDT_014,2026-08-05 13:38:00,ORD_002760,319.34,0,,,,
CUST_00289,PRDT_134,2026-06-01 23:05:00,ORD_002761,1093.53,0,,,,
CUST_00328,PRDT_166,2026-08-27 15:15:00,ORD_002762,160.57,0,,,,
CUST_00864,PRDT_051,2026-06-22 11:08:00,ORD_002763,78.57,0,,,,
CUST_02037,PRDT_165,2026-07-25 17:23:00,ORD_002764,166.0,0,,,,
CUST_00561,PRDT_057,2026-08-19 15:57:00,ORD_002765,1831.39,0,,,,
CUST_01903,PRDT_141,2026-06-20 10:23:00,ORD_002766,2127.86,0,,,,
CUST_03337,PRDT_035,2026-07-08 16:29:00,ORD_002767,2382.17,0,,,,
CUST_03289,PRDT_120,2026-07-06 06:47:00,ORD_002768,135.63,0,,,,
CUST_04281,PRDT_116,2026-08-19 10:11:00,ORD_002769,48.93,0,,,,
CUST_02719,PRDT_160,2026-08-25 03:14:00,ORD_002770,41.61,0,,,,
CUST_00753,PRDT_014,2026-07-18 09:00:00,ORD_002771,319.34,0,,,,
CUST_04291,PRDT_087,2026-06-30 14:06:00,ORD_002772,27.57,0,,,,
CUST_00227,PRDT_016,2026-06-21 06:30:00,ORD_002773,114.08,0,,,,
CUST_00271,PRDT_027,2026-07-15 11:40:00,ORD_002774,183.0,0,,,,
CUST_00735,PRDT_016,2026-08-11 00:12:00,ORD_002775,114.08,0,,,,
CUST_01320,PRDT_190,2026-07-04 03:56:00,ORD_002776,303.15,0,,,,
CUST_01575,PRDT_047,2026-08-10 13:56:00,ORD_002777,147.72,0,,,,
CUST_01490,PRDT_093,2026-06-16 21:28:00,ORD_002778,1413.29,0,,,,
CUST_02009,PRDT_105,2026-08-16 23:47:00,ORD_002779,149.47,0,,,,
CUST_01290,PRDT_049,2026-07-14 17:33:00,ORD_002780,124.11,0,,,,
CUST_04490,PRDT_146,2026-07-05 23:08:00,ORD_002781,254.53,0,,,,
CUST_02414,PRDT_127,2026-07-29 10:02:00,ORD_002782,1642.97,0,,,,
CUST_03278,PRDT_029,2026-07-31 15:10:00,ORD_002783,52.3,0,,,,
CUST_04838,PRDT_042,2026-06-02 23:17:00,ORD_002784,36.71,0,,,,
CUST_01452,PRDT_177,2026-08-19 02:13:00,ORD_002785,54.57,0,,,,
CUST_02416,PRDT_060,2026-08-26 19:12:00,ORD_002786,844.85,0,,,,
CUST_03451,PRDT_009,2026-06-14 04:11:00,ORD_002787,13.34,0,,,,
CUST_04741,PRDT_019,2026-08-16 00:08:00,ORD_002788,8.35,0,,,,
CUST_03826,PRDT_117,2026-07-26 09:11:00,ORD_002789,715.65,0,,,,
CUST_02402,PRDT_133,2026-08-04 10:03:00,ORD_002790,523.34,0,,,,
CUST_01137,PRDT_188,2026-06-28 04:37:00,ORD_002791,191.08,0,,,,
CUST_00238,PRDT_066,2026-06-19 19:19:00,ORD_002792,2431.92,0,,,,
CUST_04471,PRDT_090,2026-06-09 23:40:00,ORD_002793,661.38,0,,,,
CUST_01333,PRDT_003,2026-06-15 22:50:00,ORD_002794,190.19,0,,,,
CUST_04815,PRDT_099,2026-06-01 05:29:00,ORD_002795,100.84,0,,,,
CUST_04208,PRDT_142,2026-06-25 23:24:00,ORD_002796,1962.84,0,,,,
CUST_03810,PRDT_043,2026-06-12 17:21:00,ORD_002797,98.85,0,,,,
CUST_02427,PRDT_038,2026-08-25 20:51:00,ORD_002798,102.73,0,,,,
CUST_00992,PRDT_187,2026-08-26 02:51:00,ORD_002799,299.06,0,,,,
CUST_04712,PRDT_106,2026-08-28 06:43:00,ORD_002800,9.19,0,,,,
CUST_01826,PRDT_069,2026-08-23 05:41:00,ORD_002801,148.6,0,,,,
CUST_01659,PRDT_033,2026-06-16 03:56:00,ORD_002802,108.92,0,,,,
CUST_03240,PRDT_179,2026-08-07 00:44:00,ORD_002803,55.69,0,,,,
CUST_00126,PRDT_184,2026-06-15 17:07:00,ORD_002804,122.54,0,,,,
CUST_00027,PRDT_118,2026-08-03 18:45:00,ORD_002805,1359.47,0,,,,
CUST_04686,PRDT_006,2026-07-26 10:42:00,ORD_002806,1779.93,0,,,,
CUST_03189,PRDT_097,2026-06-29 07:59:00,ORD_002807,248.93,0,,,,
CUST_01098,PRDT_015,2026-07-22 23:57:00,ORD_002808,55.78,0,,,,
CUST_02317,PRDT_046,2026-08-14 08:50:00,ORD_002809,331.76,0,,,,
CUST_03276,PRDT_194,2026-08-07 22:26:00,ORD_002810,229.6,0,,,,
CUST_04770,PRDT_014,2026-07-28 04:13:00,ORD_002811,319.34,0,,,,
CUST_01099,PRDT_151,2026-06-16 01:24:00,ORD_002812,2453.59,0,,,,
CUST_00700,PRDT_143,2026-08-06 17:35:00,ORD_002813,108.54,0,,,,
CUST_04612,PRDT_086,2026-08-22 16:20:00,ORD_002814,57.99,0,,,,
CUST_04765,PRDT_139,2026-06-27 13:28:00,ORD_002815,230.06,0,,,,
CUST_04826,PRDT_046,2026-06-09 19:50:00,ORD_002816,331.76,0,,,,
CUST_00220,PRDT_118,2026-06-03 22:28:00,ORD_002817,1359.47,0,,,,
CUST_01226,PRDT_056,2026-08-27 13:42:00,ORD_002818,134.06,0,,,,
CUST_01533,PRDT_085,2026-07-14 19:23:00,ORD_002819,169.89,0,,,,
CUST_02015,PRDT_168,2026-07-26 03:01:00,ORD_002820,2413.28,0,,,,
CUST_02677,PRDT_052,2026-08-25 12:56:00,ORD_002821,55.84,0,,,,
CUST_00269,PRDT_097,2026-08-17 07:59:00,ORD_002822,248.93,0,,,,
CUST_02506,PRDT_139,2026-06-22 16:35:00,ORD_002823,230.06,0,,,,
CUST_02247,PRDT_166,2026-06-30 10:16:00,ORD_002824,160.57,0,,,,
CUST_02025,PRDT_145,2026-08-29 17:43:00,ORD_002825,1240.47,0,,,,
CUST_03462,PRDT_098,2026-06-26 10:09:00,ORD_002826,112.97,0,,,,
CUST_02874,PRDT_116,2026-06-06 01:00:00,ORD_002827,48.93,0,,,,
CUST_00007,PRDT_127,2026-07-07 15:14:00,ORD_002828,1642.97,0,,,,
CUST_04855,PRDT_198,2026-07-18 06:32:00,ORD_002829,255.77,0,,,,
CUST_04474,PRDT_152,2026-07-19 13:47:00,ORD_002830,922.81,0,,,,
CUST_02650,PRDT_192,2026-06-28 23:00:00,ORD_002831,34.45,0,,,,
CUST_00859,PRDT_170,2026-06-14 17:10:00,ORD_002832,169.92,0,,,,
CUST_02198,PRDT_094,2026-06-14 17:17:00,ORD_002833,130.86,0,,,,
CUST_00473,PRDT_095,2026-07-31 23:33:00,ORD_002834,574.9,0,,,,
CUST_01844,PRDT_131,2026-07-14 16:34:00,ORD_002835,163.64,0,,,,
CUST_00367,PRDT_030,2026-06-20 14:34:00,ORD_002836,282.03,0,,,,
CUST_01837,PRDT_098,2026-08-18 15:31:00,ORD_002837,112.97,0,,,,
CUST_01072,PRDT_080,2026-08-23 16:58:00,ORD_002838,509.71,0,,,,
CUST_03070,PRDT_183,2026-06-08 05:12:00,ORD_002839,73.46,0,,,,
CUST_04310,PRDT_152,2026-08-12 14:58:00,ORD_002840,922.81,0,,,,
CUST_03679,PRDT_029,2026-08-02 12:54:00,ORD_002841,52.3,0,,,,
CUST_01953,PRDT_189,2026-07-19 08:34:00,ORD_002842,142.49,0,,,,
CUST_02217,PRDT_026,2026-06-21 01:44:00,ORD_002843,1433.89,0,,,,
CUST_03682,PRDT_018,2026-07-13 10:07:00,ORD_002844,76.3,0,,,,
CUST_02595,PRDT_162,2026-07-20 00:15:00,ORD_002845,58.28,0,,,,
CUST_00183,PRDT_199,2026-06-07 07:01:00,ORD_002846,296.03,0,,,,
CUST_04512,PRDT_005,2026-06-05 17:05:00,ORD_002847,1485.06,0,,,,
CUST_03020,PRDT_132,2026-06-09 00:06:00,ORD_002848,287.93,0,,,,
CUST_04687,PRDT_185,2026-07-11 17:07:00,ORD_002849,103.16,0,,,,
CUST_03872,PRDT_192,2026-08-12 09:22:00,ORD_002850,34.45,0,,,,
CUST_01962,PRDT_147,2026-07-09 04:46:00,ORD_002851,307.76,0,,,,
CUST_04829,PRDT_150,2026-07-05 02:28:00,ORD_002852,124.27,0,,,,
CUST_00726,PRDT_037,2026-06-02 19:15:00,ORD_002853,349.54,0,,,,
CUST_01232,PRDT_001,2026-08-17 17:12:00,ORD_002854,74.12,0,,,,
CUST_03313,PRDT_083,2026-06-02 23:11:00,ORD_002855,131.69,0,,,,
CUST_00676,PRDT_050,2026-06-07 20:46:00,ORD_002856,850.64,0,,,,
CUST_04887,PRDT_158,2026-06-23 18:52:00,ORD_002857,154.31,0,,,,
CUST_01170,PRDT_130,2026-07-21 04:43:00,ORD_002858,160.05,0,,,,
CUST_00275,PRDT_188,2026-08-19 21:35:00,ORD_002859,191.08,0,,,,
CUST_03097,PRDT_162,2026-07-08 05:40:00,ORD_002860,58.28,0,,,,
CUST_00603,PRDT_172,2026-07-06 07:23:00,ORD_002861,187.76,0,,,,
CUST_02575,PRDT_004,2026-08-05 22:18:00,ORD_002862,102.98,0,,,,
CUST_04984,PRDT_189,2026-06-15 06:48:00,ORD_002863,142.49,0,,,,
CUST_04098,PRDT_115,2026-06-07 09:33:00,ORD_002864,1294.79,0,,,,
CUST_03947,PRDT_002,2026-08-26 19:24:00,ORD_002865,89.49,0,,,,
CUST_02051,PRDT_058,2026-07-22 00:09:00,ORD_002866,64.28,0,,,,
CUST_01338,PRDT_192,2026-07-09 13:47:00,ORD_002867,34.45,0,,,,
CUST_04346,PRDT_149,2026-06-04 11:36:00,ORD_002868,115.45,0,,,,
CUST_03489,PRDT_028,2026-08-04 18:09:00,ORD_002869,947.88,0,,,,
CUST_02185,PRDT_077,2026-08-09 01:42:00,ORD_002870,901.05,0,,,,
CUST_00616,PRDT_091,2026-07-29 14:28:00,ORD_002871,239.85,0,,,,
CUST_03308,PRDT_188,2026-07-22 13:48:00,ORD_002872,191.08,0,,,,
CUST_04807,PRDT_007,2026-08-13 23:21:00,ORD_002873,766.37,0,,,,
CUST_01402,PRDT_106,2026-07-01 04:13:00,ORD_002874,9.19,0,,,,
CUST_04512,PRDT_092,2026-07-05 09:40:00,ORD_002875,136.97,0,,,,
CUST_01911,PRDT_072,2026-07-04 08:49:00,ORD_002876,90.01,1,CMP_010,EVT_013886,2026-07-02 19:49:00,1.54
CUST_02140,PRDT_020,2026-07-24 12:40:00,ORD_002877,2003.07,1,CMP_022,EVT_028779,2026-07-17 22:40:00,6.58
CUST_02969,PRDT_132,2026-07-17 14:42:00,ORD_002878,287.93,1,CMP_024,EVT_018646,2026-07-12 08:42:00,5.25
CUST_02346,PRDT_140,2026-07-14 04:22:00,ORD_002879,2011.11,1,CMP_005,EVT_044584,2026-07-11 00:22:00,3.17
CUST_03027,PRDT_094,2026-08-01 20:25:00,ORD_002880,130.86,1,CMP_014,EVT_038211,2026-07-29 03:25:00,3.71
CUST_01554,PRDT_055,2026-08-23 13:48:00,ORD_002881,132.87,1,CMP_033,EVT_001147,2026-08-17 12:48:00,6.04
CUST_04419,PRDT_144,2026-06-23 14:16:00,ORD_002882,22.81,1,CMP_018,EVT_013966,2026-06-17 12:16:00,6.08
CUST_02854,PRDT_008,2026-07-16 23:39:00,ORD_002883,114.91,1,CMP_020,EVT_015231,2026-07-16 03:39:00,0.83
CUST_02960,PRDT_024,2026-06-17 05:07:00,ORD_002884,1764.52,1,CMP_047,EVT_049557,2026-06-12 16:07:00,4.54
CUST_01508,PRDT_174,2026-07-25 11:53:00,ORD_002885,1758.38,1,CMP_012,EVT_049179,2026-07-23 22:53:00,1.54
CUST_01628,PRDT_163,2026-08-16 19:00:00,ORD_002886,2491.25,1,CMP_016,EVT_027664,2026-08-16 12:00:00,0.29
CUST_04235,PRDT_190,2026-06-09 13:28:00,ORD_002887,303.15,1,CMP_050,EVT_030841,2026-06-05 15:28:00,3.92
CUST_02196,PRDT_088,2026-08-01 16:51:00,ORD_002888,384.25,1,CMP_016,EVT_026476,2026-07-30 16:51:00,2.0
CUST_02493,PRDT_039,2026-07-04 05:43:00,ORD_002889,246.26,1,CMP_031,EVT_016014,2026-06-29 01:43:00,5.17
CUST_01689,PRDT_064,2026-08-28 04:37:00,ORD_002890,482.29,1,CMP_024,EVT_033454,2026-08-25 07:37:00,2.88
CUST_04792,PRDT_183,2026-07-29 04:19:00,ORD_002891,73.46,1,CMP_009,EVT_027100,2026-07-24 21:19:00,4.29
CUST_01170,PRDT_131,2026-08-30 01:19:00,ORD_002892,163.64,1,CMP_029,EVT_036156,2026-08-26 19:19:00,3.25
CUST_00312,PRDT_016,2026-07-15 23:53:00,ORD_002893,114.08,1,CMP_014,EVT_029185,2026-07-15 09:53:00,0.58
CUST_01013,PRDT_149,2026-07-10 14:00:00,ORD_002894,115.45,1,CMP_010,EVT_046441,2026-07-06 04:00:00,4.42
CUST_01856,PRDT_023,2026-08-23 08:11:00,ORD_002895,1375.82,1,CMP_028,EVT_020841,2026-08-23 05:11:00,0.12
CUST_02037,PRDT_011,2026-07-20 06:17:00,ORD_002896,40.62,1,CMP_044,EVT_027391,2026-07-14 13:17:00,5.71
CUST_00291,PRDT_176,2026-06-22 13:06:00,ORD_002897,49.82,1,CMP_035,EVT_027932,2026-06-17 07:06:00,5.25
CUST_02948,PRDT_180,2026-06-07 21:48:00,ORD_002898,121.51,1,CMP_008,EVT_012568,2026-06-01 14:48:00,6.29
CUST_04049,PRDT_172,2026-08-22 14:05:00,ORD_002899,187.76,1,CMP_042,EVT_020737,2026-08-22 12:05:00,0.08
CUST_02773,PRDT_029,2026-06-30 02:42:00,ORD_002900,52.3,1,CMP_045,EVT_044094,2026-06-28 09:42:00,1.71
CUST_01847,PRDT_115,2026-06-24 10:21:00,ORD_002901,1294.79,1,CMP_002,EVT_000297,2026-06-17 21:21:00,6.54
CUST_02490,PRDT_158,2026-07-14 07:53:00,ORD_002902,154.31,1,CMP_042,EVT_046932,2026-07-10 15:53:00,3.67
CUST_00845,PRDT_158,2026-08-19 03:20:00,ORD_002903,154.31,1,CMP_030,EVT_037807,2026-08-12 17:20:00,6.42
CUST_01418,PRDT_174,2026-07-09 00:35:00,ORD_002904,1758.38,1,CMP_016,EVT_026260,2026-07-06 18:35:00,2.25
CUST_02606,PRDT_008,2026-08-06 05:43:00,ORD_002905,114.91,1,CMP_010,EVT_020777,2026-08-04 16:43:00,1.54
CUST_00939,PRDT_154,2026-06-13 16:40:00,ORD_002906,25.64,1,CMP_048,EVT_047689,2026-06-07 19:40:00,5.88
CUST_03142,PRDT_160,2026-06-25 10:52:00,ORD_002907,41.61,1,CMP_001,EVT_029205,2026-06-21 01:52:00,4.38
CUST_03712,PRDT_095,2026-08-09 11:30:00,ORD_002908,574.9,1,CMP_016,EVT_025194,2026-08-07 23:30:00,1.5
CUST_01332,PRDT_057,2026-07-22 03:14:00,ORD_002909,1831.39,1,CMP_027,EVT_049159,2026-07-17 02:14:00,5.04
CUST_04964,PRDT_176,2026-07-31 11:31:00,ORD_002910,49.82,1,CMP_004,EVT_036042,2026-07-25 06:31:00,6.21
CUST_04041,PRDT_196,2026-06-26 21:58:00,ORD_002911,141.04,1,CMP_031,EVT_043370,2026-06-23 14:58:00,3.29
CUST_04245,PRDT_024,2026-08-18 01:14:00,ORD_002912,1764.52,1,CMP_023,EVT_031756,2026-08-13 15:14:00,4.42
CUST_04062,PRDT_002,2026-08-19 14:35:00,ORD_002913,89.49,1,CMP_040,EVT_043779,2026-08-19 03:35:00,0.46
CUST_03350,PRDT_118,2026-07-18 00:26:00,ORD_002914,1359.47,1,CMP_028,EVT_031933,2026-07-17 23:26:00,0.04
CUST_01383,PRDT_167,2026-09-02 17:50:00,ORD_002915,187.29,1,CMP_035,EVT_026823,2026-08-26 20:50:00,6.88
CUST_01357,PRDT_098,2026-06-26 07:37:00,ORD_002916,112.97,1,CMP_006,EVT_013319,2026-06-22 04:37:00,4.12
CUST_00226,PRDT_054,2026-08-28 18:34:00,ORD_002917,1106.76,1,CMP_047,EVT_016010,2026-08-24 09:34:00,4.38
CUST_02615,PRDT_088,2026-08-19 17:27:00,ORD_002918,384.25,1,CMP_015,EVT_037452,2026-08-13 09:27:00,6.33
CUST_04172,PRDT_059,2026-06-14 03:18:00,ORD_002919,53.89,1,CMP_044,EVT_005508,2026-06-09 21:18:00,4.25
CUST_03353,PRDT_054,2026-08-17 20:29:00,ORD_002920,1106.76,1,CMP_023,EVT_014903,2026-08-12 13:29:00,5.29
CUST_02663,PRDT_054,2026-07-25 09:11:00,ORD_002921,1106.76,1,CMP_023,EVT_010640,2026-07-19 20:11:00,5.54
CUST_01070,PRDT_095,2026-08-22 18:20:00,ORD_002922,574.9,1,CMP_012,EVT_006198,2026-08-16 17:20:00,6.04
CUST_02693,PRDT_101,2026-07-24 15:58:00,ORD_002923,1215.68,1,CMP_021,EVT_025734,2026-07-20 16:58:00,3.96
CUST_00354,PRDT_147,2026-07-24 14:01:00,ORD_002924,307.76,1,CMP_022,EVT_047347,2026-07-23 22:01:00,0.67
CUST_03865,PRDT_169,2026-07-04 03:10:00,ORD_002925,27.52,1,CMP_013,EVT_047782,2026-06-29 06:10:00,4.88
CUST_03335,PRDT_092,2026-06-02 15:56:00,ORD_002926,136.97,1,CMP_036,EVT_049998,2026-06-02 04:56:00,0.46
CUST_04008,PRDT_168,2026-08-23 17:37:00,ORD_002927,2413.28,1,CMP_040,EVT_004933,2026-08-20 10:37:00,3.29
CUST_03102,PRDT_054,2026-08-10 19:59:00,ORD_002928,1106.76,1,CMP_047,EVT_044881,2026-08-10 01:59:00,0.75
CUST_04313,PRDT_078,2026-08-02 09:10:00,ORD_002929,71.19,1,CMP_018,EVT_028163,2026-07-27 09:10:00,6.0
CUST_04890,PRDT_177,2026-07-10 19:12:00,ORD_002930,54.57,1,CMP_009,EVT_008622,2026-07-08 07:12:00,2.5
CUST_02388,PRDT_163,2026-07-15 03:51:00,ORD_002931,2491.25,1,CMP_041,EVT_029573,2026-07-12 05:51:00,2.92
CUST_02375,PRDT_146,2026-07-29 18:11:00,ORD_002932,254.53,1,CMP_044,EVT_015573,2026-07-24 14:11:00,5.17
CUST_04886,PRDT_160,2026-06-29 07:30:00,ORD_002933,41.61,1,CMP_042,EVT_039765,2026-06-26 08:30:00,2.96
CUST_04132,PRDT_174,2026-08-28 00:55:00,ORD_002934,1758.38,1,CMP_041,EVT_003715,2026-08-27 07:55:00,0.71
CUST_03300,PRDT_139,2026-08-02 10:12:00,ORD_002935,230.06,1,CMP_031,EVT_007698,2026-07-27 04:12:00,6.25
CUST_02241,PRDT_185,2026-06-10 14:13:00,ORD_002936,103.16,1,CMP_006,EVT_023636,2026-06-06 20:13:00,3.75
CUST_04557,PRDT_005,2026-06-10 23:19:00,ORD_002937,1485.06,1,CMP_029,EVT_028425,2026-06-08 06:19:00,2.71
CUST_04211,PRDT_016,2026-08-14 09:46:00,ORD_002938,114.08,1,CMP_036,EVT_046231,2026-08-10 16:46:00,3.71
CUST_00068,PRDT_194,2026-07-12 22:15:00,ORD_002939,229.6,1,CMP_005,EVT_022174,2026-07-07 10:15:00,5.5
CUST_01710,PRDT_123,2026-08-27 22:32:00,ORD_002940,69.74,1,CMP_018,EVT_004708,2026-08-22 23:32:00,4.96
CUST_01918,PRDT_088,2026-07-02 22:43:00,ORD_002941,384.25,1,CMP_015,EVT_033252,2026-06-30 20:43:00,2.08
CUST_03160,PRDT_093,2026-06-17 20:00:00,ORD_002942,1413.29,1,CMP_024,EVT_021243,2026-06-17 02:00:00,0.75
CUST_02578,PRDT_005,2026-07-24 06:32:00,ORD_002943,1485.06,1,CMP_003,EVT_019845,2026-07-17 08:32:00,6.92
CUST_03379,PRDT_045,2026-07-12 05:16:00,ORD_002944,143.89,1,CMP_037,EVT_033744,2026-07-08 02:16:00,4.12
CUST_01522,PRDT_065,2026-08-26 23:31:00,ORD_002945,142.85,1,CMP_034,EVT_008452,2026-08-23 20:31:00,3.12
CUST_03598,PRDT_094,2026-06-17 16:40:00,ORD_002946,130.86,1,CMP_006,EVT_044202,2026-06-12 21:40:00,4.79
CUST_04951,PRDT_134,2026-07-09 11:50:00,ORD_002947,1093.53,1,CMP_002,EVT_001141,2026-07-03 12:50:00,5.96
CUST_02164,PRDT_070,2026-07-15 07:09:00,ORD_002948,948.7,1,CMP_049,EVT_030261,2026-07-10 09:09:00,4.92
CUST_03142,PRDT_155,2026-07-02 21:18:00,ORD_002949,279.65,1,CMP_014,EVT_007707,2026-06-29 17:18:00,3.17
CUST_01898,PRDT_095,2026-08-21 00:47:00,ORD_002950,574.9,1,CMP_011,EVT_000346,2026-08-20 21:47:00,0.12
CUST_02622,PRDT_150,2026-07-05 11:51:00,ORD_002951,124.27,1,CMP_001,EVT_019546,2026-06-28 22:51:00,6.54
CUST_00888,PRDT_072,2026-08-25 05:06:00,ORD_002952,90.01,1,CMP_010,EVT_006394,2026-08-19 19:06:00,5.42
CUST_02179,PRDT_072,2026-06-15 03:02:00,ORD_002953,90.01,1,CMP_001,EVT_046767,2026-06-14 17:02:00,0.42
CUST_01809,PRDT_124,2026-06-21 12:42:00,ORD_002954,2248.76,1,CMP_026,EVT_000203,2026-06-18 09:42:00,3.12
CUST_00804,PRDT_173,2026-07-17 22:09:00,ORD_002955,109.75,1,CMP_013,EVT_033803,2026-07-14 09:09:00,3.54
CUST_03859,PRDT_054,2026-08-16 12:50:00,ORD_002956,1106.76,1,CMP_023,EVT_035922,2026-08-13 09:50:00,3.12
CUST_04696,PRDT_023,2026-06-06 19:07:00,ORD_002957,1375.82,1,CMP_028,EVT_022774,2026-06-03 04:07:00,3.62
CUST_01884,PRDT_095,2026-07-23 18:25:00,ORD_002958,574.9,1,CMP_046,EVT_014332,2026-07-19 21:25:00,3.88
CUST_03481,PRDT_054,2026-07-14 09:38:00,ORD_002959,1106.76,1,CMP_023,EVT_017639,2026-07-13 07:38:00,1.08
CUST_00555,PRDT_091,2026-08-13 06:00:00,ORD_002960,239.85,1,CMP_033,EVT_019253,2026-08-12 01:00:00,1.21
CUST_00290,PRDT_117,2026-07-30 03:38:00,ORD_002961,715.65,1,CMP_049,EVT_010409,2026-07-24 09:38:00,5.75
CUST_04653,PRDT_010,2026-07-17 23:02:00,ORD_002962,115.38,1,CMP_008,EVT_006649,2026-07-13 16:02:00,4.29
CUST_02143,PRDT_189,2026-07-26 06:52:00,ORD_002963,142.49,1,CMP_014,EVT_012255,2026-07-25 03:52:00,1.12
CUST_04554,PRDT_174,2026-06-21 15:25:00,ORD_002964,1758.38,1,CMP_015,EVT_017481,2026-06-15 02:25:00,6.54
CUST_02305,PRDT_024,2026-08-03 08:15:00,ORD_002965,1764.52,1,CMP_047,EVT_037740,2026-07-31 01:15:00,3.29
CUST_02663,PRDT_099,2026-06-17 05:27:00,ORD_002966,100.84,1,CMP_039,EVT_016836,2026-06-15 18:27:00,1.46
CUST_03174,PRDT_097,2026-08-27 02:12:00,ORD_002967,248.93,1,CMP_047,EVT_007079,2026-08-23 16:12:00,3.42
CUST_01695,PRDT_160,2026-06-17 12:13:00,ORD_002968,41.61,1,CMP_020,EVT_011500,2026-06-14 16:13:00,2.83
CUST_00392,PRDT_014,2026-08-05 23:54:00,ORD_002969,319.34,1,CMP_040,EVT_003120,2026-08-04 01:54:00,1.92
CUST_02104,PRDT_091,2026-08-25 12:24:00,ORD_002970,239.85,1,CMP_033,EVT_034375,2026-08-21 06:24:00,4.25
CUST_02109,PRDT_008,2026-08-20 23:34:00,ORD_002971,114.91,1,CMP_030,EVT_037550,2026-08-14 15:34:00,6.33
CUST_03020,PRDT_024,2026-08-23 14:10:00,ORD_002972,1764.52,1,CMP_047,EVT_028631,2026-08-18 03:10:00,5.46
CUST_00771,PRDT_018,2026-06-11 04:05:00,ORD_002973,76.3,1,CMP_025,EVT_037208,2026-06-08 06:05:00,2.92
CUST_01632,PRDT_165,2026-08-10 18:13:00,ORD_002974,166.0,1,CMP_029,EVT_027857,2026-08-06 16:13:00,4.08
CUST_01284,PRDT_157,2026-07-01 19:24:00,ORD_002975,528.89,1,CMP_046,EVT_000654,2026-06-29 08:24:00,2.46
CUST_03713,PRDT_081,2026-06-24 01:12:00,ORD_002976,103.77,1,CMP_034,EVT_004323,2026-06-18 20:12:00,5.21
CUST_00950,PRDT_163,2026-08-28 12:07:00,ORD_002977,2491.25,1,CMP_015,EVT_004211,2026-08-27 13:07:00,0.96
CUST_04847,PRDT_098,2026-08-03 06:56:00,ORD_002978,112.97,1,CMP_014,EVT_013044,2026-08-02 06:56:00,1.0
CUST_01986,PRDT_063,2026-07-01 14:40:00,ORD_002979,375.93,1,CMP_002,EVT_003453,2026-06-30 13:40:00,1.04
CUST_00804,PRDT_066,2026-08-18 14:05:00,ORD_002980,2431.92,1,CMP_022,EVT_005992,2026-08-16 23:05:00,1.62
CUST_03668,PRDT_141,2026-08-12 05:39:00,ORD_002981,2127.86,1,CMP_015,EVT_004413,2026-08-07 22:39:00,4.29
CUST_01811,PRDT_040,2026-07-27 11:47:00,ORD_002982,1080.32,1,CMP_028,EVT_029414,2026-07-26 17:47:00,0.75
CUST_04539,PRDT_071,2026-07-10 14:34:00,ORD_002983,159.75,1,CMP_019,EVT_033490,2026-07-06 05:34:00,4.38
CUST_02487,PRDT_004,2026-07-28 23:06:00,ORD_002984,102.98,1,CMP_032,EVT_021041,2026-07-24 01:06:00,4.92
CUST_03328,PRDT_117,2026-07-13 13:29:00,ORD_002985,715.65,1,CMP_049,EVT_011362,2026-07-08 09:29:00,5.17
CUST_03713,PRDT_081,2026-06-23 22:12:00,ORD_002986,103.77,1,CMP_034,EVT_004323,2026-06-18 20:12:00,5.08
CUST_03758,PRDT_143,2026-06-20 07:44:00,ORD_002987,108.54,1,CMP_019,EVT_029683,2026-06-15 05:44:00,5.08
CUST_02942,PRDT_200,2026-07-06 11:46:00,ORD_002988,689.76,1,CMP_039,EVT_022977,2026-07-03 06:46:00,3.21
CUST_00203,PRDT_098,2026-06-17 22:42:00,ORD_002989,112.97,1,CMP_014,EVT_039144,2026-06-15 02:42:00,2.83
CUST_01852,PRDT_071,2026-06-10 20:00:00,ORD_002990,159.75,1,CMP_025,EVT_049623,2026-06-08 12:00:00,2.33
CUST_00269,PRDT_054,2026-07-15 13:40:00,ORD_002991,1106.76,1,CMP_021,EVT_006609,2026-07-08 21:40:00,6.67
CUST_02938,PRDT_033,2026-08-10 04:17:00,ORD_002992,108.92,1,CMP_044,EVT_008748,2026-08-07 11:17:00,2.71
CUST_02406,PRDT_088,2026-07-24 05:58:00,ORD_002993,384.25,1,CMP_016,EVT_038771,2026-07-24 00:58:00,0.21
CUST_03658,PRDT_013,2026-07-09 03:43:00,ORD_002994,101.28,1,CMP_019,EVT_022670,2026-07-02 22:43:00,6.21
CUST_00044,PRDT_124,2026-06-22 20:53:00,ORD_002995,2248.76,1,CMP_027,EVT_025594,2026-06-21 01:53:00,1.79
CUST_00119,PRDT_157,2026-07-09 01:48:00,ORD_002996,528.89,1,CMP_012,EVT_015116,2026-07-08 05:48:00,0.83
CUST_00060,PRDT_124,2026-06-09 15:56:00,ORD_002997,2248.76,1,CMP_002,EVT_010681,2026-06-04 09:56:00,5.25
CUST_04323,PRDT_047,2026-08-09 05:37:00,ORD_002998,147.72,1,CMP_035,EVT_009960,2026-08-08 22:37:00,0.29
CUST_00387,PRDT_068,2026-08-09 10:40:00,ORD_002999,750.51,1,CMP_040,EVT_011640,2026-08-02 15:40:00,6.79
CUST_02104,PRDT_091,2026-08-25 22:24:00,ORD_003000,239.85,1,CMP_033,EVT_034375,2026-08-21 06:24:00,4.67
